record_type,bridge_rule,comparison,block_geoid,slr_ft,block_centroid_inundated,block_centroid_isolated,block_centroid_redundant,block_centroid_fragile,scenario_status,block_centroid_unclassified,status_flag_sum
status_partition_violation,intersect,,120119800001012,0,0,0,0,0,unclassified,1,0
status_partition_violation,intersect,,120119800001014,0,0,0,0,0,unclassified,1,0
status_partition_violation,intersect,,120119800001020,0,0,0,0,0,unclassified,1,0
status_partition_violation,intersect,,120119800001021,0,0,0,0,0,unclassified,1,0
status_partition_violation,intersect,,120119800001022,0,0,0,0,0,unclassified,1,0
status_partition_violation,intersect,,120119800001023,0,0,0,0,0,unclassified,1,0
status_partition_violation,intersect,,120119800001024,0,0,0,0,0,unclassified,1,0
status_partition_violation,intersect,,120119800001037,0,0,0,0,0,unclassified,1,0
status_partition_violation,intersect,,120119800001050,0,0,0,0,0,unclassified,1,0
status_partition_violation,intersect,,120119800001051,0,0,0,0,0,unclassified,1,0
status_partition_violation,intersect,,120119800001052,0,0,0,0,0,unclassified,1,0
status_partition_violation,intersect,,120119800001053,0,0,0,0,0,unclassified,1,0
status_partition_violation,intersect,,120119800001057,0,0,0,0,0,unclassified,1,0
status_partition_violation,intersect,,120119800001058,0,0,0,0,0,unclassified,1,0
status_partition_violation,intersect,,120119800001059,0,0,0,0,0,unclassified,1,0
status_partition_violation,intersect,,120119800001072,0,0,0,0,0,unclassified,1,0
status_partition_violation,intersect,,120860107061000,0,0,0,0,0,unclassified,1,0
status_partition_violation,intersect,,120860114081056,0,0,0,0,0,unclassified,1,0
status_partition_violation,intersect,,120860114081057,0,0,0,0,0,unclassified,1,0
status_partition_violation,intersect,,120860114081058,0,0,0,0,0,unclassified,1,0
status_partition_violation,intersect,,120860114081060,0,0,0,0,0,unclassified,1,0
status_partition_violation,intersect,,120860114081069,0,0,0,0,0,unclassified,1,0
status_partition_violation,intersect,,120860114081071,0,0,0,0,0,unclassified,1,0
status_partition_violation,intersect,,120860114081072,0,0,0,0,0,unclassified,1,0
status_partition_violation,intersect,,120860114081073,0,0,0,0,0,unclassified,1,0
status_partition_violation,intersect,,120860114081074,0,0,0,0,0,unclassified,1,0
status_partition_violation,intersect,,120860114081089,0,0,0,0,0,unclassified,1,0
status_partition_violation,intersect,,120860114081090,0,0,0,0,0,unclassified,1,0
status_partition_violation,intersect,,120860114081091,0,0,0,0,0,unclassified,1,0
status_partition_violation,intersect,,120860114081092,0,0,0,0,0,unclassified,1,0
status_partition_violation,intersect,,120860114081096,0,0,0,0,0,unclassified,1,0
status_partition_violation,intersect,,120860114081099,0,0,0,0,0,unclassified,1,0
status_partition_violation,intersect,,120860114081100,0,0,0,0,0,unclassified,1,0
status_partition_violation,intersect,,120860114081112,0,0,0,0,0,unclassified,1,0
status_partition_violation,intersect,,120860114081119,0,0,0,0,0,unclassified,1,0
status_partition_violation,intersect,,120860114123040,0,0,0,0,0,unclassified,1,0
status_partition_violation,intersect,,120860114123053,0,0,0,0,0,unclassified,1,0
status_partition_violation,intersect,,120860114123055,0,0,0,0,0,unclassified,1,0
status_partition_violation,intersect,,120860114123056,0,0,0,0,0,unclassified,1,0
status_partition_violation,intersect,,120860114123057,0,0,0,0,0,unclassified,1,0
status_partition_violation,intersect,,120860114123058,0,0,0,0,0,unclassified,1,0
status_partition_violation,intersect,,120860114123059,0,0,0,0,0,unclassified,1,0
status_partition_violation,intersect,,120860115003000,0,0,0,0,0,unclassified,1,0
status_partition_violation,intersect,,120860115003001,0,0,0,0,0,unclassified,1,0
status_partition_violation,intersect,,120860115003002,0,0,0,0,0,unclassified,1,0
status_partition_violation,intersect,,120860115003003,0,0,0,0,0,unclassified,1,0
status_partition_violation,intersect,,120860115003004,0,0,0,0,0,unclassified,1,0
status_partition_violation,intersect,,120860115003005,0,0,0,0,0,unclassified,1,0
status_partition_violation,intersect,,120860115003006,0,0,0,0,0,unclassified,1,0
status_partition_violation,intersect,,120860115003007,0,0,0,0,0,unclassified,1,0
status_partition_violation,intersect,,120860115003022,0,0,0,0,0,unclassified,1,0
status_partition_violation,intersect,,120860115003023,0,0,0,0,0,unclassified,1,0
status_partition_violation,intersect,,120860115003030,0,0,0,0,0,unclassified,1,0
status_partition_violation,intersect,,120860115003031,0,0,0,0,0,unclassified,1,0
status_partition_violation,intersect,,120860115003032,0,0,0,0,0,unclassified,1,0
status_partition_violation,intersect,,120860115003033,0,0,0,0,0,unclassified,1,0
status_partition_violation,intersect,,120860115003034,0,0,0,0,0,unclassified,1,0
status_partition_violation,intersect,,120860115003035,0,0,0,0,0,unclassified,1,0
status_partition_violation,intersect,,120860115003039,0,0,0,0,0,unclassified,1,0
status_partition_violation,intersect,,120860115003041,0,0,0,0,0,unclassified,1,0
status_partition_violation,intersect,,120860115003046,0,0,0,0,0,unclassified,1,0
status_partition_violation,intersect,,120860115003050,0,0,0,0,0,unclassified,1,0
status_partition_violation,intersect,,120860115003051,0,0,0,0,0,unclassified,1,0
status_partition_violation,intersect,,120860115003113,0,0,0,0,0,unclassified,1,0
status_partition_violation,intersect,,120860115003152,0,0,0,0,0,unclassified,1,0
status_partition_violation,intersect,,120860115003155,0,0,0,0,0,unclassified,1,0
status_partition_violation,intersect,,120860141001037,0,0,0,0,0,unclassified,1,0
status_partition_violation,intersect,,120869801001001,0,0,0,0,0,unclassified,1,0
status_partition_violation,intersect,,120869801001004,0,0,0,0,0,unclassified,1,0
status_partition_violation,intersect,,120869801001005,0,0,0,0,0,unclassified,1,0
status_partition_violation,intersect,,120869801001007,0,0,0,0,0,unclassified,1,0
status_partition_violation,intersect,,120869811001029,0,0,0,0,0,unclassified,1,0
status_partition_violation,intersect,,120869811001031,0,0,0,0,0,unclassified,1,0
status_partition_violation,intersect,,120869811001032,0,0,0,0,0,unclassified,1,0
status_partition_violation,intersect,,120869811001033,0,0,0,0,0,unclassified,1,0
status_partition_violation,intersect,,120869811001034,0,0,0,0,0,unclassified,1,0
status_partition_violation,intersect,,120869811001035,0,0,0,0,0,unclassified,1,0
status_partition_violation,intersect,,120869811001037,0,0,0,0,0,unclassified,1,0
status_partition_violation,intersect,,120869811001039,0,0,0,0,0,unclassified,1,0
status_partition_violation,intersect,,120869811001040,0,0,0,0,0,unclassified,1,0
status_partition_violation,intersect,,120869811001064,0,0,0,0,0,unclassified,1,0
status_partition_violation,intersect,,120869811001068,0,0,0,0,0,unclassified,1,0
status_partition_violation,intersect,,120869812001023,0,0,0,0,0,unclassified,1,0
status_partition_violation,intersect,,120869900000027,0,0,0,0,0,unclassified,1,0
status_partition_violation,intersect,,120990077211004,0,0,0,0,0,unclassified,1,0
status_partition_violation,intersect,,120990077211008,0,0,0,0,0,unclassified,1,0
status_partition_violation,intersect,,120990079151002,0,0,0,0,0,unclassified,1,0
status_partition_violation,intersect,,120990079151018,0,0,0,0,0,unclassified,1,0
status_partition_violation,intersect,,120990079151034,0,0,0,0,0,unclassified,1,0
status_partition_violation,intersect,,120990079151054,0,0,0,0,0,unclassified,1,0
status_partition_violation,intersect,,120990079174007,0,0,0,0,0,unclassified,1,0
status_partition_violation,intersect,,120990079174008,0,0,0,0,0,unclassified,1,0
status_partition_violation,intersect,,120990079174009,0,0,0,0,0,unclassified,1,0
status_partition_violation,intersect,,120990079174015,0,0,0,0,0,unclassified,1,0
status_partition_violation,intersect,,120990079174018,0,0,0,0,0,unclassified,1,0
status_partition_violation,intersect,,120990079174019,0,0,0,0,0,unclassified,1,0
status_partition_violation,intersect,,120990079174020,0,0,0,0,0,unclassified,1,0
status_partition_violation,intersect,,120990079174021,0,0,0,0,0,unclassified,1,0
status_partition_violation,intersect,,120990079174025,0,0,0,0,0,unclassified,1,0
status_partition_violation,intersect,,120990079174028,0,0,0,0,0,unclassified,1,0
status_partition_violation,intersect,,120990079174029,0,0,0,0,0,unclassified,1,0
status_partition_violation,intersect,,120990079174030,0,0,0,0,0,unclassified,1,0
status_partition_violation,intersect,,120990079174057,0,0,0,0,0,unclassified,1,0
status_partition_violation,intersect,,120990079174087,0,0,0,0,0,unclassified,1,0
status_partition_violation,intersect,,120990079174096,0,0,0,0,0,unclassified,1,0
status_partition_violation,intersect,,120990079174105,0,0,0,0,0,unclassified,1,0
status_partition_violation,intersect,,120990079174122,0,0,0,0,0,unclassified,1,0
status_partition_violation,intersect,,120990079174126,0,0,0,0,0,unclassified,1,0
status_partition_violation,intersect,,120990079174128,0,0,0,0,0,unclassified,1,0
status_partition_violation,intersect,,120990079174142,0,0,0,0,0,unclassified,1,0
status_partition_violation,intersect,,120990079174147,0,0,0,0,0,unclassified,1,0
status_partition_violation,intersect,,120990079174150,0,0,0,0,0,unclassified,1,0
status_partition_violation,intersect,,120990079174156,0,0,0,0,0,unclassified,1,0
status_partition_violation,intersect,,120990079174177,0,0,0,0,0,unclassified,1,0
status_partition_violation,intersect,,120990079174178,0,0,0,0,0,unclassified,1,0
status_partition_violation,intersect,,120990079174180,0,0,0,0,0,unclassified,1,0
status_partition_violation,intersect,,120990079174181,0,0,0,0,0,unclassified,1,0
status_partition_violation,intersect,,120990079174191,0,0,0,0,0,unclassified,1,0
status_partition_violation,intersect,,120990079174192,0,0,0,0,0,unclassified,1,0
status_partition_violation,intersect,,120990079174193,0,0,0,0,0,unclassified,1,0
status_partition_violation,intersect,,120990079174194,0,0,0,0,0,unclassified,1,0
status_partition_violation,intersect,,120990079174195,0,0,0,0,0,unclassified,1,0
status_partition_violation,intersect,,120990079174196,0,0,0,0,0,unclassified,1,0
status_partition_violation,intersect,,120990079174198,0,0,0,0,0,unclassified,1,0
status_partition_violation,intersect,,120990079174199,0,0,0,0,0,unclassified,1,0
status_partition_violation,intersect,,120990079174200,0,0,0,0,0,unclassified,1,0
status_partition_violation,intersect,,120990079174207,0,0,0,0,0,unclassified,1,0
status_partition_violation,intersect,,120990079174208,0,0,0,0,0,unclassified,1,0
status_partition_violation,intersect,,120990079174209,0,0,0,0,0,unclassified,1,0
status_partition_violation,intersect,,120990079174210,0,0,0,0,0,unclassified,1,0
status_partition_violation,intersect,,120990080013010,0,0,0,0,0,unclassified,1,0
status_partition_violation,intersect,,120990080013027,0,0,0,0,0,unclassified,1,0
status_partition_violation,intersect,,120990080013028,0,0,0,0,0,unclassified,1,0
status_partition_violation,intersect,,120990080013030,0,0,0,0,0,unclassified,1,0
status_partition_violation,intersect,,120990081011003,0,0,0,0,0,unclassified,1,0
status_partition_violation,intersect,,120990081011004,0,0,0,0,0,unclassified,1,0
status_partition_violation,intersect,,120990081011033,0,0,0,0,0,unclassified,1,0
status_partition_violation,intersect,,120990082031050,0,0,0,0,0,unclassified,1,0
status_partition_violation,intersect,,120990083011036,0,0,0,0,0,unclassified,1,0
status_partition_violation,intersect,,120990083011037,0,0,0,0,0,unclassified,1,0
status_partition_violation,intersect,,120990083011040,0,0,0,0,0,unclassified,1,0
status_partition_violation,intersect,,120990083011046,0,0,0,0,0,unclassified,1,0
status_partition_violation,intersect,,120990083011047,0,0,0,0,0,unclassified,1,0
status_partition_violation,intersect,,120990083011048,0,0,0,0,0,unclassified,1,0
status_partition_violation,intersect,,120990083011049,0,0,0,0,0,unclassified,1,0
status_partition_violation,intersect,,120990083011050,0,0,0,0,0,unclassified,1,0
status_partition_violation,intersect,,120990083011051,0,0,0,0,0,unclassified,1,0
status_partition_violation,intersect,,120990083011052,0,0,0,0,0,unclassified,1,0
status_partition_violation,intersect,,120990083011053,0,0,0,0,0,unclassified,1,0
status_partition_violation,intersect,,120990083011054,0,0,0,0,0,unclassified,1,0
status_partition_violation,intersect,,120990083012005,0,0,0,0,0,unclassified,1,0
status_partition_violation,intersect,,120990083012009,0,0,0,0,0,unclassified,1,0
status_partition_violation,intersect,,120990083012016,0,0,0,0,0,unclassified,1,0
status_partition_violation,intersect,,120990083012040,0,0,0,0,0,unclassified,1,0
status_partition_violation,intersect,,120990083012042,0,0,0,0,0,unclassified,1,0
status_partition_violation,intersect,,120990083012043,0,0,0,0,0,unclassified,1,0
status_partition_violation,intersect,,120990083012044,0,0,0,0,0,unclassified,1,0
status_partition_violation,intersect,,120999801001003,0,0,0,0,0,unclassified,1,0
status_partition_violation,intersect,,120999801001004,0,0,0,0,0,unclassified,1,0
status_partition_violation,intersect,,120999802001007,0,0,0,0,0,unclassified,1,0
status_partition_violation,intersect,,120999802001016,0,0,0,0,0,unclassified,1,0
status_partition_violation,intersect,,120999802001017,0,0,0,0,0,unclassified,1,0
status_partition_violation,intersect,,120999804001000,0,0,0,0,0,unclassified,1,0
status_partition_violation,intersect,,120999804001002,0,0,0,0,0,unclassified,1,0
status_partition_violation,intersect,,120999804001005,0,0,0,0,0,unclassified,1,0
status_partition_violation,intersect,,120999804001007,0,0,0,0,0,unclassified,1,0
status_partition_violation,intersect,,120999804001009,0,0,0,0,0,unclassified,1,0
status_partition_violation,intersect,,120999901000001,0,0,0,0,0,unclassified,1,0
status_partition_violation,intersect,,120999901000002,0,0,0,0,0,unclassified,1,0
status_partition_violation,intersect,,120999901000004,0,0,0,0,0,unclassified,1,0
status_partition_violation,intersect,,120999901000005,0,0,0,0,0,unclassified,1,0
status_partition_violation,intersect,,120119800001012,1,0,0,0,0,unclassified,1,0
status_partition_violation,intersect,,120119800001014,1,0,0,0,0,unclassified,1,0
status_partition_violation,intersect,,120119800001020,1,0,0,0,0,unclassified,1,0
status_partition_violation,intersect,,120119800001021,1,0,0,0,0,unclassified,1,0
status_partition_violation,intersect,,120119800001022,1,0,0,0,0,unclassified,1,0
status_partition_violation,intersect,,120119800001023,1,0,0,0,0,unclassified,1,0
status_partition_violation,intersect,,120119800001024,1,0,0,0,0,unclassified,1,0
status_partition_violation,intersect,,120119800001037,1,0,0,0,0,unclassified,1,0
status_partition_violation,intersect,,120119800001050,1,0,0,0,0,unclassified,1,0
status_partition_violation,intersect,,120119800001051,1,0,0,0,0,unclassified,1,0
status_partition_violation,intersect,,120119800001052,1,0,0,0,0,unclassified,1,0
status_partition_violation,intersect,,120119800001053,1,0,0,0,0,unclassified,1,0
status_partition_violation,intersect,,120119800001057,1,0,0,0,0,unclassified,1,0
status_partition_violation,intersect,,120119800001058,1,0,0,0,0,unclassified,1,0
status_partition_violation,intersect,,120119800001059,1,0,0,0,0,unclassified,1,0
status_partition_violation,intersect,,120119800001072,1,0,0,0,0,unclassified,1,0
status_partition_violation,intersect,,120860114081056,1,0,0,0,0,unclassified,1,0
status_partition_violation,intersect,,120860114081057,1,0,0,0,0,unclassified,1,0
status_partition_violation,intersect,,120860114081058,1,0,0,0,0,unclassified,1,0
status_partition_violation,intersect,,120860114081060,1,0,0,0,0,unclassified,1,0
status_partition_violation,intersect,,120860114081071,1,0,0,0,0,unclassified,1,0
status_partition_violation,intersect,,120860114081089,1,0,0,0,0,unclassified,1,0
status_partition_violation,intersect,,120860114081090,1,0,0,0,0,unclassified,1,0
status_partition_violation,intersect,,120860114081091,1,0,0,0,0,unclassified,1,0
status_partition_violation,intersect,,120860114081092,1,0,0,0,0,unclassified,1,0
status_partition_violation,intersect,,120860114123055,1,0,0,0,0,unclassified,1,0
status_partition_violation,intersect,,120860114123057,1,0,0,0,0,unclassified,1,0
status_partition_violation,intersect,,120860114123058,1,0,0,0,0,unclassified,1,0
status_partition_violation,intersect,,120860114123059,1,0,0,0,0,unclassified,1,0
status_partition_violation,intersect,,120860115003000,1,0,0,0,0,unclassified,1,0
status_partition_violation,intersect,,120860115003001,1,0,0,0,0,unclassified,1,0
status_partition_violation,intersect,,120860115003002,1,0,0,0,0,unclassified,1,0
status_partition_violation,intersect,,120860115003003,1,0,0,0,0,unclassified,1,0
status_partition_violation,intersect,,120860115003004,1,0,0,0,0,unclassified,1,0
status_partition_violation,intersect,,120860115003005,1,0,0,0,0,unclassified,1,0
status_partition_violation,intersect,,120860115003006,1,0,0,0,0,unclassified,1,0
status_partition_violation,intersect,,120860115003007,1,0,0,0,0,unclassified,1,0
status_partition_violation,intersect,,120860115003022,1,0,0,0,0,unclassified,1,0
status_partition_violation,intersect,,120860115003023,1,0,0,0,0,unclassified,1,0
status_partition_violation,intersect,,120860115003030,1,0,0,0,0,unclassified,1,0
status_partition_violation,intersect,,120860115003031,1,0,0,0,0,unclassified,1,0
status_partition_violation,intersect,,120860115003032,1,0,0,0,0,unclassified,1,0
status_partition_violation,intersect,,120860115003033,1,0,0,0,0,unclassified,1,0
status_partition_violation,intersect,,120860115003034,1,0,0,0,0,unclassified,1,0
status_partition_violation,intersect,,120860115003035,1,0,0,0,0,unclassified,1,0
status_partition_violation,intersect,,120860115003039,1,0,0,0,0,unclassified,1,0
status_partition_violation,intersect,,120860115003041,1,0,0,0,0,unclassified,1,0
status_partition_violation,intersect,,120860115003046,1,0,0,0,0,unclassified,1,0
status_partition_violation,intersect,,120860115003050,1,0,0,0,0,unclassified,1,0
status_partition_violation,intersect,,120860115003051,1,0,0,0,0,unclassified,1,0
status_partition_violation,intersect,,120860115003113,1,0,0,0,0,unclassified,1,0
status_partition_violation,intersect,,120860115003152,1,0,0,0,0,unclassified,1,0
status_partition_violation,intersect,,120860115003155,1,0,0,0,0,unclassified,1,0
status_partition_violation,intersect,,120860141001037,1,0,0,0,0,unclassified,1,0
status_partition_violation,intersect,,120869801001005,1,0,0,0,0,unclassified,1,0
status_partition_violation,intersect,,120869801001007,1,0,0,0,0,unclassified,1,0
status_partition_violation,intersect,,120869811001029,1,0,0,0,0,unclassified,1,0
status_partition_violation,intersect,,120869811001031,1,0,0,0,0,unclassified,1,0
status_partition_violation,intersect,,120869811001032,1,0,0,0,0,unclassified,1,0
status_partition_violation,intersect,,120869811001033,1,0,0,0,0,unclassified,1,0
status_partition_violation,intersect,,120869811001034,1,0,0,0,0,unclassified,1,0
status_partition_violation,intersect,,120869811001035,1,0,0,0,0,unclassified,1,0
status_partition_violation,intersect,,120869811001037,1,0,0,0,0,unclassified,1,0
status_partition_violation,intersect,,120869811001039,1,0,0,0,0,unclassified,1,0
status_partition_violation,intersect,,120869811001040,1,0,0,0,0,unclassified,1,0
status_partition_violation,intersect,,120869811001064,1,0,0,0,0,unclassified,1,0
status_partition_violation,intersect,,120869811001068,1,0,0,0,0,unclassified,1,0
status_partition_violation,intersect,,120869812001023,1,0,0,0,0,unclassified,1,0
status_partition_violation,intersect,,120869900000027,1,0,0,0,0,unclassified,1,0
status_partition_violation,intersect,,120990077211004,1,0,0,0,0,unclassified,1,0
status_partition_violation,intersect,,120990077211008,1,0,0,0,0,unclassified,1,0
status_partition_violation,intersect,,120990079151002,1,0,0,0,0,unclassified,1,0
status_partition_violation,intersect,,120990079151018,1,0,0,0,0,unclassified,1,0
status_partition_violation,intersect,,120990079151034,1,0,0,0,0,unclassified,1,0
status_partition_violation,intersect,,120990079151054,1,0,0,0,0,unclassified,1,0
status_partition_violation,intersect,,120990079174007,1,0,0,0,0,unclassified,1,0
status_partition_violation,intersect,,120990079174008,1,0,0,0,0,unclassified,1,0
status_partition_violation,intersect,,120990079174009,1,0,0,0,0,unclassified,1,0
status_partition_violation,intersect,,120990079174015,1,0,0,0,0,unclassified,1,0
status_partition_violation,intersect,,120990079174018,1,0,0,0,0,unclassified,1,0
status_partition_violation,intersect,,120990079174019,1,0,0,0,0,unclassified,1,0
status_partition_violation,intersect,,120990079174020,1,0,0,0,0,unclassified,1,0
status_partition_violation,intersect,,120990079174021,1,0,0,0,0,unclassified,1,0
status_partition_violation,intersect,,120990079174025,1,0,0,0,0,unclassified,1,0
status_partition_violation,intersect,,120990079174028,1,0,0,0,0,unclassified,1,0
status_partition_violation,intersect,,120990079174029,1,0,0,0,0,unclassified,1,0
status_partition_violation,intersect,,120990079174030,1,0,0,0,0,unclassified,1,0
status_partition_violation,intersect,,120990079174057,1,0,0,0,0,unclassified,1,0
status_partition_violation,intersect,,120990079174087,1,0,0,0,0,unclassified,1,0
status_partition_violation,intersect,,120990079174096,1,0,0,0,0,unclassified,1,0
status_partition_violation,intersect,,120990079174105,1,0,0,0,0,unclassified,1,0
status_partition_violation,intersect,,120990079174122,1,0,0,0,0,unclassified,1,0
status_partition_violation,intersect,,120990079174126,1,0,0,0,0,unclassified,1,0
status_partition_violation,intersect,,120990079174128,1,0,0,0,0,unclassified,1,0
status_partition_violation,intersect,,120990079174142,1,0,0,0,0,unclassified,1,0
status_partition_violation,intersect,,120990079174147,1,0,0,0,0,unclassified,1,0
status_partition_violation,intersect,,120990079174150,1,0,0,0,0,unclassified,1,0
status_partition_violation,intersect,,120990079174156,1,0,0,0,0,unclassified,1,0
status_partition_violation,intersect,,120990079174177,1,0,0,0,0,unclassified,1,0
status_partition_violation,intersect,,120990079174178,1,0,0,0,0,unclassified,1,0
status_partition_violation,intersect,,120990079174180,1,0,0,0,0,unclassified,1,0
status_partition_violation,intersect,,120990079174181,1,0,0,0,0,unclassified,1,0
status_partition_violation,intersect,,120990079174191,1,0,0,0,0,unclassified,1,0
status_partition_violation,intersect,,120990079174192,1,0,0,0,0,unclassified,1,0
status_partition_violation,intersect,,120990079174193,1,0,0,0,0,unclassified,1,0
status_partition_violation,intersect,,120990079174194,1,0,0,0,0,unclassified,1,0
status_partition_violation,intersect,,120990079174195,1,0,0,0,0,unclassified,1,0
status_partition_violation,intersect,,120990079174196,1,0,0,0,0,unclassified,1,0
status_partition_violation,intersect,,120990079174198,1,0,0,0,0,unclassified,1,0
status_partition_violation,intersect,,120990079174199,1,0,0,0,0,unclassified,1,0
status_partition_violation,intersect,,120990079174200,1,0,0,0,0,unclassified,1,0
status_partition_violation,intersect,,120990079174207,1,0,0,0,0,unclassified,1,0
status_partition_violation,intersect,,120990079174208,1,0,0,0,0,unclassified,1,0
status_partition_violation,intersect,,120990079174209,1,0,0,0,0,unclassified,1,0
status_partition_violation,intersect,,120990079174210,1,0,0,0,0,unclassified,1,0
status_partition_violation,intersect,,120990080013010,1,0,0,0,0,unclassified,1,0
status_partition_violation,intersect,,120990080013027,1,0,0,0,0,unclassified,1,0
status_partition_violation,intersect,,120990080013028,1,0,0,0,0,unclassified,1,0
status_partition_violation,intersect,,120990080013030,1,0,0,0,0,unclassified,1,0
status_partition_violation,intersect,,120990081011003,1,0,0,0,0,unclassified,1,0
status_partition_violation,intersect,,120990081011004,1,0,0,0,0,unclassified,1,0
status_partition_violation,intersect,,120990081011033,1,0,0,0,0,unclassified,1,0
status_partition_violation,intersect,,120990082031050,1,0,0,0,0,unclassified,1,0
status_partition_violation,intersect,,120990083011036,1,0,0,0,0,unclassified,1,0
status_partition_violation,intersect,,120990083011037,1,0,0,0,0,unclassified,1,0
status_partition_violation,intersect,,120990083011040,1,0,0,0,0,unclassified,1,0
status_partition_violation,intersect,,120990083011046,1,0,0,0,0,unclassified,1,0
status_partition_violation,intersect,,120990083011047,1,0,0,0,0,unclassified,1,0
status_partition_violation,intersect,,120990083011048,1,0,0,0,0,unclassified,1,0
status_partition_violation,intersect,,120990083011049,1,0,0,0,0,unclassified,1,0
status_partition_violation,intersect,,120990083011050,1,0,0,0,0,unclassified,1,0
status_partition_violation,intersect,,120990083011051,1,0,0,0,0,unclassified,1,0
status_partition_violation,intersect,,120990083011052,1,0,0,0,0,unclassified,1,0
status_partition_violation,intersect,,120990083011053,1,0,0,0,0,unclassified,1,0
status_partition_violation,intersect,,120990083011054,1,0,0,0,0,unclassified,1,0
status_partition_violation,intersect,,120990083012005,1,0,0,0,0,unclassified,1,0
status_partition_violation,intersect,,120990083012009,1,0,0,0,0,unclassified,1,0
status_partition_violation,intersect,,120990083012016,1,0,0,0,0,unclassified,1,0
status_partition_violation,intersect,,120990083012040,1,0,0,0,0,unclassified,1,0
status_partition_violation,intersect,,120990083012042,1,0,0,0,0,unclassified,1,0
status_partition_violation,intersect,,120990083012043,1,0,0,0,0,unclassified,1,0
status_partition_violation,intersect,,120990083012044,1,0,0,0,0,unclassified,1,0
status_partition_violation,intersect,,120999801001003,1,0,0,0,0,unclassified,1,0
status_partition_violation,intersect,,120999801001004,1,0,0,0,0,unclassified,1,0
status_partition_violation,intersect,,120999802001007,1,0,0,0,0,unclassified,1,0
status_partition_violation,intersect,,120999802001016,1,0,0,0,0,unclassified,1,0
status_partition_violation,intersect,,120999802001017,1,0,0,0,0,unclassified,1,0
status_partition_violation,intersect,,120999804001000,1,0,0,0,0,unclassified,1,0
status_partition_violation,intersect,,120999804001002,1,0,0,0,0,unclassified,1,0
status_partition_violation,intersect,,120999804001005,1,0,0,0,0,unclassified,1,0
status_partition_violation,intersect,,120999804001007,1,0,0,0,0,unclassified,1,0
status_partition_violation,intersect,,120999804001009,1,0,0,0,0,unclassified,1,0
status_partition_violation,intersect,,120999901000001,1,0,0,0,0,unclassified,1,0
status_partition_violation,intersect,,120999901000002,1,0,0,0,0,unclassified,1,0
status_partition_violation,intersect,,120999901000004,1,0,0,0,0,unclassified,1,0
status_partition_violation,intersect,,120999901000005,1,0,0,0,0,unclassified,1,0
status_partition_violation,intersect,,120119800001012,2,0,0,0,0,unclassified,1,0
status_partition_violation,intersect,,120119800001014,2,0,0,0,0,unclassified,1,0
status_partition_violation,intersect,,120119800001020,2,0,0,0,0,unclassified,1,0
status_partition_violation,intersect,,120119800001021,2,0,0,0,0,unclassified,1,0
status_partition_violation,intersect,,120119800001022,2,0,0,0,0,unclassified,1,0
status_partition_violation,intersect,,120119800001023,2,0,0,0,0,unclassified,1,0
status_partition_violation,intersect,,120119800001024,2,0,0,0,0,unclassified,1,0
status_partition_violation,intersect,,120119800001037,2,0,0,0,0,unclassified,1,0
status_partition_violation,intersect,,120119800001050,2,0,0,0,0,unclassified,1,0
status_partition_violation,intersect,,120119800001051,2,0,0,0,0,unclassified,1,0
status_partition_violation,intersect,,120119800001052,2,0,0,0,0,unclassified,1,0
status_partition_violation,intersect,,120119800001053,2,0,0,0,0,unclassified,1,0
status_partition_violation,intersect,,120119800001057,2,0,0,0,0,unclassified,1,0
status_partition_violation,intersect,,120119800001058,2,0,0,0,0,unclassified,1,0
status_partition_violation,intersect,,120119800001059,2,0,0,0,0,unclassified,1,0
status_partition_violation,intersect,,120119800001072,2,0,0,0,0,unclassified,1,0
status_partition_violation,intersect,,120860114081056,2,0,0,0,0,unclassified,1,0
status_partition_violation,intersect,,120860114081057,2,0,0,0,0,unclassified,1,0
status_partition_violation,intersect,,120860114081058,2,0,0,0,0,unclassified,1,0
status_partition_violation,intersect,,120860114081060,2,0,0,0,0,unclassified,1,0
status_partition_violation,intersect,,120860114081089,2,0,0,0,0,unclassified,1,0
status_partition_violation,intersect,,120860114081091,2,0,0,0,0,unclassified,1,0
status_partition_violation,intersect,,120860114081092,2,0,0,0,0,unclassified,1,0
status_partition_violation,intersect,,120860114123055,2,0,0,0,0,unclassified,1,0
status_partition_violation,intersect,,120860114123057,2,0,0,0,0,unclassified,1,0
status_partition_violation,intersect,,120860114123058,2,0,0,0,0,unclassified,1,0
status_partition_violation,intersect,,120860115003000,2,0,0,0,0,unclassified,1,0
status_partition_violation,intersect,,120860115003001,2,0,0,0,0,unclassified,1,0
status_partition_violation,intersect,,120860115003002,2,0,0,0,0,unclassified,1,0
status_partition_violation,intersect,,120860115003003,2,0,0,0,0,unclassified,1,0
status_partition_violation,intersect,,120860115003004,2,0,0,0,0,unclassified,1,0
status_partition_violation,intersect,,120860115003005,2,0,0,0,0,unclassified,1,0
status_partition_violation,intersect,,120860115003006,2,0,0,0,0,unclassified,1,0
status_partition_violation,intersect,,120860115003007,2,0,0,0,0,unclassified,1,0
status_partition_violation,intersect,,120860115003022,2,0,0,0,0,unclassified,1,0
status_partition_violation,intersect,,120860115003023,2,0,0,0,0,unclassified,1,0
status_partition_violation,intersect,,120860115003030,2,0,0,0,0,unclassified,1,0
status_partition_violation,intersect,,120860115003031,2,0,0,0,0,unclassified,1,0
status_partition_violation,intersect,,120860115003032,2,0,0,0,0,unclassified,1,0
status_partition_violation,intersect,,120860115003033,2,0,0,0,0,unclassified,1,0
status_partition_violation,intersect,,120860115003034,2,0,0,0,0,unclassified,1,0
status_partition_violation,intersect,,120860115003035,2,0,0,0,0,unclassified,1,0
status_partition_violation,intersect,,120860115003039,2,0,0,0,0,unclassified,1,0
status_partition_violation,intersect,,120860115003041,2,0,0,0,0,unclassified,1,0
status_partition_violation,intersect,,120860115003046,2,0,0,0,0,unclassified,1,0
status_partition_violation,intersect,,120860115003050,2,0,0,0,0,unclassified,1,0
status_partition_violation,intersect,,120860115003051,2,0,0,0,0,unclassified,1,0
status_partition_violation,intersect,,120860115003113,2,0,0,0,0,unclassified,1,0
status_partition_violation,intersect,,120860115003152,2,0,0,0,0,unclassified,1,0
status_partition_violation,intersect,,120860115003155,2,0,0,0,0,unclassified,1,0
status_partition_violation,intersect,,120860141001037,2,0,0,0,0,unclassified,1,0
status_partition_violation,intersect,,120869811001029,2,0,0,0,0,unclassified,1,0
status_partition_violation,intersect,,120869811001031,2,0,0,0,0,unclassified,1,0
status_partition_violation,intersect,,120869811001032,2,0,0,0,0,unclassified,1,0
status_partition_violation,intersect,,120869811001033,2,0,0,0,0,unclassified,1,0
status_partition_violation,intersect,,120869811001034,2,0,0,0,0,unclassified,1,0
status_partition_violation,intersect,,120869811001035,2,0,0,0,0,unclassified,1,0
status_partition_violation,intersect,,120869811001037,2,0,0,0,0,unclassified,1,0
status_partition_violation,intersect,,120869811001039,2,0,0,0,0,unclassified,1,0
status_partition_violation,intersect,,120869811001040,2,0,0,0,0,unclassified,1,0
status_partition_violation,intersect,,120869811001064,2,0,0,0,0,unclassified,1,0
status_partition_violation,intersect,,120869811001068,2,0,0,0,0,unclassified,1,0
status_partition_violation,intersect,,120869900000027,2,0,0,0,0,unclassified,1,0
status_partition_violation,intersect,,120990077211004,2,0,0,0,0,unclassified,1,0
status_partition_violation,intersect,,120990077211008,2,0,0,0,0,unclassified,1,0
status_partition_violation,intersect,,120990079151002,2,0,0,0,0,unclassified,1,0
status_partition_violation,intersect,,120990079151018,2,0,0,0,0,unclassified,1,0
status_partition_violation,intersect,,120990079151034,2,0,0,0,0,unclassified,1,0
status_partition_violation,intersect,,120990079151054,2,0,0,0,0,unclassified,1,0
status_partition_violation,intersect,,120990079174007,2,0,0,0,0,unclassified,1,0
status_partition_violation,intersect,,120990079174008,2,0,0,0,0,unclassified,1,0
status_partition_violation,intersect,,120990079174009,2,0,0,0,0,unclassified,1,0
status_partition_violation,intersect,,120990079174015,2,0,0,0,0,unclassified,1,0
status_partition_violation,intersect,,120990079174018,2,0,0,0,0,unclassified,1,0
status_partition_violation,intersect,,120990079174019,2,0,0,0,0,unclassified,1,0
status_partition_violation,intersect,,120990079174020,2,0,0,0,0,unclassified,1,0
status_partition_violation,intersect,,120990079174021,2,0,0,0,0,unclassified,1,0
status_partition_violation,intersect,,120990079174025,2,0,0,0,0,unclassified,1,0
status_partition_violation,intersect,,120990079174028,2,0,0,0,0,unclassified,1,0
status_partition_violation,intersect,,120990079174029,2,0,0,0,0,unclassified,1,0
status_partition_violation,intersect,,120990079174030,2,0,0,0,0,unclassified,1,0
status_partition_violation,intersect,,120990079174057,2,0,0,0,0,unclassified,1,0
status_partition_violation,intersect,,120990079174087,2,0,0,0,0,unclassified,1,0
status_partition_violation,intersect,,120990079174096,2,0,0,0,0,unclassified,1,0
status_partition_violation,intersect,,120990079174105,2,0,0,0,0,unclassified,1,0
status_partition_violation,intersect,,120990079174122,2,0,0,0,0,unclassified,1,0
status_partition_violation,intersect,,120990079174126,2,0,0,0,0,unclassified,1,0
status_partition_violation,intersect,,120990079174128,2,0,0,0,0,unclassified,1,0
status_partition_violation,intersect,,120990079174142,2,0,0,0,0,unclassified,1,0
status_partition_violation,intersect,,120990079174147,2,0,0,0,0,unclassified,1,0
status_partition_violation,intersect,,120990079174150,2,0,0,0,0,unclassified,1,0
status_partition_violation,intersect,,120990079174156,2,0,0,0,0,unclassified,1,0
status_partition_violation,intersect,,120990079174177,2,0,0,0,0,unclassified,1,0
status_partition_violation,intersect,,120990079174178,2,0,0,0,0,unclassified,1,0
status_partition_violation,intersect,,120990079174180,2,0,0,0,0,unclassified,1,0
status_partition_violation,intersect,,120990079174181,2,0,0,0,0,unclassified,1,0
status_partition_violation,intersect,,120990079174191,2,0,0,0,0,unclassified,1,0
status_partition_violation,intersect,,120990079174192,2,0,0,0,0,unclassified,1,0
status_partition_violation,intersect,,120990079174193,2,0,0,0,0,unclassified,1,0
status_partition_violation,intersect,,120990079174194,2,0,0,0,0,unclassified,1,0
status_partition_violation,intersect,,120990079174195,2,0,0,0,0,unclassified,1,0
status_partition_violation,intersect,,120990079174196,2,0,0,0,0,unclassified,1,0
status_partition_violation,intersect,,120990079174198,2,0,0,0,0,unclassified,1,0
status_partition_violation,intersect,,120990079174199,2,0,0,0,0,unclassified,1,0
status_partition_violation,intersect,,120990079174200,2,0,0,0,0,unclassified,1,0
status_partition_violation,intersect,,120990079174207,2,0,0,0,0,unclassified,1,0
status_partition_violation,intersect,,120990079174208,2,0,0,0,0,unclassified,1,0
status_partition_violation,intersect,,120990079174209,2,0,0,0,0,unclassified,1,0
status_partition_violation,intersect,,120990079174210,2,0,0,0,0,unclassified,1,0
status_partition_violation,intersect,,120990080013010,2,0,0,0,0,unclassified,1,0
status_partition_violation,intersect,,120990080013027,2,0,0,0,0,unclassified,1,0
status_partition_violation,intersect,,120990080013028,2,0,0,0,0,unclassified,1,0
status_partition_violation,intersect,,120990080013030,2,0,0,0,0,unclassified,1,0
status_partition_violation,intersect,,120990081011003,2,0,0,0,0,unclassified,1,0
status_partition_violation,intersect,,120990081011004,2,0,0,0,0,unclassified,1,0
status_partition_violation,intersect,,120990081011033,2,0,0,0,0,unclassified,1,0
status_partition_violation,intersect,,120990082031050,2,0,0,0,0,unclassified,1,0
status_partition_violation,intersect,,120990083011036,2,0,0,0,0,unclassified,1,0
status_partition_violation,intersect,,120990083011037,2,0,0,0,0,unclassified,1,0
status_partition_violation,intersect,,120990083011040,2,0,0,0,0,unclassified,1,0
status_partition_violation,intersect,,120990083011046,2,0,0,0,0,unclassified,1,0
status_partition_violation,intersect,,120990083011047,2,0,0,0,0,unclassified,1,0
status_partition_violation,intersect,,120990083011048,2,0,0,0,0,unclassified,1,0
status_partition_violation,intersect,,120990083011049,2,0,0,0,0,unclassified,1,0
status_partition_violation,intersect,,120990083011050,2,0,0,0,0,unclassified,1,0
status_partition_violation,intersect,,120990083011051,2,0,0,0,0,unclassified,1,0
status_partition_violation,intersect,,120990083011052,2,0,0,0,0,unclassified,1,0
status_partition_violation,intersect,,120990083011053,2,0,0,0,0,unclassified,1,0
status_partition_violation,intersect,,120990083011054,2,0,0,0,0,unclassified,1,0
status_partition_violation,intersect,,120990083012005,2,0,0,0,0,unclassified,1,0
status_partition_violation,intersect,,120990083012009,2,0,0,0,0,unclassified,1,0
status_partition_violation,intersect,,120990083012016,2,0,0,0,0,unclassified,1,0
status_partition_violation,intersect,,120990083012040,2,0,0,0,0,unclassified,1,0
status_partition_violation,intersect,,120990083012042,2,0,0,0,0,unclassified,1,0
status_partition_violation,intersect,,120990083012043,2,0,0,0,0,unclassified,1,0
status_partition_violation,intersect,,120990083012044,2,0,0,0,0,unclassified,1,0
status_partition_violation,intersect,,120999801001003,2,0,0,0,0,unclassified,1,0
status_partition_violation,intersect,,120999801001004,2,0,0,0,0,unclassified,1,0
status_partition_violation,intersect,,120999802001007,2,0,0,0,0,unclassified,1,0
status_partition_violation,intersect,,120999802001016,2,0,0,0,0,unclassified,1,0
status_partition_violation,intersect,,120999802001017,2,0,0,0,0,unclassified,1,0
status_partition_violation,intersect,,120999804001000,2,0,0,0,0,unclassified,1,0
status_partition_violation,intersect,,120999804001002,2,0,0,0,0,unclassified,1,0
status_partition_violation,intersect,,120999804001005,2,0,0,0,0,unclassified,1,0
status_partition_violation,intersect,,120999804001007,2,0,0,0,0,unclassified,1,0
status_partition_violation,intersect,,120999804001009,2,0,0,0,0,unclassified,1,0
status_partition_violation,intersect,,120999901000001,2,0,0,0,0,unclassified,1,0
status_partition_violation,intersect,,120999901000002,2,0,0,0,0,unclassified,1,0
status_partition_violation,intersect,,120999901000004,2,0,0,0,0,unclassified,1,0
status_partition_violation,intersect,,120999901000005,2,0,0,0,0,unclassified,1,0
status_partition_violation,intersect,,120119800001012,3,0,0,0,0,unclassified,1,0
status_partition_violation,intersect,,120119800001014,3,0,0,0,0,unclassified,1,0
status_partition_violation,intersect,,120119800001020,3,0,0,0,0,unclassified,1,0
status_partition_violation,intersect,,120119800001021,3,0,0,0,0,unclassified,1,0
status_partition_violation,intersect,,120119800001022,3,0,0,0,0,unclassified,1,0
status_partition_violation,intersect,,120119800001023,3,0,0,0,0,unclassified,1,0
status_partition_violation,intersect,,120119800001024,3,0,0,0,0,unclassified,1,0
status_partition_violation,intersect,,120119800001037,3,0,0,0,0,unclassified,1,0
status_partition_violation,intersect,,120119800001050,3,0,0,0,0,unclassified,1,0
status_partition_violation,intersect,,120119800001051,3,0,0,0,0,unclassified,1,0
status_partition_violation,intersect,,120119800001052,3,0,0,0,0,unclassified,1,0
status_partition_violation,intersect,,120119800001053,3,0,0,0,0,unclassified,1,0
status_partition_violation,intersect,,120119800001057,3,0,0,0,0,unclassified,1,0
status_partition_violation,intersect,,120119800001058,3,0,0,0,0,unclassified,1,0
status_partition_violation,intersect,,120119800001059,3,0,0,0,0,unclassified,1,0
status_partition_violation,intersect,,120119800001072,3,0,0,0,0,unclassified,1,0
status_partition_violation,intersect,,120860114081091,3,0,0,0,0,unclassified,1,0
status_partition_violation,intersect,,120860114081092,3,0,0,0,0,unclassified,1,0
status_partition_violation,intersect,,120860114123058,3,0,0,0,0,unclassified,1,0
status_partition_violation,intersect,,120860115003000,3,0,0,0,0,unclassified,1,0
status_partition_violation,intersect,,120860115003001,3,0,0,0,0,unclassified,1,0
status_partition_violation,intersect,,120860115003002,3,0,0,0,0,unclassified,1,0
status_partition_violation,intersect,,120860115003003,3,0,0,0,0,unclassified,1,0
status_partition_violation,intersect,,120860115003004,3,0,0,0,0,unclassified,1,0
status_partition_violation,intersect,,120860115003005,3,0,0,0,0,unclassified,1,0
status_partition_violation,intersect,,120860115003006,3,0,0,0,0,unclassified,1,0
status_partition_violation,intersect,,120860115003007,3,0,0,0,0,unclassified,1,0
status_partition_violation,intersect,,120860115003022,3,0,0,0,0,unclassified,1,0
status_partition_violation,intersect,,120860115003023,3,0,0,0,0,unclassified,1,0
status_partition_violation,intersect,,120860115003030,3,0,0,0,0,unclassified,1,0
status_partition_violation,intersect,,120860115003032,3,0,0,0,0,unclassified,1,0
status_partition_violation,intersect,,120860115003033,3,0,0,0,0,unclassified,1,0
status_partition_violation,intersect,,120860115003034,3,0,0,0,0,unclassified,1,0
status_partition_violation,intersect,,120860115003035,3,0,0,0,0,unclassified,1,0
status_partition_violation,intersect,,120860115003039,3,0,0,0,0,unclassified,1,0
status_partition_violation,intersect,,120860115003041,3,0,0,0,0,unclassified,1,0
status_partition_violation,intersect,,120860115003046,3,0,0,0,0,unclassified,1,0
status_partition_violation,intersect,,120860115003050,3,0,0,0,0,unclassified,1,0
status_partition_violation,intersect,,120860115003051,3,0,0,0,0,unclassified,1,0
status_partition_violation,intersect,,120860115003113,3,0,0,0,0,unclassified,1,0
status_partition_violation,intersect,,120860115003152,3,0,0,0,0,unclassified,1,0
status_partition_violation,intersect,,120860115003155,3,0,0,0,0,unclassified,1,0
status_partition_violation,intersect,,120860141001037,3,0,0,0,0,unclassified,1,0
status_partition_violation,intersect,,120869811001029,3,0,0,0,0,unclassified,1,0
status_partition_violation,intersect,,120869811001031,3,0,0,0,0,unclassified,1,0
status_partition_violation,intersect,,120869811001032,3,0,0,0,0,unclassified,1,0
status_partition_violation,intersect,,120869811001033,3,0,0,0,0,unclassified,1,0
status_partition_violation,intersect,,120869811001034,3,0,0,0,0,unclassified,1,0
status_partition_violation,intersect,,120869811001035,3,0,0,0,0,unclassified,1,0
status_partition_violation,intersect,,120869811001037,3,0,0,0,0,unclassified,1,0
status_partition_violation,intersect,,120869811001039,3,0,0,0,0,unclassified,1,0
status_partition_violation,intersect,,120869811001040,3,0,0,0,0,unclassified,1,0
status_partition_violation,intersect,,120869811001064,3,0,0,0,0,unclassified,1,0
status_partition_violation,intersect,,120869811001068,3,0,0,0,0,unclassified,1,0
status_partition_violation,intersect,,120869900000027,3,0,0,0,0,unclassified,1,0
status_partition_violation,intersect,,120990077211004,3,0,0,0,0,unclassified,1,0
status_partition_violation,intersect,,120990077211008,3,0,0,0,0,unclassified,1,0
status_partition_violation,intersect,,120990079151002,3,0,0,0,0,unclassified,1,0
status_partition_violation,intersect,,120990079151018,3,0,0,0,0,unclassified,1,0
status_partition_violation,intersect,,120990079151034,3,0,0,0,0,unclassified,1,0
status_partition_violation,intersect,,120990079151054,3,0,0,0,0,unclassified,1,0
status_partition_violation,intersect,,120990079174007,3,0,0,0,0,unclassified,1,0
status_partition_violation,intersect,,120990079174008,3,0,0,0,0,unclassified,1,0
status_partition_violation,intersect,,120990079174009,3,0,0,0,0,unclassified,1,0
status_partition_violation,intersect,,120990079174015,3,0,0,0,0,unclassified,1,0
status_partition_violation,intersect,,120990079174018,3,0,0,0,0,unclassified,1,0
status_partition_violation,intersect,,120990079174019,3,0,0,0,0,unclassified,1,0
status_partition_violation,intersect,,120990079174020,3,0,0,0,0,unclassified,1,0
status_partition_violation,intersect,,120990079174021,3,0,0,0,0,unclassified,1,0
status_partition_violation,intersect,,120990079174025,3,0,0,0,0,unclassified,1,0
status_partition_violation,intersect,,120990079174028,3,0,0,0,0,unclassified,1,0
status_partition_violation,intersect,,120990079174029,3,0,0,0,0,unclassified,1,0
status_partition_violation,intersect,,120990079174030,3,0,0,0,0,unclassified,1,0
status_partition_violation,intersect,,120990079174057,3,0,0,0,0,unclassified,1,0
status_partition_violation,intersect,,120990079174087,3,0,0,0,0,unclassified,1,0
status_partition_violation,intersect,,120990079174096,3,0,0,0,0,unclassified,1,0
status_partition_violation,intersect,,120990079174105,3,0,0,0,0,unclassified,1,0
status_partition_violation,intersect,,120990079174122,3,0,0,0,0,unclassified,1,0
status_partition_violation,intersect,,120990079174126,3,0,0,0,0,unclassified,1,0
status_partition_violation,intersect,,120990079174128,3,0,0,0,0,unclassified,1,0
status_partition_violation,intersect,,120990079174142,3,0,0,0,0,unclassified,1,0
status_partition_violation,intersect,,120990079174147,3,0,0,0,0,unclassified,1,0
status_partition_violation,intersect,,120990079174150,3,0,0,0,0,unclassified,1,0
status_partition_violation,intersect,,120990079174156,3,0,0,0,0,unclassified,1,0
status_partition_violation,intersect,,120990079174177,3,0,0,0,0,unclassified,1,0
status_partition_violation,intersect,,120990079174178,3,0,0,0,0,unclassified,1,0
status_partition_violation,intersect,,120990079174180,3,0,0,0,0,unclassified,1,0
status_partition_violation,intersect,,120990079174181,3,0,0,0,0,unclassified,1,0
status_partition_violation,intersect,,120990079174191,3,0,0,0,0,unclassified,1,0
status_partition_violation,intersect,,120990079174192,3,0,0,0,0,unclassified,1,0
status_partition_violation,intersect,,120990079174193,3,0,0,0,0,unclassified,1,0
status_partition_violation,intersect,,120990079174194,3,0,0,0,0,unclassified,1,0
status_partition_violation,intersect,,120990079174195,3,0,0,0,0,unclassified,1,0
status_partition_violation,intersect,,120990079174196,3,0,0,0,0,unclassified,1,0
status_partition_violation,intersect,,120990079174198,3,0,0,0,0,unclassified,1,0
status_partition_violation,intersect,,120990079174199,3,0,0,0,0,unclassified,1,0
status_partition_violation,intersect,,120990079174200,3,0,0,0,0,unclassified,1,0
status_partition_violation,intersect,,120990079174207,3,0,0,0,0,unclassified,1,0
status_partition_violation,intersect,,120990079174208,3,0,0,0,0,unclassified,1,0
status_partition_violation,intersect,,120990079174209,3,0,0,0,0,unclassified,1,0
status_partition_violation,intersect,,120990079174210,3,0,0,0,0,unclassified,1,0
status_partition_violation,intersect,,120990080013010,3,0,0,0,0,unclassified,1,0
status_partition_violation,intersect,,120990080013027,3,0,0,0,0,unclassified,1,0
status_partition_violation,intersect,,120990080013028,3,0,0,0,0,unclassified,1,0
status_partition_violation,intersect,,120990080013030,3,0,0,0,0,unclassified,1,0
status_partition_violation,intersect,,120990081011003,3,0,0,0,0,unclassified,1,0
status_partition_violation,intersect,,120990081011004,3,0,0,0,0,unclassified,1,0
status_partition_violation,intersect,,120990081011033,3,0,0,0,0,unclassified,1,0
status_partition_violation,intersect,,120990082031050,3,0,0,0,0,unclassified,1,0
status_partition_violation,intersect,,120990083011036,3,0,0,0,0,unclassified,1,0
status_partition_violation,intersect,,120990083011037,3,0,0,0,0,unclassified,1,0
status_partition_violation,intersect,,120990083011040,3,0,0,0,0,unclassified,1,0
status_partition_violation,intersect,,120990083011046,3,0,0,0,0,unclassified,1,0
status_partition_violation,intersect,,120990083011047,3,0,0,0,0,unclassified,1,0
status_partition_violation,intersect,,120990083011048,3,0,0,0,0,unclassified,1,0
status_partition_violation,intersect,,120990083011049,3,0,0,0,0,unclassified,1,0
status_partition_violation,intersect,,120990083011050,3,0,0,0,0,unclassified,1,0
status_partition_violation,intersect,,120990083011051,3,0,0,0,0,unclassified,1,0
status_partition_violation,intersect,,120990083011052,3,0,0,0,0,unclassified,1,0
status_partition_violation,intersect,,120990083011053,3,0,0,0,0,unclassified,1,0
status_partition_violation,intersect,,120990083011054,3,0,0,0,0,unclassified,1,0
status_partition_violation,intersect,,120990083012005,3,0,0,0,0,unclassified,1,0
status_partition_violation,intersect,,120990083012009,3,0,0,0,0,unclassified,1,0
status_partition_violation,intersect,,120990083012016,3,0,0,0,0,unclassified,1,0
status_partition_violation,intersect,,120990083012040,3,0,0,0,0,unclassified,1,0
status_partition_violation,intersect,,120990083012042,3,0,0,0,0,unclassified,1,0
status_partition_violation,intersect,,120990083012043,3,0,0,0,0,unclassified,1,0
status_partition_violation,intersect,,120990083012044,3,0,0,0,0,unclassified,1,0
status_partition_violation,intersect,,120999801001003,3,0,0,0,0,unclassified,1,0
status_partition_violation,intersect,,120999801001004,3,0,0,0,0,unclassified,1,0
status_partition_violation,intersect,,120999802001007,3,0,0,0,0,unclassified,1,0
status_partition_violation,intersect,,120999802001016,3,0,0,0,0,unclassified,1,0
status_partition_violation,intersect,,120999802001017,3,0,0,0,0,unclassified,1,0
status_partition_violation,intersect,,120999804001000,3,0,0,0,0,unclassified,1,0
status_partition_violation,intersect,,120999804001002,3,0,0,0,0,unclassified,1,0
status_partition_violation,intersect,,120999804001005,3,0,0,0,0,unclassified,1,0
status_partition_violation,intersect,,120999804001007,3,0,0,0,0,unclassified,1,0
status_partition_violation,intersect,,120999804001009,3,0,0,0,0,unclassified,1,0
status_partition_violation,intersect,,120999901000001,3,0,0,0,0,unclassified,1,0
status_partition_violation,intersect,,120999901000002,3,0,0,0,0,unclassified,1,0
status_partition_violation,intersect,,120999901000004,3,0,0,0,0,unclassified,1,0
status_partition_violation,intersect,,120999901000005,3,0,0,0,0,unclassified,1,0
status_partition_violation,intersect,,120119800001012,4,0,0,0,0,unclassified,1,0
status_partition_violation,intersect,,120119800001014,4,0,0,0,0,unclassified,1,0
status_partition_violation,intersect,,120119800001020,4,0,0,0,0,unclassified,1,0
status_partition_violation,intersect,,120119800001021,4,0,0,0,0,unclassified,1,0
status_partition_violation,intersect,,120119800001022,4,0,0,0,0,unclassified,1,0
status_partition_violation,intersect,,120119800001023,4,0,0,0,0,unclassified,1,0
status_partition_violation,intersect,,120119800001024,4,0,0,0,0,unclassified,1,0
status_partition_violation,intersect,,120119800001037,4,0,0,0,0,unclassified,1,0
status_partition_violation,intersect,,120119800001050,4,0,0,0,0,unclassified,1,0
status_partition_violation,intersect,,120119800001051,4,0,0,0,0,unclassified,1,0
status_partition_violation,intersect,,120119800001052,4,0,0,0,0,unclassified,1,0
status_partition_violation,intersect,,120119800001053,4,0,0,0,0,unclassified,1,0
status_partition_violation,intersect,,120119800001057,4,0,0,0,0,unclassified,1,0
status_partition_violation,intersect,,120119800001058,4,0,0,0,0,unclassified,1,0
status_partition_violation,intersect,,120119800001059,4,0,0,0,0,unclassified,1,0
status_partition_violation,intersect,,120119800001072,4,0,0,0,0,unclassified,1,0
status_partition_violation,intersect,,120860114081091,4,0,0,0,0,unclassified,1,0
status_partition_violation,intersect,,120860114081092,4,0,0,0,0,unclassified,1,0
status_partition_violation,intersect,,120860115003000,4,0,0,0,0,unclassified,1,0
status_partition_violation,intersect,,120860115003001,4,0,0,0,0,unclassified,1,0
status_partition_violation,intersect,,120860115003002,4,0,0,0,0,unclassified,1,0
status_partition_violation,intersect,,120860115003003,4,0,0,0,0,unclassified,1,0
status_partition_violation,intersect,,120860115003004,4,0,0,0,0,unclassified,1,0
status_partition_violation,intersect,,120860115003005,4,0,0,0,0,unclassified,1,0
status_partition_violation,intersect,,120860115003006,4,0,0,0,0,unclassified,1,0
status_partition_violation,intersect,,120860115003007,4,0,0,0,0,unclassified,1,0
status_partition_violation,intersect,,120860115003022,4,0,0,0,0,unclassified,1,0
status_partition_violation,intersect,,120860115003023,4,0,0,0,0,unclassified,1,0
status_partition_violation,intersect,,120860115003030,4,0,0,0,0,unclassified,1,0
status_partition_violation,intersect,,120860115003032,4,0,0,0,0,unclassified,1,0
status_partition_violation,intersect,,120860115003033,4,0,0,0,0,unclassified,1,0
status_partition_violation,intersect,,120860115003034,4,0,0,0,0,unclassified,1,0
status_partition_violation,intersect,,120860115003035,4,0,0,0,0,unclassified,1,0
status_partition_violation,intersect,,120860115003039,4,0,0,0,0,unclassified,1,0
status_partition_violation,intersect,,120860115003041,4,0,0,0,0,unclassified,1,0
status_partition_violation,intersect,,120860115003046,4,0,0,0,0,unclassified,1,0
status_partition_violation,intersect,,120860115003050,4,0,0,0,0,unclassified,1,0
status_partition_violation,intersect,,120860115003051,4,0,0,0,0,unclassified,1,0
status_partition_violation,intersect,,120860115003113,4,0,0,0,0,unclassified,1,0
status_partition_violation,intersect,,120860115003152,4,0,0,0,0,unclassified,1,0
status_partition_violation,intersect,,120860115003155,4,0,0,0,0,unclassified,1,0
status_partition_violation,intersect,,120860141001037,4,0,0,0,0,unclassified,1,0
status_partition_violation,intersect,,120869811001029,4,0,0,0,0,unclassified,1,0
status_partition_violation,intersect,,120869811001031,4,0,0,0,0,unclassified,1,0
status_partition_violation,intersect,,120869811001032,4,0,0,0,0,unclassified,1,0
status_partition_violation,intersect,,120869811001033,4,0,0,0,0,unclassified,1,0
status_partition_violation,intersect,,120869811001034,4,0,0,0,0,unclassified,1,0
status_partition_violation,intersect,,120869811001035,4,0,0,0,0,unclassified,1,0
status_partition_violation,intersect,,120869811001037,4,0,0,0,0,unclassified,1,0
status_partition_violation,intersect,,120869811001039,4,0,0,0,0,unclassified,1,0
status_partition_violation,intersect,,120869811001040,4,0,0,0,0,unclassified,1,0
status_partition_violation,intersect,,120869811001064,4,0,0,0,0,unclassified,1,0
status_partition_violation,intersect,,120869811001068,4,0,0,0,0,unclassified,1,0
status_partition_violation,intersect,,120869900000027,4,0,0,0,0,unclassified,1,0
status_partition_violation,intersect,,120990077211004,4,0,0,0,0,unclassified,1,0
status_partition_violation,intersect,,120990077211008,4,0,0,0,0,unclassified,1,0
status_partition_violation,intersect,,120990079151002,4,0,0,0,0,unclassified,1,0
status_partition_violation,intersect,,120990079151018,4,0,0,0,0,unclassified,1,0
status_partition_violation,intersect,,120990079151034,4,0,0,0,0,unclassified,1,0
status_partition_violation,intersect,,120990079151054,4,0,0,0,0,unclassified,1,0
status_partition_violation,intersect,,120990079174007,4,0,0,0,0,unclassified,1,0
status_partition_violation,intersect,,120990079174008,4,0,0,0,0,unclassified,1,0
status_partition_violation,intersect,,120990079174009,4,0,0,0,0,unclassified,1,0
status_partition_violation,intersect,,120990079174015,4,0,0,0,0,unclassified,1,0
status_partition_violation,intersect,,120990079174018,4,0,0,0,0,unclassified,1,0
status_partition_violation,intersect,,120990079174019,4,0,0,0,0,unclassified,1,0
status_partition_violation,intersect,,120990079174020,4,0,0,0,0,unclassified,1,0
status_partition_violation,intersect,,120990079174021,4,0,0,0,0,unclassified,1,0
status_partition_violation,intersect,,120990079174025,4,0,0,0,0,unclassified,1,0
status_partition_violation,intersect,,120990079174028,4,0,0,0,0,unclassified,1,0
status_partition_violation,intersect,,120990079174029,4,0,0,0,0,unclassified,1,0
status_partition_violation,intersect,,120990079174030,4,0,0,0,0,unclassified,1,0
status_partition_violation,intersect,,120990079174057,4,0,0,0,0,unclassified,1,0
status_partition_violation,intersect,,120990079174087,4,0,0,0,0,unclassified,1,0
status_partition_violation,intersect,,120990079174096,4,0,0,0,0,unclassified,1,0
status_partition_violation,intersect,,120990079174105,4,0,0,0,0,unclassified,1,0
status_partition_violation,intersect,,120990079174122,4,0,0,0,0,unclassified,1,0
status_partition_violation,intersect,,120990079174126,4,0,0,0,0,unclassified,1,0
status_partition_violation,intersect,,120990079174128,4,0,0,0,0,unclassified,1,0
status_partition_violation,intersect,,120990079174142,4,0,0,0,0,unclassified,1,0
status_partition_violation,intersect,,120990079174147,4,0,0,0,0,unclassified,1,0
status_partition_violation,intersect,,120990079174150,4,0,0,0,0,unclassified,1,0
status_partition_violation,intersect,,120990079174156,4,0,0,0,0,unclassified,1,0
status_partition_violation,intersect,,120990079174177,4,0,0,0,0,unclassified,1,0
status_partition_violation,intersect,,120990079174178,4,0,0,0,0,unclassified,1,0
status_partition_violation,intersect,,120990079174180,4,0,0,0,0,unclassified,1,0
status_partition_violation,intersect,,120990079174181,4,0,0,0,0,unclassified,1,0
status_partition_violation,intersect,,120990079174191,4,0,0,0,0,unclassified,1,0
status_partition_violation,intersect,,120990079174192,4,0,0,0,0,unclassified,1,0
status_partition_violation,intersect,,120990079174193,4,0,0,0,0,unclassified,1,0
status_partition_violation,intersect,,120990079174194,4,0,0,0,0,unclassified,1,0
status_partition_violation,intersect,,120990079174195,4,0,0,0,0,unclassified,1,0
status_partition_violation,intersect,,120990079174196,4,0,0,0,0,unclassified,1,0
status_partition_violation,intersect,,120990079174198,4,0,0,0,0,unclassified,1,0
status_partition_violation,intersect,,120990079174199,4,0,0,0,0,unclassified,1,0
status_partition_violation,intersect,,120990079174200,4,0,0,0,0,unclassified,1,0
status_partition_violation,intersect,,120990079174207,4,0,0,0,0,unclassified,1,0
status_partition_violation,intersect,,120990079174208,4,0,0,0,0,unclassified,1,0
status_partition_violation,intersect,,120990079174209,4,0,0,0,0,unclassified,1,0
status_partition_violation,intersect,,120990079174210,4,0,0,0,0,unclassified,1,0
status_partition_violation,intersect,,120990080013010,4,0,0,0,0,unclassified,1,0
status_partition_violation,intersect,,120990080013027,4,0,0,0,0,unclassified,1,0
status_partition_violation,intersect,,120990080013028,4,0,0,0,0,unclassified,1,0
status_partition_violation,intersect,,120990080013030,4,0,0,0,0,unclassified,1,0
status_partition_violation,intersect,,120990081011003,4,0,0,0,0,unclassified,1,0
status_partition_violation,intersect,,120990081011004,4,0,0,0,0,unclassified,1,0
status_partition_violation,intersect,,120990081011033,4,0,0,0,0,unclassified,1,0
status_partition_violation,intersect,,120990082031050,4,0,0,0,0,unclassified,1,0
status_partition_violation,intersect,,120990083011036,4,0,0,0,0,unclassified,1,0
status_partition_violation,intersect,,120990083011037,4,0,0,0,0,unclassified,1,0
status_partition_violation,intersect,,120990083011040,4,0,0,0,0,unclassified,1,0
status_partition_violation,intersect,,120990083011046,4,0,0,0,0,unclassified,1,0
status_partition_violation,intersect,,120990083011047,4,0,0,0,0,unclassified,1,0
status_partition_violation,intersect,,120990083011048,4,0,0,0,0,unclassified,1,0
status_partition_violation,intersect,,120990083011049,4,0,0,0,0,unclassified,1,0
status_partition_violation,intersect,,120990083011050,4,0,0,0,0,unclassified,1,0
status_partition_violation,intersect,,120990083011051,4,0,0,0,0,unclassified,1,0
status_partition_violation,intersect,,120990083011052,4,0,0,0,0,unclassified,1,0
status_partition_violation,intersect,,120990083011053,4,0,0,0,0,unclassified,1,0
status_partition_violation,intersect,,120990083011054,4,0,0,0,0,unclassified,1,0
status_partition_violation,intersect,,120990083012005,4,0,0,0,0,unclassified,1,0
status_partition_violation,intersect,,120990083012009,4,0,0,0,0,unclassified,1,0
status_partition_violation,intersect,,120990083012016,4,0,0,0,0,unclassified,1,0
status_partition_violation,intersect,,120990083012040,4,0,0,0,0,unclassified,1,0
status_partition_violation,intersect,,120990083012042,4,0,0,0,0,unclassified,1,0
status_partition_violation,intersect,,120990083012043,4,0,0,0,0,unclassified,1,0
status_partition_violation,intersect,,120990083012044,4,0,0,0,0,unclassified,1,0
status_partition_violation,intersect,,120999801001003,4,0,0,0,0,unclassified,1,0
status_partition_violation,intersect,,120999801001004,4,0,0,0,0,unclassified,1,0
status_partition_violation,intersect,,120999802001007,4,0,0,0,0,unclassified,1,0
status_partition_violation,intersect,,120999802001016,4,0,0,0,0,unclassified,1,0
status_partition_violation,intersect,,120999802001017,4,0,0,0,0,unclassified,1,0
status_partition_violation,intersect,,120999804001000,4,0,0,0,0,unclassified,1,0
status_partition_violation,intersect,,120999804001002,4,0,0,0,0,unclassified,1,0
status_partition_violation,intersect,,120999804001005,4,0,0,0,0,unclassified,1,0
status_partition_violation,intersect,,120999804001007,4,0,0,0,0,unclassified,1,0
status_partition_violation,intersect,,120999804001009,4,0,0,0,0,unclassified,1,0
status_partition_violation,intersect,,120999901000001,4,0,0,0,0,unclassified,1,0
status_partition_violation,intersect,,120999901000002,4,0,0,0,0,unclassified,1,0
status_partition_violation,intersect,,120999901000004,4,0,0,0,0,unclassified,1,0
status_partition_violation,intersect,,120999901000005,4,0,0,0,0,unclassified,1,0
status_partition_violation,intersect,,120119800001012,5,0,0,0,0,unclassified,1,0
status_partition_violation,intersect,,120119800001014,5,0,0,0,0,unclassified,1,0
status_partition_violation,intersect,,120119800001020,5,0,0,0,0,unclassified,1,0
status_partition_violation,intersect,,120119800001021,5,0,0,0,0,unclassified,1,0
status_partition_violation,intersect,,120119800001022,5,0,0,0,0,unclassified,1,0
status_partition_violation,intersect,,120119800001023,5,0,0,0,0,unclassified,1,0
status_partition_violation,intersect,,120119800001024,5,0,0,0,0,unclassified,1,0
status_partition_violation,intersect,,120119800001037,5,0,0,0,0,unclassified,1,0
status_partition_violation,intersect,,120119800001050,5,0,0,0,0,unclassified,1,0
status_partition_violation,intersect,,120119800001051,5,0,0,0,0,unclassified,1,0
status_partition_violation,intersect,,120119800001052,5,0,0,0,0,unclassified,1,0
status_partition_violation,intersect,,120119800001053,5,0,0,0,0,unclassified,1,0
status_partition_violation,intersect,,120119800001057,5,0,0,0,0,unclassified,1,0
status_partition_violation,intersect,,120119800001058,5,0,0,0,0,unclassified,1,0
status_partition_violation,intersect,,120119800001059,5,0,0,0,0,unclassified,1,0
status_partition_violation,intersect,,120119800001072,5,0,0,0,0,unclassified,1,0
status_partition_violation,intersect,,120860115003000,5,0,0,0,0,unclassified,1,0
status_partition_violation,intersect,,120860115003001,5,0,0,0,0,unclassified,1,0
status_partition_violation,intersect,,120860115003002,5,0,0,0,0,unclassified,1,0
status_partition_violation,intersect,,120860115003003,5,0,0,0,0,unclassified,1,0
status_partition_violation,intersect,,120860115003004,5,0,0,0,0,unclassified,1,0
status_partition_violation,intersect,,120860115003005,5,0,0,0,0,unclassified,1,0
status_partition_violation,intersect,,120860115003006,5,0,0,0,0,unclassified,1,0
status_partition_violation,intersect,,120860115003007,5,0,0,0,0,unclassified,1,0
status_partition_violation,intersect,,120860115003030,5,0,0,0,0,unclassified,1,0
status_partition_violation,intersect,,120860115003032,5,0,0,0,0,unclassified,1,0
status_partition_violation,intersect,,120860115003033,5,0,0,0,0,unclassified,1,0
status_partition_violation,intersect,,120860115003034,5,0,0,0,0,unclassified,1,0
status_partition_violation,intersect,,120860115003035,5,0,0,0,0,unclassified,1,0
status_partition_violation,intersect,,120860115003039,5,0,0,0,0,unclassified,1,0
status_partition_violation,intersect,,120860115003050,5,0,0,0,0,unclassified,1,0
status_partition_violation,intersect,,120860115003051,5,0,0,0,0,unclassified,1,0
status_partition_violation,intersect,,120860141001037,5,0,0,0,0,unclassified,1,0
status_partition_violation,intersect,,120869811001029,5,0,0,0,0,unclassified,1,0
status_partition_violation,intersect,,120869811001031,5,0,0,0,0,unclassified,1,0
status_partition_violation,intersect,,120869811001032,5,0,0,0,0,unclassified,1,0
status_partition_violation,intersect,,120869811001033,5,0,0,0,0,unclassified,1,0
status_partition_violation,intersect,,120869811001034,5,0,0,0,0,unclassified,1,0
status_partition_violation,intersect,,120869811001035,5,0,0,0,0,unclassified,1,0
status_partition_violation,intersect,,120869811001037,5,0,0,0,0,unclassified,1,0
status_partition_violation,intersect,,120869811001039,5,0,0,0,0,unclassified,1,0
status_partition_violation,intersect,,120869811001040,5,0,0,0,0,unclassified,1,0
status_partition_violation,intersect,,120869811001064,5,0,0,0,0,unclassified,1,0
status_partition_violation,intersect,,120869811001068,5,0,0,0,0,unclassified,1,0
status_partition_violation,intersect,,120869900000027,5,0,0,0,0,unclassified,1,0
status_partition_violation,intersect,,120990077211004,5,0,0,0,0,unclassified,1,0
status_partition_violation,intersect,,120990077211008,5,0,0,0,0,unclassified,1,0
status_partition_violation,intersect,,120990079151002,5,0,0,0,0,unclassified,1,0
status_partition_violation,intersect,,120990079151018,5,0,0,0,0,unclassified,1,0
status_partition_violation,intersect,,120990079151034,5,0,0,0,0,unclassified,1,0
status_partition_violation,intersect,,120990079151054,5,0,0,0,0,unclassified,1,0
status_partition_violation,intersect,,120990079174007,5,0,0,0,0,unclassified,1,0
status_partition_violation,intersect,,120990079174008,5,0,0,0,0,unclassified,1,0
status_partition_violation,intersect,,120990079174009,5,0,0,0,0,unclassified,1,0
status_partition_violation,intersect,,120990079174015,5,0,0,0,0,unclassified,1,0
status_partition_violation,intersect,,120990079174018,5,0,0,0,0,unclassified,1,0
status_partition_violation,intersect,,120990079174019,5,0,0,0,0,unclassified,1,0
status_partition_violation,intersect,,120990079174020,5,0,0,0,0,unclassified,1,0
status_partition_violation,intersect,,120990079174021,5,0,0,0,0,unclassified,1,0
status_partition_violation,intersect,,120990079174025,5,0,0,0,0,unclassified,1,0
status_partition_violation,intersect,,120990079174028,5,0,0,0,0,unclassified,1,0
status_partition_violation,intersect,,120990079174029,5,0,0,0,0,unclassified,1,0
status_partition_violation,intersect,,120990079174030,5,0,0,0,0,unclassified,1,0
status_partition_violation,intersect,,120990079174057,5,0,0,0,0,unclassified,1,0
status_partition_violation,intersect,,120990079174087,5,0,0,0,0,unclassified,1,0
status_partition_violation,intersect,,120990079174096,5,0,0,0,0,unclassified,1,0
status_partition_violation,intersect,,120990079174105,5,0,0,0,0,unclassified,1,0
status_partition_violation,intersect,,120990079174122,5,0,0,0,0,unclassified,1,0
status_partition_violation,intersect,,120990079174126,5,0,0,0,0,unclassified,1,0
status_partition_violation,intersect,,120990079174128,5,0,0,0,0,unclassified,1,0
status_partition_violation,intersect,,120990079174142,5,0,0,0,0,unclassified,1,0
status_partition_violation,intersect,,120990079174147,5,0,0,0,0,unclassified,1,0
status_partition_violation,intersect,,120990079174150,5,0,0,0,0,unclassified,1,0
status_partition_violation,intersect,,120990079174156,5,0,0,0,0,unclassified,1,0
status_partition_violation,intersect,,120990079174177,5,0,0,0,0,unclassified,1,0
status_partition_violation,intersect,,120990079174178,5,0,0,0,0,unclassified,1,0
status_partition_violation,intersect,,120990079174180,5,0,0,0,0,unclassified,1,0
status_partition_violation,intersect,,120990079174181,5,0,0,0,0,unclassified,1,0
status_partition_violation,intersect,,120990079174191,5,0,0,0,0,unclassified,1,0
status_partition_violation,intersect,,120990079174192,5,0,0,0,0,unclassified,1,0
status_partition_violation,intersect,,120990079174193,5,0,0,0,0,unclassified,1,0
status_partition_violation,intersect,,120990079174194,5,0,0,0,0,unclassified,1,0
status_partition_violation,intersect,,120990079174195,5,0,0,0,0,unclassified,1,0
status_partition_violation,intersect,,120990079174196,5,0,0,0,0,unclassified,1,0
status_partition_violation,intersect,,120990079174198,5,0,0,0,0,unclassified,1,0
status_partition_violation,intersect,,120990079174199,5,0,0,0,0,unclassified,1,0
status_partition_violation,intersect,,120990079174200,5,0,0,0,0,unclassified,1,0
status_partition_violation,intersect,,120990079174207,5,0,0,0,0,unclassified,1,0
status_partition_violation,intersect,,120990079174208,5,0,0,0,0,unclassified,1,0
status_partition_violation,intersect,,120990079174209,5,0,0,0,0,unclassified,1,0
status_partition_violation,intersect,,120990079174210,5,0,0,0,0,unclassified,1,0
status_partition_violation,intersect,,120990080013010,5,0,0,0,0,unclassified,1,0
status_partition_violation,intersect,,120990080013027,5,0,0,0,0,unclassified,1,0
status_partition_violation,intersect,,120990080013028,5,0,0,0,0,unclassified,1,0
status_partition_violation,intersect,,120990080013030,5,0,0,0,0,unclassified,1,0
status_partition_violation,intersect,,120990081011003,5,0,0,0,0,unclassified,1,0
status_partition_violation,intersect,,120990081011004,5,0,0,0,0,unclassified,1,0
status_partition_violation,intersect,,120990081011033,5,0,0,0,0,unclassified,1,0
status_partition_violation,intersect,,120990082031050,5,0,0,0,0,unclassified,1,0
status_partition_violation,intersect,,120990083011036,5,0,0,0,0,unclassified,1,0
status_partition_violation,intersect,,120990083011037,5,0,0,0,0,unclassified,1,0
status_partition_violation,intersect,,120990083011040,5,0,0,0,0,unclassified,1,0
status_partition_violation,intersect,,120990083011046,5,0,0,0,0,unclassified,1,0
status_partition_violation,intersect,,120990083011047,5,0,0,0,0,unclassified,1,0
status_partition_violation,intersect,,120990083011048,5,0,0,0,0,unclassified,1,0
status_partition_violation,intersect,,120990083011049,5,0,0,0,0,unclassified,1,0
status_partition_violation,intersect,,120990083011050,5,0,0,0,0,unclassified,1,0
status_partition_violation,intersect,,120990083011051,5,0,0,0,0,unclassified,1,0
status_partition_violation,intersect,,120990083011052,5,0,0,0,0,unclassified,1,0
status_partition_violation,intersect,,120990083011053,5,0,0,0,0,unclassified,1,0
status_partition_violation,intersect,,120990083011054,5,0,0,0,0,unclassified,1,0
status_partition_violation,intersect,,120990083012005,5,0,0,0,0,unclassified,1,0
status_partition_violation,intersect,,120990083012009,5,0,0,0,0,unclassified,1,0
status_partition_violation,intersect,,120990083012016,5,0,0,0,0,unclassified,1,0
status_partition_violation,intersect,,120990083012040,5,0,0,0,0,unclassified,1,0
status_partition_violation,intersect,,120990083012042,5,0,0,0,0,unclassified,1,0
status_partition_violation,intersect,,120990083012043,5,0,0,0,0,unclassified,1,0
status_partition_violation,intersect,,120990083012044,5,0,0,0,0,unclassified,1,0
status_partition_violation,intersect,,120999801001003,5,0,0,0,0,unclassified,1,0
status_partition_violation,intersect,,120999801001004,5,0,0,0,0,unclassified,1,0
status_partition_violation,intersect,,120999802001007,5,0,0,0,0,unclassified,1,0
status_partition_violation,intersect,,120999802001016,5,0,0,0,0,unclassified,1,0
status_partition_violation,intersect,,120999802001017,5,0,0,0,0,unclassified,1,0
status_partition_violation,intersect,,120999804001000,5,0,0,0,0,unclassified,1,0
status_partition_violation,intersect,,120999804001002,5,0,0,0,0,unclassified,1,0
status_partition_violation,intersect,,120999804001005,5,0,0,0,0,unclassified,1,0
status_partition_violation,intersect,,120999804001007,5,0,0,0,0,unclassified,1,0
status_partition_violation,intersect,,120999804001009,5,0,0,0,0,unclassified,1,0
status_partition_violation,intersect,,120999901000001,5,0,0,0,0,unclassified,1,0
status_partition_violation,intersect,,120999901000002,5,0,0,0,0,unclassified,1,0
status_partition_violation,intersect,,120999901000004,5,0,0,0,0,unclassified,1,0
status_partition_violation,intersect,,120999901000005,5,0,0,0,0,unclassified,1,0
status_partition_violation,intersect,,120119800001012,6,0,0,0,0,unclassified,1,0
status_partition_violation,intersect,,120119800001014,6,0,0,0,0,unclassified,1,0
status_partition_violation,intersect,,120119800001020,6,0,0,0,0,unclassified,1,0
status_partition_violation,intersect,,120119800001021,6,0,0,0,0,unclassified,1,0
status_partition_violation,intersect,,120119800001022,6,0,0,0,0,unclassified,1,0
status_partition_violation,intersect,,120119800001023,6,0,0,0,0,unclassified,1,0
status_partition_violation,intersect,,120119800001024,6,0,0,0,0,unclassified,1,0
status_partition_violation,intersect,,120119800001037,6,0,0,0,0,unclassified,1,0
status_partition_violation,intersect,,120119800001050,6,0,0,0,0,unclassified,1,0
status_partition_violation,intersect,,120119800001051,6,0,0,0,0,unclassified,1,0
status_partition_violation,intersect,,120119800001052,6,0,0,0,0,unclassified,1,0
status_partition_violation,intersect,,120119800001053,6,0,0,0,0,unclassified,1,0
status_partition_violation,intersect,,120119800001057,6,0,0,0,0,unclassified,1,0
status_partition_violation,intersect,,120119800001058,6,0,0,0,0,unclassified,1,0
status_partition_violation,intersect,,120119800001059,6,0,0,0,0,unclassified,1,0
status_partition_violation,intersect,,120119800001072,6,0,0,0,0,unclassified,1,0
status_partition_violation,intersect,,120860115003000,6,0,0,0,0,unclassified,1,0
status_partition_violation,intersect,,120860115003001,6,0,0,0,0,unclassified,1,0
status_partition_violation,intersect,,120860115003002,6,0,0,0,0,unclassified,1,0
status_partition_violation,intersect,,120860115003003,6,0,0,0,0,unclassified,1,0
status_partition_violation,intersect,,120860115003004,6,0,0,0,0,unclassified,1,0
status_partition_violation,intersect,,120860115003005,6,0,0,0,0,unclassified,1,0
status_partition_violation,intersect,,120860115003006,6,0,0,0,0,unclassified,1,0
status_partition_violation,intersect,,120860115003007,6,0,0,0,0,unclassified,1,0
status_partition_violation,intersect,,120860115003032,6,0,0,0,0,unclassified,1,0
status_partition_violation,intersect,,120860115003035,6,0,0,0,0,unclassified,1,0
status_partition_violation,intersect,,120869811001035,6,0,0,0,0,unclassified,1,0
status_partition_violation,intersect,,120869900000027,6,0,0,0,0,unclassified,1,0
status_partition_violation,intersect,,120990077211004,6,0,0,0,0,unclassified,1,0
status_partition_violation,intersect,,120990077211008,6,0,0,0,0,unclassified,1,0
status_partition_violation,intersect,,120990079151002,6,0,0,0,0,unclassified,1,0
status_partition_violation,intersect,,120990079151018,6,0,0,0,0,unclassified,1,0
status_partition_violation,intersect,,120990079151034,6,0,0,0,0,unclassified,1,0
status_partition_violation,intersect,,120990079151054,6,0,0,0,0,unclassified,1,0
status_partition_violation,intersect,,120990079174007,6,0,0,0,0,unclassified,1,0
status_partition_violation,intersect,,120990079174008,6,0,0,0,0,unclassified,1,0
status_partition_violation,intersect,,120990079174009,6,0,0,0,0,unclassified,1,0
status_partition_violation,intersect,,120990079174015,6,0,0,0,0,unclassified,1,0
status_partition_violation,intersect,,120990079174018,6,0,0,0,0,unclassified,1,0
status_partition_violation,intersect,,120990079174019,6,0,0,0,0,unclassified,1,0
status_partition_violation,intersect,,120990079174020,6,0,0,0,0,unclassified,1,0
status_partition_violation,intersect,,120990079174021,6,0,0,0,0,unclassified,1,0
status_partition_violation,intersect,,120990079174025,6,0,0,0,0,unclassified,1,0
status_partition_violation,intersect,,120990079174028,6,0,0,0,0,unclassified,1,0
status_partition_violation,intersect,,120990079174029,6,0,0,0,0,unclassified,1,0
status_partition_violation,intersect,,120990079174030,6,0,0,0,0,unclassified,1,0
status_partition_violation,intersect,,120990079174057,6,0,0,0,0,unclassified,1,0
status_partition_violation,intersect,,120990079174087,6,0,0,0,0,unclassified,1,0
status_partition_violation,intersect,,120990079174096,6,0,0,0,0,unclassified,1,0
status_partition_violation,intersect,,120990079174105,6,0,0,0,0,unclassified,1,0
status_partition_violation,intersect,,120990079174122,6,0,0,0,0,unclassified,1,0
status_partition_violation,intersect,,120990079174126,6,0,0,0,0,unclassified,1,0
status_partition_violation,intersect,,120990079174128,6,0,0,0,0,unclassified,1,0
status_partition_violation,intersect,,120990079174142,6,0,0,0,0,unclassified,1,0
status_partition_violation,intersect,,120990079174147,6,0,0,0,0,unclassified,1,0
status_partition_violation,intersect,,120990079174150,6,0,0,0,0,unclassified,1,0
status_partition_violation,intersect,,120990079174156,6,0,0,0,0,unclassified,1,0
status_partition_violation,intersect,,120990079174177,6,0,0,0,0,unclassified,1,0
status_partition_violation,intersect,,120990079174178,6,0,0,0,0,unclassified,1,0
status_partition_violation,intersect,,120990079174180,6,0,0,0,0,unclassified,1,0
status_partition_violation,intersect,,120990079174181,6,0,0,0,0,unclassified,1,0
status_partition_violation,intersect,,120990079174191,6,0,0,0,0,unclassified,1,0
status_partition_violation,intersect,,120990079174192,6,0,0,0,0,unclassified,1,0
status_partition_violation,intersect,,120990079174193,6,0,0,0,0,unclassified,1,0
status_partition_violation,intersect,,120990079174194,6,0,0,0,0,unclassified,1,0
status_partition_violation,intersect,,120990079174195,6,0,0,0,0,unclassified,1,0
status_partition_violation,intersect,,120990079174196,6,0,0,0,0,unclassified,1,0
status_partition_violation,intersect,,120990079174198,6,0,0,0,0,unclassified,1,0
status_partition_violation,intersect,,120990079174199,6,0,0,0,0,unclassified,1,0
status_partition_violation,intersect,,120990079174200,6,0,0,0,0,unclassified,1,0
status_partition_violation,intersect,,120990079174207,6,0,0,0,0,unclassified,1,0
status_partition_violation,intersect,,120990079174208,6,0,0,0,0,unclassified,1,0
status_partition_violation,intersect,,120990079174209,6,0,0,0,0,unclassified,1,0
status_partition_violation,intersect,,120990079174210,6,0,0,0,0,unclassified,1,0
status_partition_violation,intersect,,120990080013010,6,0,0,0,0,unclassified,1,0
status_partition_violation,intersect,,120990080013027,6,0,0,0,0,unclassified,1,0
status_partition_violation,intersect,,120990080013028,6,0,0,0,0,unclassified,1,0
status_partition_violation,intersect,,120990080013030,6,0,0,0,0,unclassified,1,0
status_partition_violation,intersect,,120990081011003,6,0,0,0,0,unclassified,1,0
status_partition_violation,intersect,,120990081011004,6,0,0,0,0,unclassified,1,0
status_partition_violation,intersect,,120990081011033,6,0,0,0,0,unclassified,1,0
status_partition_violation,intersect,,120990082031050,6,0,0,0,0,unclassified,1,0
status_partition_violation,intersect,,120990083011036,6,0,0,0,0,unclassified,1,0
status_partition_violation,intersect,,120990083011037,6,0,0,0,0,unclassified,1,0
status_partition_violation,intersect,,120990083011040,6,0,0,0,0,unclassified,1,0
status_partition_violation,intersect,,120990083011046,6,0,0,0,0,unclassified,1,0
status_partition_violation,intersect,,120990083011047,6,0,0,0,0,unclassified,1,0
status_partition_violation,intersect,,120990083011048,6,0,0,0,0,unclassified,1,0
status_partition_violation,intersect,,120990083011049,6,0,0,0,0,unclassified,1,0
status_partition_violation,intersect,,120990083011050,6,0,0,0,0,unclassified,1,0
status_partition_violation,intersect,,120990083011051,6,0,0,0,0,unclassified,1,0
status_partition_violation,intersect,,120990083011052,6,0,0,0,0,unclassified,1,0
status_partition_violation,intersect,,120990083011053,6,0,0,0,0,unclassified,1,0
status_partition_violation,intersect,,120990083011054,6,0,0,0,0,unclassified,1,0
status_partition_violation,intersect,,120990083012005,6,0,0,0,0,unclassified,1,0
status_partition_violation,intersect,,120990083012009,6,0,0,0,0,unclassified,1,0
status_partition_violation,intersect,,120990083012016,6,0,0,0,0,unclassified,1,0
status_partition_violation,intersect,,120990083012040,6,0,0,0,0,unclassified,1,0
status_partition_violation,intersect,,120990083012042,6,0,0,0,0,unclassified,1,0
status_partition_violation,intersect,,120990083012043,6,0,0,0,0,unclassified,1,0
status_partition_violation,intersect,,120990083012044,6,0,0,0,0,unclassified,1,0
status_partition_violation,intersect,,120999801001003,6,0,0,0,0,unclassified,1,0
status_partition_violation,intersect,,120999801001004,6,0,0,0,0,unclassified,1,0
status_partition_violation,intersect,,120999802001007,6,0,0,0,0,unclassified,1,0
status_partition_violation,intersect,,120999802001016,6,0,0,0,0,unclassified,1,0
status_partition_violation,intersect,,120999802001017,6,0,0,0,0,unclassified,1,0
status_partition_violation,intersect,,120999804001000,6,0,0,0,0,unclassified,1,0
status_partition_violation,intersect,,120999804001002,6,0,0,0,0,unclassified,1,0
status_partition_violation,intersect,,120999804001005,6,0,0,0,0,unclassified,1,0
status_partition_violation,intersect,,120999804001007,6,0,0,0,0,unclassified,1,0
status_partition_violation,intersect,,120999804001009,6,0,0,0,0,unclassified,1,0
status_partition_violation,intersect,,120999901000001,6,0,0,0,0,unclassified,1,0
status_partition_violation,intersect,,120999901000002,6,0,0,0,0,unclassified,1,0
status_partition_violation,intersect,,120999901000004,6,0,0,0,0,unclassified,1,0
status_partition_violation,intersect,,120999901000005,6,0,0,0,0,unclassified,1,0
status_partition_violation,approach,,120119800001012,0,0,0,0,0,unclassified,1,0
status_partition_violation,approach,,120119800001014,0,0,0,0,0,unclassified,1,0
status_partition_violation,approach,,120119800001020,0,0,0,0,0,unclassified,1,0
status_partition_violation,approach,,120119800001021,0,0,0,0,0,unclassified,1,0
status_partition_violation,approach,,120119800001022,0,0,0,0,0,unclassified,1,0
status_partition_violation,approach,,120119800001023,0,0,0,0,0,unclassified,1,0
status_partition_violation,approach,,120119800001024,0,0,0,0,0,unclassified,1,0
status_partition_violation,approach,,120119800001037,0,0,0,0,0,unclassified,1,0
status_partition_violation,approach,,120119800001050,0,0,0,0,0,unclassified,1,0
status_partition_violation,approach,,120119800001051,0,0,0,0,0,unclassified,1,0
status_partition_violation,approach,,120119800001052,0,0,0,0,0,unclassified,1,0
status_partition_violation,approach,,120119800001053,0,0,0,0,0,unclassified,1,0
status_partition_violation,approach,,120119800001057,0,0,0,0,0,unclassified,1,0
status_partition_violation,approach,,120119800001058,0,0,0,0,0,unclassified,1,0
status_partition_violation,approach,,120119800001059,0,0,0,0,0,unclassified,1,0
status_partition_violation,approach,,120119800001072,0,0,0,0,0,unclassified,1,0
status_partition_violation,approach,,120860107061000,0,0,0,0,0,unclassified,1,0
status_partition_violation,approach,,120860114081056,0,0,0,0,0,unclassified,1,0
status_partition_violation,approach,,120860114081057,0,0,0,0,0,unclassified,1,0
status_partition_violation,approach,,120860114081058,0,0,0,0,0,unclassified,1,0
status_partition_violation,approach,,120860114081060,0,0,0,0,0,unclassified,1,0
status_partition_violation,approach,,120860114081069,0,0,0,0,0,unclassified,1,0
status_partition_violation,approach,,120860114081071,0,0,0,0,0,unclassified,1,0
status_partition_violation,approach,,120860114081072,0,0,0,0,0,unclassified,1,0
status_partition_violation,approach,,120860114081073,0,0,0,0,0,unclassified,1,0
status_partition_violation,approach,,120860114081074,0,0,0,0,0,unclassified,1,0
status_partition_violation,approach,,120860114081089,0,0,0,0,0,unclassified,1,0
status_partition_violation,approach,,120860114081090,0,0,0,0,0,unclassified,1,0
status_partition_violation,approach,,120860114081091,0,0,0,0,0,unclassified,1,0
status_partition_violation,approach,,120860114081092,0,0,0,0,0,unclassified,1,0
status_partition_violation,approach,,120860114081096,0,0,0,0,0,unclassified,1,0
status_partition_violation,approach,,120860114081099,0,0,0,0,0,unclassified,1,0
status_partition_violation,approach,,120860114081100,0,0,0,0,0,unclassified,1,0
status_partition_violation,approach,,120860114081112,0,0,0,0,0,unclassified,1,0
status_partition_violation,approach,,120860114081119,0,0,0,0,0,unclassified,1,0
status_partition_violation,approach,,120860114123040,0,0,0,0,0,unclassified,1,0
status_partition_violation,approach,,120860114123053,0,0,0,0,0,unclassified,1,0
status_partition_violation,approach,,120860114123055,0,0,0,0,0,unclassified,1,0
status_partition_violation,approach,,120860114123056,0,0,0,0,0,unclassified,1,0
status_partition_violation,approach,,120860114123057,0,0,0,0,0,unclassified,1,0
status_partition_violation,approach,,120860114123058,0,0,0,0,0,unclassified,1,0
status_partition_violation,approach,,120860114123059,0,0,0,0,0,unclassified,1,0
status_partition_violation,approach,,120860115003000,0,0,0,0,0,unclassified,1,0
status_partition_violation,approach,,120860115003001,0,0,0,0,0,unclassified,1,0
status_partition_violation,approach,,120860115003002,0,0,0,0,0,unclassified,1,0
status_partition_violation,approach,,120860115003003,0,0,0,0,0,unclassified,1,0
status_partition_violation,approach,,120860115003004,0,0,0,0,0,unclassified,1,0
status_partition_violation,approach,,120860115003005,0,0,0,0,0,unclassified,1,0
status_partition_violation,approach,,120860115003006,0,0,0,0,0,unclassified,1,0
status_partition_violation,approach,,120860115003007,0,0,0,0,0,unclassified,1,0
status_partition_violation,approach,,120860115003022,0,0,0,0,0,unclassified,1,0
status_partition_violation,approach,,120860115003023,0,0,0,0,0,unclassified,1,0
status_partition_violation,approach,,120860115003030,0,0,0,0,0,unclassified,1,0
status_partition_violation,approach,,120860115003031,0,0,0,0,0,unclassified,1,0
status_partition_violation,approach,,120860115003032,0,0,0,0,0,unclassified,1,0
status_partition_violation,approach,,120860115003033,0,0,0,0,0,unclassified,1,0
status_partition_violation,approach,,120860115003034,0,0,0,0,0,unclassified,1,0
status_partition_violation,approach,,120860115003035,0,0,0,0,0,unclassified,1,0
status_partition_violation,approach,,120860115003039,0,0,0,0,0,unclassified,1,0
status_partition_violation,approach,,120860115003041,0,0,0,0,0,unclassified,1,0
status_partition_violation,approach,,120860115003046,0,0,0,0,0,unclassified,1,0
status_partition_violation,approach,,120860115003050,0,0,0,0,0,unclassified,1,0
status_partition_violation,approach,,120860115003051,0,0,0,0,0,unclassified,1,0
status_partition_violation,approach,,120860115003113,0,0,0,0,0,unclassified,1,0
status_partition_violation,approach,,120860115003152,0,0,0,0,0,unclassified,1,0
status_partition_violation,approach,,120860115003155,0,0,0,0,0,unclassified,1,0
status_partition_violation,approach,,120860141001037,0,0,0,0,0,unclassified,1,0
status_partition_violation,approach,,120869801001001,0,0,0,0,0,unclassified,1,0
status_partition_violation,approach,,120869801001004,0,0,0,0,0,unclassified,1,0
status_partition_violation,approach,,120869801001005,0,0,0,0,0,unclassified,1,0
status_partition_violation,approach,,120869801001007,0,0,0,0,0,unclassified,1,0
status_partition_violation,approach,,120869811001029,0,0,0,0,0,unclassified,1,0
status_partition_violation,approach,,120869811001031,0,0,0,0,0,unclassified,1,0
status_partition_violation,approach,,120869811001032,0,0,0,0,0,unclassified,1,0
status_partition_violation,approach,,120869811001033,0,0,0,0,0,unclassified,1,0
status_partition_violation,approach,,120869811001034,0,0,0,0,0,unclassified,1,0
status_partition_violation,approach,,120869811001035,0,0,0,0,0,unclassified,1,0
status_partition_violation,approach,,120869811001037,0,0,0,0,0,unclassified,1,0
status_partition_violation,approach,,120869811001039,0,0,0,0,0,unclassified,1,0
status_partition_violation,approach,,120869811001040,0,0,0,0,0,unclassified,1,0
status_partition_violation,approach,,120869811001064,0,0,0,0,0,unclassified,1,0
status_partition_violation,approach,,120869811001068,0,0,0,0,0,unclassified,1,0
status_partition_violation,approach,,120869812001023,0,0,0,0,0,unclassified,1,0
status_partition_violation,approach,,120869900000027,0,0,0,0,0,unclassified,1,0
status_partition_violation,approach,,120990077211004,0,0,0,0,0,unclassified,1,0
status_partition_violation,approach,,120990077211008,0,0,0,0,0,unclassified,1,0
status_partition_violation,approach,,120990079151002,0,0,0,0,0,unclassified,1,0
status_partition_violation,approach,,120990079151018,0,0,0,0,0,unclassified,1,0
status_partition_violation,approach,,120990079151034,0,0,0,0,0,unclassified,1,0
status_partition_violation,approach,,120990079151054,0,0,0,0,0,unclassified,1,0
status_partition_violation,approach,,120990079174007,0,0,0,0,0,unclassified,1,0
status_partition_violation,approach,,120990079174008,0,0,0,0,0,unclassified,1,0
status_partition_violation,approach,,120990079174009,0,0,0,0,0,unclassified,1,0
status_partition_violation,approach,,120990079174015,0,0,0,0,0,unclassified,1,0
status_partition_violation,approach,,120990079174018,0,0,0,0,0,unclassified,1,0
status_partition_violation,approach,,120990079174019,0,0,0,0,0,unclassified,1,0
status_partition_violation,approach,,120990079174020,0,0,0,0,0,unclassified,1,0
status_partition_violation,approach,,120990079174021,0,0,0,0,0,unclassified,1,0
status_partition_violation,approach,,120990079174025,0,0,0,0,0,unclassified,1,0
status_partition_violation,approach,,120990079174028,0,0,0,0,0,unclassified,1,0
status_partition_violation,approach,,120990079174029,0,0,0,0,0,unclassified,1,0
status_partition_violation,approach,,120990079174030,0,0,0,0,0,unclassified,1,0
status_partition_violation,approach,,120990079174057,0,0,0,0,0,unclassified,1,0
status_partition_violation,approach,,120990079174087,0,0,0,0,0,unclassified,1,0
status_partition_violation,approach,,120990079174096,0,0,0,0,0,unclassified,1,0
status_partition_violation,approach,,120990079174105,0,0,0,0,0,unclassified,1,0
status_partition_violation,approach,,120990079174122,0,0,0,0,0,unclassified,1,0
status_partition_violation,approach,,120990079174126,0,0,0,0,0,unclassified,1,0
status_partition_violation,approach,,120990079174128,0,0,0,0,0,unclassified,1,0
status_partition_violation,approach,,120990079174142,0,0,0,0,0,unclassified,1,0
status_partition_violation,approach,,120990079174147,0,0,0,0,0,unclassified,1,0
status_partition_violation,approach,,120990079174150,0,0,0,0,0,unclassified,1,0
status_partition_violation,approach,,120990079174156,0,0,0,0,0,unclassified,1,0
status_partition_violation,approach,,120990079174177,0,0,0,0,0,unclassified,1,0
status_partition_violation,approach,,120990079174178,0,0,0,0,0,unclassified,1,0
status_partition_violation,approach,,120990079174180,0,0,0,0,0,unclassified,1,0
status_partition_violation,approach,,120990079174181,0,0,0,0,0,unclassified,1,0
status_partition_violation,approach,,120990079174191,0,0,0,0,0,unclassified,1,0
status_partition_violation,approach,,120990079174192,0,0,0,0,0,unclassified,1,0
status_partition_violation,approach,,120990079174193,0,0,0,0,0,unclassified,1,0
status_partition_violation,approach,,120990079174194,0,0,0,0,0,unclassified,1,0
status_partition_violation,approach,,120990079174195,0,0,0,0,0,unclassified,1,0
status_partition_violation,approach,,120990079174196,0,0,0,0,0,unclassified,1,0
status_partition_violation,approach,,120990079174198,0,0,0,0,0,unclassified,1,0
status_partition_violation,approach,,120990079174199,0,0,0,0,0,unclassified,1,0
status_partition_violation,approach,,120990079174200,0,0,0,0,0,unclassified,1,0
status_partition_violation,approach,,120990079174207,0,0,0,0,0,unclassified,1,0
status_partition_violation,approach,,120990079174208,0,0,0,0,0,unclassified,1,0
status_partition_violation,approach,,120990079174209,0,0,0,0,0,unclassified,1,0
status_partition_violation,approach,,120990079174210,0,0,0,0,0,unclassified,1,0
status_partition_violation,approach,,120990080013010,0,0,0,0,0,unclassified,1,0
status_partition_violation,approach,,120990080013027,0,0,0,0,0,unclassified,1,0
status_partition_violation,approach,,120990080013028,0,0,0,0,0,unclassified,1,0
status_partition_violation,approach,,120990080013030,0,0,0,0,0,unclassified,1,0
status_partition_violation,approach,,120990081011003,0,0,0,0,0,unclassified,1,0
status_partition_violation,approach,,120990081011004,0,0,0,0,0,unclassified,1,0
status_partition_violation,approach,,120990081011033,0,0,0,0,0,unclassified,1,0
status_partition_violation,approach,,120990082031050,0,0,0,0,0,unclassified,1,0
status_partition_violation,approach,,120990083011036,0,0,0,0,0,unclassified,1,0
status_partition_violation,approach,,120990083011037,0,0,0,0,0,unclassified,1,0
status_partition_violation,approach,,120990083011040,0,0,0,0,0,unclassified,1,0
status_partition_violation,approach,,120990083011046,0,0,0,0,0,unclassified,1,0
status_partition_violation,approach,,120990083011047,0,0,0,0,0,unclassified,1,0
status_partition_violation,approach,,120990083011048,0,0,0,0,0,unclassified,1,0
status_partition_violation,approach,,120990083011049,0,0,0,0,0,unclassified,1,0
status_partition_violation,approach,,120990083011050,0,0,0,0,0,unclassified,1,0
status_partition_violation,approach,,120990083011051,0,0,0,0,0,unclassified,1,0
status_partition_violation,approach,,120990083011052,0,0,0,0,0,unclassified,1,0
status_partition_violation,approach,,120990083011053,0,0,0,0,0,unclassified,1,0
status_partition_violation,approach,,120990083011054,0,0,0,0,0,unclassified,1,0
status_partition_violation,approach,,120990083012005,0,0,0,0,0,unclassified,1,0
status_partition_violation,approach,,120990083012009,0,0,0,0,0,unclassified,1,0
status_partition_violation,approach,,120990083012016,0,0,0,0,0,unclassified,1,0
status_partition_violation,approach,,120990083012040,0,0,0,0,0,unclassified,1,0
status_partition_violation,approach,,120990083012042,0,0,0,0,0,unclassified,1,0
status_partition_violation,approach,,120990083012043,0,0,0,0,0,unclassified,1,0
status_partition_violation,approach,,120990083012044,0,0,0,0,0,unclassified,1,0
status_partition_violation,approach,,120999801001003,0,0,0,0,0,unclassified,1,0
status_partition_violation,approach,,120999801001004,0,0,0,0,0,unclassified,1,0
status_partition_violation,approach,,120999802001007,0,0,0,0,0,unclassified,1,0
status_partition_violation,approach,,120999802001016,0,0,0,0,0,unclassified,1,0
status_partition_violation,approach,,120999802001017,0,0,0,0,0,unclassified,1,0
status_partition_violation,approach,,120999804001000,0,0,0,0,0,unclassified,1,0
status_partition_violation,approach,,120999804001002,0,0,0,0,0,unclassified,1,0
status_partition_violation,approach,,120999804001005,0,0,0,0,0,unclassified,1,0
status_partition_violation,approach,,120999804001007,0,0,0,0,0,unclassified,1,0
status_partition_violation,approach,,120999804001009,0,0,0,0,0,unclassified,1,0
status_partition_violation,approach,,120999901000001,0,0,0,0,0,unclassified,1,0
status_partition_violation,approach,,120999901000002,0,0,0,0,0,unclassified,1,0
status_partition_violation,approach,,120999901000004,0,0,0,0,0,unclassified,1,0
status_partition_violation,approach,,120999901000005,0,0,0,0,0,unclassified,1,0
status_partition_violation,approach,,120119800001012,1,0,0,0,0,unclassified,1,0
status_partition_violation,approach,,120119800001014,1,0,0,0,0,unclassified,1,0
status_partition_violation,approach,,120119800001020,1,0,0,0,0,unclassified,1,0
status_partition_violation,approach,,120119800001021,1,0,0,0,0,unclassified,1,0
status_partition_violation,approach,,120119800001022,1,0,0,0,0,unclassified,1,0
status_partition_violation,approach,,120119800001023,1,0,0,0,0,unclassified,1,0
status_partition_violation,approach,,120119800001024,1,0,0,0,0,unclassified,1,0
status_partition_violation,approach,,120119800001037,1,0,0,0,0,unclassified,1,0
status_partition_violation,approach,,120119800001050,1,0,0,0,0,unclassified,1,0
status_partition_violation,approach,,120119800001051,1,0,0,0,0,unclassified,1,0
status_partition_violation,approach,,120119800001052,1,0,0,0,0,unclassified,1,0
status_partition_violation,approach,,120119800001053,1,0,0,0,0,unclassified,1,0
status_partition_violation,approach,,120119800001057,1,0,0,0,0,unclassified,1,0
status_partition_violation,approach,,120119800001058,1,0,0,0,0,unclassified,1,0
status_partition_violation,approach,,120119800001059,1,0,0,0,0,unclassified,1,0
status_partition_violation,approach,,120119800001072,1,0,0,0,0,unclassified,1,0
status_partition_violation,approach,,120860114081056,1,0,0,0,0,unclassified,1,0
status_partition_violation,approach,,120860114081057,1,0,0,0,0,unclassified,1,0
status_partition_violation,approach,,120860114081058,1,0,0,0,0,unclassified,1,0
status_partition_violation,approach,,120860114081060,1,0,0,0,0,unclassified,1,0
status_partition_violation,approach,,120860114081071,1,0,0,0,0,unclassified,1,0
status_partition_violation,approach,,120860114081089,1,0,0,0,0,unclassified,1,0
status_partition_violation,approach,,120860114081090,1,0,0,0,0,unclassified,1,0
status_partition_violation,approach,,120860114081091,1,0,0,0,0,unclassified,1,0
status_partition_violation,approach,,120860114081092,1,0,0,0,0,unclassified,1,0
status_partition_violation,approach,,120860114123055,1,0,0,0,0,unclassified,1,0
status_partition_violation,approach,,120860114123057,1,0,0,0,0,unclassified,1,0
status_partition_violation,approach,,120860114123058,1,0,0,0,0,unclassified,1,0
status_partition_violation,approach,,120860114123059,1,0,0,0,0,unclassified,1,0
status_partition_violation,approach,,120860115003000,1,0,0,0,0,unclassified,1,0
status_partition_violation,approach,,120860115003001,1,0,0,0,0,unclassified,1,0
status_partition_violation,approach,,120860115003002,1,0,0,0,0,unclassified,1,0
status_partition_violation,approach,,120860115003003,1,0,0,0,0,unclassified,1,0
status_partition_violation,approach,,120860115003004,1,0,0,0,0,unclassified,1,0
status_partition_violation,approach,,120860115003005,1,0,0,0,0,unclassified,1,0
status_partition_violation,approach,,120860115003006,1,0,0,0,0,unclassified,1,0
status_partition_violation,approach,,120860115003007,1,0,0,0,0,unclassified,1,0
status_partition_violation,approach,,120860115003022,1,0,0,0,0,unclassified,1,0
status_partition_violation,approach,,120860115003023,1,0,0,0,0,unclassified,1,0
status_partition_violation,approach,,120860115003030,1,0,0,0,0,unclassified,1,0
status_partition_violation,approach,,120860115003031,1,0,0,0,0,unclassified,1,0
status_partition_violation,approach,,120860115003032,1,0,0,0,0,unclassified,1,0
status_partition_violation,approach,,120860115003033,1,0,0,0,0,unclassified,1,0
status_partition_violation,approach,,120860115003034,1,0,0,0,0,unclassified,1,0
status_partition_violation,approach,,120860115003035,1,0,0,0,0,unclassified,1,0
status_partition_violation,approach,,120860115003039,1,0,0,0,0,unclassified,1,0
status_partition_violation,approach,,120860115003041,1,0,0,0,0,unclassified,1,0
status_partition_violation,approach,,120860115003046,1,0,0,0,0,unclassified,1,0
status_partition_violation,approach,,120860115003050,1,0,0,0,0,unclassified,1,0
status_partition_violation,approach,,120860115003051,1,0,0,0,0,unclassified,1,0
status_partition_violation,approach,,120860115003113,1,0,0,0,0,unclassified,1,0
status_partition_violation,approach,,120860115003152,1,0,0,0,0,unclassified,1,0
status_partition_violation,approach,,120860115003155,1,0,0,0,0,unclassified,1,0
status_partition_violation,approach,,120860141001037,1,0,0,0,0,unclassified,1,0
status_partition_violation,approach,,120869801001005,1,0,0,0,0,unclassified,1,0
status_partition_violation,approach,,120869801001007,1,0,0,0,0,unclassified,1,0
status_partition_violation,approach,,120869811001029,1,0,0,0,0,unclassified,1,0
status_partition_violation,approach,,120869811001031,1,0,0,0,0,unclassified,1,0
status_partition_violation,approach,,120869811001032,1,0,0,0,0,unclassified,1,0
status_partition_violation,approach,,120869811001033,1,0,0,0,0,unclassified,1,0
status_partition_violation,approach,,120869811001034,1,0,0,0,0,unclassified,1,0
status_partition_violation,approach,,120869811001035,1,0,0,0,0,unclassified,1,0
status_partition_violation,approach,,120869811001037,1,0,0,0,0,unclassified,1,0
status_partition_violation,approach,,120869811001039,1,0,0,0,0,unclassified,1,0
status_partition_violation,approach,,120869811001040,1,0,0,0,0,unclassified,1,0
status_partition_violation,approach,,120869811001064,1,0,0,0,0,unclassified,1,0
status_partition_violation,approach,,120869811001068,1,0,0,0,0,unclassified,1,0
status_partition_violation,approach,,120869812001023,1,0,0,0,0,unclassified,1,0
status_partition_violation,approach,,120869900000027,1,0,0,0,0,unclassified,1,0
status_partition_violation,approach,,120990077211004,1,0,0,0,0,unclassified,1,0
status_partition_violation,approach,,120990077211008,1,0,0,0,0,unclassified,1,0
status_partition_violation,approach,,120990079151002,1,0,0,0,0,unclassified,1,0
status_partition_violation,approach,,120990079151018,1,0,0,0,0,unclassified,1,0
status_partition_violation,approach,,120990079151034,1,0,0,0,0,unclassified,1,0
status_partition_violation,approach,,120990079151054,1,0,0,0,0,unclassified,1,0
status_partition_violation,approach,,120990079174007,1,0,0,0,0,unclassified,1,0
status_partition_violation,approach,,120990079174008,1,0,0,0,0,unclassified,1,0
status_partition_violation,approach,,120990079174009,1,0,0,0,0,unclassified,1,0
status_partition_violation,approach,,120990079174015,1,0,0,0,0,unclassified,1,0
status_partition_violation,approach,,120990079174018,1,0,0,0,0,unclassified,1,0
status_partition_violation,approach,,120990079174019,1,0,0,0,0,unclassified,1,0
status_partition_violation,approach,,120990079174020,1,0,0,0,0,unclassified,1,0
status_partition_violation,approach,,120990079174021,1,0,0,0,0,unclassified,1,0
status_partition_violation,approach,,120990079174025,1,0,0,0,0,unclassified,1,0
status_partition_violation,approach,,120990079174028,1,0,0,0,0,unclassified,1,0
status_partition_violation,approach,,120990079174029,1,0,0,0,0,unclassified,1,0
status_partition_violation,approach,,120990079174030,1,0,0,0,0,unclassified,1,0
status_partition_violation,approach,,120990079174057,1,0,0,0,0,unclassified,1,0
status_partition_violation,approach,,120990079174087,1,0,0,0,0,unclassified,1,0
status_partition_violation,approach,,120990079174096,1,0,0,0,0,unclassified,1,0
status_partition_violation,approach,,120990079174105,1,0,0,0,0,unclassified,1,0
status_partition_violation,approach,,120990079174122,1,0,0,0,0,unclassified,1,0
status_partition_violation,approach,,120990079174126,1,0,0,0,0,unclassified,1,0
status_partition_violation,approach,,120990079174128,1,0,0,0,0,unclassified,1,0
status_partition_violation,approach,,120990079174142,1,0,0,0,0,unclassified,1,0
status_partition_violation,approach,,120990079174147,1,0,0,0,0,unclassified,1,0
status_partition_violation,approach,,120990079174150,1,0,0,0,0,unclassified,1,0
status_partition_violation,approach,,120990079174156,1,0,0,0,0,unclassified,1,0
status_partition_violation,approach,,120990079174177,1,0,0,0,0,unclassified,1,0
status_partition_violation,approach,,120990079174178,1,0,0,0,0,unclassified,1,0
status_partition_violation,approach,,120990079174180,1,0,0,0,0,unclassified,1,0
status_partition_violation,approach,,120990079174181,1,0,0,0,0,unclassified,1,0
status_partition_violation,approach,,120990079174191,1,0,0,0,0,unclassified,1,0
status_partition_violation,approach,,120990079174192,1,0,0,0,0,unclassified,1,0
status_partition_violation,approach,,120990079174193,1,0,0,0,0,unclassified,1,0
status_partition_violation,approach,,120990079174194,1,0,0,0,0,unclassified,1,0
status_partition_violation,approach,,120990079174195,1,0,0,0,0,unclassified,1,0
status_partition_violation,approach,,120990079174196,1,0,0,0,0,unclassified,1,0
status_partition_violation,approach,,120990079174198,1,0,0,0,0,unclassified,1,0
status_partition_violation,approach,,120990079174199,1,0,0,0,0,unclassified,1,0
status_partition_violation,approach,,120990079174200,1,0,0,0,0,unclassified,1,0
status_partition_violation,approach,,120990079174207,1,0,0,0,0,unclassified,1,0
status_partition_violation,approach,,120990079174208,1,0,0,0,0,unclassified,1,0
status_partition_violation,approach,,120990079174209,1,0,0,0,0,unclassified,1,0
status_partition_violation,approach,,120990079174210,1,0,0,0,0,unclassified,1,0
status_partition_violation,approach,,120990080013010,1,0,0,0,0,unclassified,1,0
status_partition_violation,approach,,120990080013027,1,0,0,0,0,unclassified,1,0
status_partition_violation,approach,,120990080013028,1,0,0,0,0,unclassified,1,0
status_partition_violation,approach,,120990080013030,1,0,0,0,0,unclassified,1,0
status_partition_violation,approach,,120990081011003,1,0,0,0,0,unclassified,1,0
status_partition_violation,approach,,120990081011004,1,0,0,0,0,unclassified,1,0
status_partition_violation,approach,,120990081011033,1,0,0,0,0,unclassified,1,0
status_partition_violation,approach,,120990082031050,1,0,0,0,0,unclassified,1,0
status_partition_violation,approach,,120990083011036,1,0,0,0,0,unclassified,1,0
status_partition_violation,approach,,120990083011037,1,0,0,0,0,unclassified,1,0
status_partition_violation,approach,,120990083011040,1,0,0,0,0,unclassified,1,0
status_partition_violation,approach,,120990083011046,1,0,0,0,0,unclassified,1,0
status_partition_violation,approach,,120990083011047,1,0,0,0,0,unclassified,1,0
status_partition_violation,approach,,120990083011048,1,0,0,0,0,unclassified,1,0
status_partition_violation,approach,,120990083011049,1,0,0,0,0,unclassified,1,0
status_partition_violation,approach,,120990083011050,1,0,0,0,0,unclassified,1,0
status_partition_violation,approach,,120990083011051,1,0,0,0,0,unclassified,1,0
status_partition_violation,approach,,120990083011052,1,0,0,0,0,unclassified,1,0
status_partition_violation,approach,,120990083011053,1,0,0,0,0,unclassified,1,0
status_partition_violation,approach,,120990083011054,1,0,0,0,0,unclassified,1,0
status_partition_violation,approach,,120990083012005,1,0,0,0,0,unclassified,1,0
status_partition_violation,approach,,120990083012009,1,0,0,0,0,unclassified,1,0
status_partition_violation,approach,,120990083012016,1,0,0,0,0,unclassified,1,0
status_partition_violation,approach,,120990083012040,1,0,0,0,0,unclassified,1,0
status_partition_violation,approach,,120990083012042,1,0,0,0,0,unclassified,1,0
status_partition_violation,approach,,120990083012043,1,0,0,0,0,unclassified,1,0
status_partition_violation,approach,,120990083012044,1,0,0,0,0,unclassified,1,0
status_partition_violation,approach,,120999801001003,1,0,0,0,0,unclassified,1,0
status_partition_violation,approach,,120999801001004,1,0,0,0,0,unclassified,1,0
status_partition_violation,approach,,120999802001007,1,0,0,0,0,unclassified,1,0
status_partition_violation,approach,,120999802001016,1,0,0,0,0,unclassified,1,0
status_partition_violation,approach,,120999802001017,1,0,0,0,0,unclassified,1,0
status_partition_violation,approach,,120999804001000,1,0,0,0,0,unclassified,1,0
status_partition_violation,approach,,120999804001002,1,0,0,0,0,unclassified,1,0
status_partition_violation,approach,,120999804001005,1,0,0,0,0,unclassified,1,0
status_partition_violation,approach,,120999804001007,1,0,0,0,0,unclassified,1,0
status_partition_violation,approach,,120999804001009,1,0,0,0,0,unclassified,1,0
status_partition_violation,approach,,120999901000001,1,0,0,0,0,unclassified,1,0
status_partition_violation,approach,,120999901000002,1,0,0,0,0,unclassified,1,0
status_partition_violation,approach,,120999901000004,1,0,0,0,0,unclassified,1,0
status_partition_violation,approach,,120999901000005,1,0,0,0,0,unclassified,1,0
status_partition_violation,approach,,120119800001012,2,0,0,0,0,unclassified,1,0
status_partition_violation,approach,,120119800001014,2,0,0,0,0,unclassified,1,0
status_partition_violation,approach,,120119800001020,2,0,0,0,0,unclassified,1,0
status_partition_violation,approach,,120119800001021,2,0,0,0,0,unclassified,1,0
status_partition_violation,approach,,120119800001022,2,0,0,0,0,unclassified,1,0
status_partition_violation,approach,,120119800001023,2,0,0,0,0,unclassified,1,0
status_partition_violation,approach,,120119800001024,2,0,0,0,0,unclassified,1,0
status_partition_violation,approach,,120119800001037,2,0,0,0,0,unclassified,1,0
status_partition_violation,approach,,120119800001050,2,0,0,0,0,unclassified,1,0
status_partition_violation,approach,,120119800001051,2,0,0,0,0,unclassified,1,0
status_partition_violation,approach,,120119800001052,2,0,0,0,0,unclassified,1,0
status_partition_violation,approach,,120119800001053,2,0,0,0,0,unclassified,1,0
status_partition_violation,approach,,120119800001057,2,0,0,0,0,unclassified,1,0
status_partition_violation,approach,,120119800001058,2,0,0,0,0,unclassified,1,0
status_partition_violation,approach,,120119800001059,2,0,0,0,0,unclassified,1,0
status_partition_violation,approach,,120119800001072,2,0,0,0,0,unclassified,1,0
status_partition_violation,approach,,120860114081056,2,0,0,0,0,unclassified,1,0
status_partition_violation,approach,,120860114081057,2,0,0,0,0,unclassified,1,0
status_partition_violation,approach,,120860114081058,2,0,0,0,0,unclassified,1,0
status_partition_violation,approach,,120860114081060,2,0,0,0,0,unclassified,1,0
status_partition_violation,approach,,120860114081089,2,0,0,0,0,unclassified,1,0
status_partition_violation,approach,,120860114081091,2,0,0,0,0,unclassified,1,0
status_partition_violation,approach,,120860114081092,2,0,0,0,0,unclassified,1,0
status_partition_violation,approach,,120860114123055,2,0,0,0,0,unclassified,1,0
status_partition_violation,approach,,120860114123057,2,0,0,0,0,unclassified,1,0
status_partition_violation,approach,,120860114123058,2,0,0,0,0,unclassified,1,0
status_partition_violation,approach,,120860115003000,2,0,0,0,0,unclassified,1,0
status_partition_violation,approach,,120860115003001,2,0,0,0,0,unclassified,1,0
status_partition_violation,approach,,120860115003002,2,0,0,0,0,unclassified,1,0
status_partition_violation,approach,,120860115003003,2,0,0,0,0,unclassified,1,0
status_partition_violation,approach,,120860115003004,2,0,0,0,0,unclassified,1,0
status_partition_violation,approach,,120860115003005,2,0,0,0,0,unclassified,1,0
status_partition_violation,approach,,120860115003006,2,0,0,0,0,unclassified,1,0
status_partition_violation,approach,,120860115003007,2,0,0,0,0,unclassified,1,0
status_partition_violation,approach,,120860115003022,2,0,0,0,0,unclassified,1,0
status_partition_violation,approach,,120860115003023,2,0,0,0,0,unclassified,1,0
status_partition_violation,approach,,120860115003030,2,0,0,0,0,unclassified,1,0
status_partition_violation,approach,,120860115003031,2,0,0,0,0,unclassified,1,0
status_partition_violation,approach,,120860115003032,2,0,0,0,0,unclassified,1,0
status_partition_violation,approach,,120860115003033,2,0,0,0,0,unclassified,1,0
status_partition_violation,approach,,120860115003034,2,0,0,0,0,unclassified,1,0
status_partition_violation,approach,,120860115003035,2,0,0,0,0,unclassified,1,0
status_partition_violation,approach,,120860115003039,2,0,0,0,0,unclassified,1,0
status_partition_violation,approach,,120860115003041,2,0,0,0,0,unclassified,1,0
status_partition_violation,approach,,120860115003046,2,0,0,0,0,unclassified,1,0
status_partition_violation,approach,,120860115003050,2,0,0,0,0,unclassified,1,0
status_partition_violation,approach,,120860115003051,2,0,0,0,0,unclassified,1,0
status_partition_violation,approach,,120860115003113,2,0,0,0,0,unclassified,1,0
status_partition_violation,approach,,120860115003152,2,0,0,0,0,unclassified,1,0
status_partition_violation,approach,,120860115003155,2,0,0,0,0,unclassified,1,0
status_partition_violation,approach,,120860141001037,2,0,0,0,0,unclassified,1,0
status_partition_violation,approach,,120869811001029,2,0,0,0,0,unclassified,1,0
status_partition_violation,approach,,120869811001031,2,0,0,0,0,unclassified,1,0
status_partition_violation,approach,,120869811001032,2,0,0,0,0,unclassified,1,0
status_partition_violation,approach,,120869811001033,2,0,0,0,0,unclassified,1,0
status_partition_violation,approach,,120869811001034,2,0,0,0,0,unclassified,1,0
status_partition_violation,approach,,120869811001035,2,0,0,0,0,unclassified,1,0
status_partition_violation,approach,,120869811001037,2,0,0,0,0,unclassified,1,0
status_partition_violation,approach,,120869811001039,2,0,0,0,0,unclassified,1,0
status_partition_violation,approach,,120869811001040,2,0,0,0,0,unclassified,1,0
status_partition_violation,approach,,120869811001064,2,0,0,0,0,unclassified,1,0
status_partition_violation,approach,,120869811001068,2,0,0,0,0,unclassified,1,0
status_partition_violation,approach,,120869900000027,2,0,0,0,0,unclassified,1,0
status_partition_violation,approach,,120990077211004,2,0,0,0,0,unclassified,1,0
status_partition_violation,approach,,120990077211008,2,0,0,0,0,unclassified,1,0
status_partition_violation,approach,,120990079151002,2,0,0,0,0,unclassified,1,0
status_partition_violation,approach,,120990079151018,2,0,0,0,0,unclassified,1,0
status_partition_violation,approach,,120990079151034,2,0,0,0,0,unclassified,1,0
status_partition_violation,approach,,120990079151054,2,0,0,0,0,unclassified,1,0
status_partition_violation,approach,,120990079174007,2,0,0,0,0,unclassified,1,0
status_partition_violation,approach,,120990079174008,2,0,0,0,0,unclassified,1,0
status_partition_violation,approach,,120990079174009,2,0,0,0,0,unclassified,1,0
status_partition_violation,approach,,120990079174015,2,0,0,0,0,unclassified,1,0
status_partition_violation,approach,,120990079174018,2,0,0,0,0,unclassified,1,0
status_partition_violation,approach,,120990079174019,2,0,0,0,0,unclassified,1,0
status_partition_violation,approach,,120990079174020,2,0,0,0,0,unclassified,1,0
status_partition_violation,approach,,120990079174021,2,0,0,0,0,unclassified,1,0
status_partition_violation,approach,,120990079174025,2,0,0,0,0,unclassified,1,0
status_partition_violation,approach,,120990079174028,2,0,0,0,0,unclassified,1,0
status_partition_violation,approach,,120990079174029,2,0,0,0,0,unclassified,1,0
status_partition_violation,approach,,120990079174030,2,0,0,0,0,unclassified,1,0
status_partition_violation,approach,,120990079174057,2,0,0,0,0,unclassified,1,0
status_partition_violation,approach,,120990079174087,2,0,0,0,0,unclassified,1,0
status_partition_violation,approach,,120990079174096,2,0,0,0,0,unclassified,1,0
status_partition_violation,approach,,120990079174105,2,0,0,0,0,unclassified,1,0
status_partition_violation,approach,,120990079174122,2,0,0,0,0,unclassified,1,0
status_partition_violation,approach,,120990079174126,2,0,0,0,0,unclassified,1,0
status_partition_violation,approach,,120990079174128,2,0,0,0,0,unclassified,1,0
status_partition_violation,approach,,120990079174142,2,0,0,0,0,unclassified,1,0
status_partition_violation,approach,,120990079174147,2,0,0,0,0,unclassified,1,0
status_partition_violation,approach,,120990079174150,2,0,0,0,0,unclassified,1,0
status_partition_violation,approach,,120990079174156,2,0,0,0,0,unclassified,1,0
status_partition_violation,approach,,120990079174177,2,0,0,0,0,unclassified,1,0
status_partition_violation,approach,,120990079174178,2,0,0,0,0,unclassified,1,0
status_partition_violation,approach,,120990079174180,2,0,0,0,0,unclassified,1,0
status_partition_violation,approach,,120990079174181,2,0,0,0,0,unclassified,1,0
status_partition_violation,approach,,120990079174191,2,0,0,0,0,unclassified,1,0
status_partition_violation,approach,,120990079174192,2,0,0,0,0,unclassified,1,0
status_partition_violation,approach,,120990079174193,2,0,0,0,0,unclassified,1,0
status_partition_violation,approach,,120990079174194,2,0,0,0,0,unclassified,1,0
status_partition_violation,approach,,120990079174195,2,0,0,0,0,unclassified,1,0
status_partition_violation,approach,,120990079174196,2,0,0,0,0,unclassified,1,0
status_partition_violation,approach,,120990079174198,2,0,0,0,0,unclassified,1,0
status_partition_violation,approach,,120990079174199,2,0,0,0,0,unclassified,1,0
status_partition_violation,approach,,120990079174200,2,0,0,0,0,unclassified,1,0
status_partition_violation,approach,,120990079174207,2,0,0,0,0,unclassified,1,0
status_partition_violation,approach,,120990079174208,2,0,0,0,0,unclassified,1,0
status_partition_violation,approach,,120990079174209,2,0,0,0,0,unclassified,1,0
status_partition_violation,approach,,120990079174210,2,0,0,0,0,unclassified,1,0
status_partition_violation,approach,,120990080013010,2,0,0,0,0,unclassified,1,0
status_partition_violation,approach,,120990080013027,2,0,0,0,0,unclassified,1,0
status_partition_violation,approach,,120990080013028,2,0,0,0,0,unclassified,1,0
status_partition_violation,approach,,120990080013030,2,0,0,0,0,unclassified,1,0
status_partition_violation,approach,,120990081011003,2,0,0,0,0,unclassified,1,0
status_partition_violation,approach,,120990081011004,2,0,0,0,0,unclassified,1,0
status_partition_violation,approach,,120990081011033,2,0,0,0,0,unclassified,1,0
status_partition_violation,approach,,120990082031050,2,0,0,0,0,unclassified,1,0
status_partition_violation,approach,,120990083011036,2,0,0,0,0,unclassified,1,0
status_partition_violation,approach,,120990083011037,2,0,0,0,0,unclassified,1,0
status_partition_violation,approach,,120990083011040,2,0,0,0,0,unclassified,1,0
status_partition_violation,approach,,120990083011046,2,0,0,0,0,unclassified,1,0
status_partition_violation,approach,,120990083011047,2,0,0,0,0,unclassified,1,0
status_partition_violation,approach,,120990083011048,2,0,0,0,0,unclassified,1,0
status_partition_violation,approach,,120990083011049,2,0,0,0,0,unclassified,1,0
status_partition_violation,approach,,120990083011050,2,0,0,0,0,unclassified,1,0
status_partition_violation,approach,,120990083011051,2,0,0,0,0,unclassified,1,0
status_partition_violation,approach,,120990083011052,2,0,0,0,0,unclassified,1,0
status_partition_violation,approach,,120990083011053,2,0,0,0,0,unclassified,1,0
status_partition_violation,approach,,120990083011054,2,0,0,0,0,unclassified,1,0
status_partition_violation,approach,,120990083012005,2,0,0,0,0,unclassified,1,0
status_partition_violation,approach,,120990083012009,2,0,0,0,0,unclassified,1,0
status_partition_violation,approach,,120990083012016,2,0,0,0,0,unclassified,1,0
status_partition_violation,approach,,120990083012040,2,0,0,0,0,unclassified,1,0
status_partition_violation,approach,,120990083012042,2,0,0,0,0,unclassified,1,0
status_partition_violation,approach,,120990083012043,2,0,0,0,0,unclassified,1,0
status_partition_violation,approach,,120990083012044,2,0,0,0,0,unclassified,1,0
status_partition_violation,approach,,120999801001003,2,0,0,0,0,unclassified,1,0
status_partition_violation,approach,,120999801001004,2,0,0,0,0,unclassified,1,0
status_partition_violation,approach,,120999802001007,2,0,0,0,0,unclassified,1,0
status_partition_violation,approach,,120999802001016,2,0,0,0,0,unclassified,1,0
status_partition_violation,approach,,120999802001017,2,0,0,0,0,unclassified,1,0
status_partition_violation,approach,,120999804001000,2,0,0,0,0,unclassified,1,0
status_partition_violation,approach,,120999804001002,2,0,0,0,0,unclassified,1,0
status_partition_violation,approach,,120999804001005,2,0,0,0,0,unclassified,1,0
status_partition_violation,approach,,120999804001007,2,0,0,0,0,unclassified,1,0
status_partition_violation,approach,,120999804001009,2,0,0,0,0,unclassified,1,0
status_partition_violation,approach,,120999901000001,2,0,0,0,0,unclassified,1,0
status_partition_violation,approach,,120999901000002,2,0,0,0,0,unclassified,1,0
status_partition_violation,approach,,120999901000004,2,0,0,0,0,unclassified,1,0
status_partition_violation,approach,,120999901000005,2,0,0,0,0,unclassified,1,0
status_partition_violation,approach,,120119800001012,3,0,0,0,0,unclassified,1,0
status_partition_violation,approach,,120119800001014,3,0,0,0,0,unclassified,1,0
status_partition_violation,approach,,120119800001020,3,0,0,0,0,unclassified,1,0
status_partition_violation,approach,,120119800001021,3,0,0,0,0,unclassified,1,0
status_partition_violation,approach,,120119800001022,3,0,0,0,0,unclassified,1,0
status_partition_violation,approach,,120119800001023,3,0,0,0,0,unclassified,1,0
status_partition_violation,approach,,120119800001024,3,0,0,0,0,unclassified,1,0
status_partition_violation,approach,,120119800001037,3,0,0,0,0,unclassified,1,0
status_partition_violation,approach,,120119800001050,3,0,0,0,0,unclassified,1,0
status_partition_violation,approach,,120119800001051,3,0,0,0,0,unclassified,1,0
status_partition_violation,approach,,120119800001052,3,0,0,0,0,unclassified,1,0
status_partition_violation,approach,,120119800001053,3,0,0,0,0,unclassified,1,0
status_partition_violation,approach,,120119800001057,3,0,0,0,0,unclassified,1,0
status_partition_violation,approach,,120119800001058,3,0,0,0,0,unclassified,1,0
status_partition_violation,approach,,120119800001059,3,0,0,0,0,unclassified,1,0
status_partition_violation,approach,,120119800001072,3,0,0,0,0,unclassified,1,0
status_partition_violation,approach,,120860114081091,3,0,0,0,0,unclassified,1,0
status_partition_violation,approach,,120860114081092,3,0,0,0,0,unclassified,1,0
status_partition_violation,approach,,120860114123058,3,0,0,0,0,unclassified,1,0
status_partition_violation,approach,,120860115003000,3,0,0,0,0,unclassified,1,0
status_partition_violation,approach,,120860115003001,3,0,0,0,0,unclassified,1,0
status_partition_violation,approach,,120860115003002,3,0,0,0,0,unclassified,1,0
status_partition_violation,approach,,120860115003003,3,0,0,0,0,unclassified,1,0
status_partition_violation,approach,,120860115003004,3,0,0,0,0,unclassified,1,0
status_partition_violation,approach,,120860115003005,3,0,0,0,0,unclassified,1,0
status_partition_violation,approach,,120860115003006,3,0,0,0,0,unclassified,1,0
status_partition_violation,approach,,120860115003007,3,0,0,0,0,unclassified,1,0
status_partition_violation,approach,,120860115003022,3,0,0,0,0,unclassified,1,0
status_partition_violation,approach,,120860115003023,3,0,0,0,0,unclassified,1,0
status_partition_violation,approach,,120860115003030,3,0,0,0,0,unclassified,1,0
status_partition_violation,approach,,120860115003032,3,0,0,0,0,unclassified,1,0
status_partition_violation,approach,,120860115003033,3,0,0,0,0,unclassified,1,0
status_partition_violation,approach,,120860115003034,3,0,0,0,0,unclassified,1,0
status_partition_violation,approach,,120860115003035,3,0,0,0,0,unclassified,1,0
status_partition_violation,approach,,120860115003039,3,0,0,0,0,unclassified,1,0
status_partition_violation,approach,,120860115003041,3,0,0,0,0,unclassified,1,0
status_partition_violation,approach,,120860115003046,3,0,0,0,0,unclassified,1,0
status_partition_violation,approach,,120860115003050,3,0,0,0,0,unclassified,1,0
status_partition_violation,approach,,120860115003051,3,0,0,0,0,unclassified,1,0
status_partition_violation,approach,,120860115003113,3,0,0,0,0,unclassified,1,0
status_partition_violation,approach,,120860115003152,3,0,0,0,0,unclassified,1,0
status_partition_violation,approach,,120860115003155,3,0,0,0,0,unclassified,1,0
status_partition_violation,approach,,120860141001037,3,0,0,0,0,unclassified,1,0
status_partition_violation,approach,,120869811001029,3,0,0,0,0,unclassified,1,0
status_partition_violation,approach,,120869811001031,3,0,0,0,0,unclassified,1,0
status_partition_violation,approach,,120869811001032,3,0,0,0,0,unclassified,1,0
status_partition_violation,approach,,120869811001033,3,0,0,0,0,unclassified,1,0
status_partition_violation,approach,,120869811001034,3,0,0,0,0,unclassified,1,0
status_partition_violation,approach,,120869811001035,3,0,0,0,0,unclassified,1,0
status_partition_violation,approach,,120869811001037,3,0,0,0,0,unclassified,1,0
status_partition_violation,approach,,120869811001039,3,0,0,0,0,unclassified,1,0
status_partition_violation,approach,,120869811001040,3,0,0,0,0,unclassified,1,0
status_partition_violation,approach,,120869811001064,3,0,0,0,0,unclassified,1,0
status_partition_violation,approach,,120869811001068,3,0,0,0,0,unclassified,1,0
status_partition_violation,approach,,120869900000027,3,0,0,0,0,unclassified,1,0
status_partition_violation,approach,,120990077211004,3,0,0,0,0,unclassified,1,0
status_partition_violation,approach,,120990077211008,3,0,0,0,0,unclassified,1,0
status_partition_violation,approach,,120990079151002,3,0,0,0,0,unclassified,1,0
status_partition_violation,approach,,120990079151018,3,0,0,0,0,unclassified,1,0
status_partition_violation,approach,,120990079151034,3,0,0,0,0,unclassified,1,0
status_partition_violation,approach,,120990079151054,3,0,0,0,0,unclassified,1,0
status_partition_violation,approach,,120990079174007,3,0,0,0,0,unclassified,1,0
status_partition_violation,approach,,120990079174008,3,0,0,0,0,unclassified,1,0
status_partition_violation,approach,,120990079174009,3,0,0,0,0,unclassified,1,0
status_partition_violation,approach,,120990079174015,3,0,0,0,0,unclassified,1,0
status_partition_violation,approach,,120990079174018,3,0,0,0,0,unclassified,1,0
status_partition_violation,approach,,120990079174019,3,0,0,0,0,unclassified,1,0
status_partition_violation,approach,,120990079174020,3,0,0,0,0,unclassified,1,0
status_partition_violation,approach,,120990079174021,3,0,0,0,0,unclassified,1,0
status_partition_violation,approach,,120990079174025,3,0,0,0,0,unclassified,1,0
status_partition_violation,approach,,120990079174028,3,0,0,0,0,unclassified,1,0
status_partition_violation,approach,,120990079174029,3,0,0,0,0,unclassified,1,0
status_partition_violation,approach,,120990079174030,3,0,0,0,0,unclassified,1,0
status_partition_violation,approach,,120990079174057,3,0,0,0,0,unclassified,1,0
status_partition_violation,approach,,120990079174087,3,0,0,0,0,unclassified,1,0
status_partition_violation,approach,,120990079174096,3,0,0,0,0,unclassified,1,0
status_partition_violation,approach,,120990079174105,3,0,0,0,0,unclassified,1,0
status_partition_violation,approach,,120990079174122,3,0,0,0,0,unclassified,1,0
status_partition_violation,approach,,120990079174126,3,0,0,0,0,unclassified,1,0
status_partition_violation,approach,,120990079174128,3,0,0,0,0,unclassified,1,0
status_partition_violation,approach,,120990079174142,3,0,0,0,0,unclassified,1,0
status_partition_violation,approach,,120990079174147,3,0,0,0,0,unclassified,1,0
status_partition_violation,approach,,120990079174150,3,0,0,0,0,unclassified,1,0
status_partition_violation,approach,,120990079174156,3,0,0,0,0,unclassified,1,0
status_partition_violation,approach,,120990079174177,3,0,0,0,0,unclassified,1,0
status_partition_violation,approach,,120990079174178,3,0,0,0,0,unclassified,1,0
status_partition_violation,approach,,120990079174180,3,0,0,0,0,unclassified,1,0
status_partition_violation,approach,,120990079174181,3,0,0,0,0,unclassified,1,0
status_partition_violation,approach,,120990079174191,3,0,0,0,0,unclassified,1,0
status_partition_violation,approach,,120990079174192,3,0,0,0,0,unclassified,1,0
status_partition_violation,approach,,120990079174193,3,0,0,0,0,unclassified,1,0
status_partition_violation,approach,,120990079174194,3,0,0,0,0,unclassified,1,0
status_partition_violation,approach,,120990079174195,3,0,0,0,0,unclassified,1,0
status_partition_violation,approach,,120990079174196,3,0,0,0,0,unclassified,1,0
status_partition_violation,approach,,120990079174198,3,0,0,0,0,unclassified,1,0
status_partition_violation,approach,,120990079174199,3,0,0,0,0,unclassified,1,0
status_partition_violation,approach,,120990079174200,3,0,0,0,0,unclassified,1,0
status_partition_violation,approach,,120990079174207,3,0,0,0,0,unclassified,1,0
status_partition_violation,approach,,120990079174208,3,0,0,0,0,unclassified,1,0
status_partition_violation,approach,,120990079174209,3,0,0,0,0,unclassified,1,0
status_partition_violation,approach,,120990079174210,3,0,0,0,0,unclassified,1,0
status_partition_violation,approach,,120990080013010,3,0,0,0,0,unclassified,1,0
status_partition_violation,approach,,120990080013027,3,0,0,0,0,unclassified,1,0
status_partition_violation,approach,,120990080013028,3,0,0,0,0,unclassified,1,0
status_partition_violation,approach,,120990080013030,3,0,0,0,0,unclassified,1,0
status_partition_violation,approach,,120990081011003,3,0,0,0,0,unclassified,1,0
status_partition_violation,approach,,120990081011004,3,0,0,0,0,unclassified,1,0
status_partition_violation,approach,,120990081011033,3,0,0,0,0,unclassified,1,0
status_partition_violation,approach,,120990082031050,3,0,0,0,0,unclassified,1,0
status_partition_violation,approach,,120990083011036,3,0,0,0,0,unclassified,1,0
status_partition_violation,approach,,120990083011037,3,0,0,0,0,unclassified,1,0
status_partition_violation,approach,,120990083011040,3,0,0,0,0,unclassified,1,0
status_partition_violation,approach,,120990083011046,3,0,0,0,0,unclassified,1,0
status_partition_violation,approach,,120990083011047,3,0,0,0,0,unclassified,1,0
status_partition_violation,approach,,120990083011048,3,0,0,0,0,unclassified,1,0
status_partition_violation,approach,,120990083011049,3,0,0,0,0,unclassified,1,0
status_partition_violation,approach,,120990083011050,3,0,0,0,0,unclassified,1,0
status_partition_violation,approach,,120990083011051,3,0,0,0,0,unclassified,1,0
status_partition_violation,approach,,120990083011052,3,0,0,0,0,unclassified,1,0
status_partition_violation,approach,,120990083011053,3,0,0,0,0,unclassified,1,0
status_partition_violation,approach,,120990083011054,3,0,0,0,0,unclassified,1,0
status_partition_violation,approach,,120990083012005,3,0,0,0,0,unclassified,1,0
status_partition_violation,approach,,120990083012009,3,0,0,0,0,unclassified,1,0
status_partition_violation,approach,,120990083012016,3,0,0,0,0,unclassified,1,0
status_partition_violation,approach,,120990083012040,3,0,0,0,0,unclassified,1,0
status_partition_violation,approach,,120990083012042,3,0,0,0,0,unclassified,1,0
status_partition_violation,approach,,120990083012043,3,0,0,0,0,unclassified,1,0
status_partition_violation,approach,,120990083012044,3,0,0,0,0,unclassified,1,0
status_partition_violation,approach,,120999801001003,3,0,0,0,0,unclassified,1,0
status_partition_violation,approach,,120999801001004,3,0,0,0,0,unclassified,1,0
status_partition_violation,approach,,120999802001007,3,0,0,0,0,unclassified,1,0
status_partition_violation,approach,,120999802001016,3,0,0,0,0,unclassified,1,0
status_partition_violation,approach,,120999802001017,3,0,0,0,0,unclassified,1,0
status_partition_violation,approach,,120999804001000,3,0,0,0,0,unclassified,1,0
status_partition_violation,approach,,120999804001002,3,0,0,0,0,unclassified,1,0
status_partition_violation,approach,,120999804001005,3,0,0,0,0,unclassified,1,0
status_partition_violation,approach,,120999804001007,3,0,0,0,0,unclassified,1,0
status_partition_violation,approach,,120999804001009,3,0,0,0,0,unclassified,1,0
status_partition_violation,approach,,120999901000001,3,0,0,0,0,unclassified,1,0
status_partition_violation,approach,,120999901000002,3,0,0,0,0,unclassified,1,0
status_partition_violation,approach,,120999901000004,3,0,0,0,0,unclassified,1,0
status_partition_violation,approach,,120999901000005,3,0,0,0,0,unclassified,1,0
status_partition_violation,approach,,120119800001012,4,0,0,0,0,unclassified,1,0
status_partition_violation,approach,,120119800001014,4,0,0,0,0,unclassified,1,0
status_partition_violation,approach,,120119800001020,4,0,0,0,0,unclassified,1,0
status_partition_violation,approach,,120119800001021,4,0,0,0,0,unclassified,1,0
status_partition_violation,approach,,120119800001022,4,0,0,0,0,unclassified,1,0
status_partition_violation,approach,,120119800001023,4,0,0,0,0,unclassified,1,0
status_partition_violation,approach,,120119800001024,4,0,0,0,0,unclassified,1,0
status_partition_violation,approach,,120119800001037,4,0,0,0,0,unclassified,1,0
status_partition_violation,approach,,120119800001050,4,0,0,0,0,unclassified,1,0
status_partition_violation,approach,,120119800001051,4,0,0,0,0,unclassified,1,0
status_partition_violation,approach,,120119800001052,4,0,0,0,0,unclassified,1,0
status_partition_violation,approach,,120119800001053,4,0,0,0,0,unclassified,1,0
status_partition_violation,approach,,120119800001057,4,0,0,0,0,unclassified,1,0
status_partition_violation,approach,,120119800001058,4,0,0,0,0,unclassified,1,0
status_partition_violation,approach,,120119800001059,4,0,0,0,0,unclassified,1,0
status_partition_violation,approach,,120119800001072,4,0,0,0,0,unclassified,1,0
status_partition_violation,approach,,120860114081091,4,0,0,0,0,unclassified,1,0
status_partition_violation,approach,,120860114081092,4,0,0,0,0,unclassified,1,0
status_partition_violation,approach,,120860115003000,4,0,0,0,0,unclassified,1,0
status_partition_violation,approach,,120860115003001,4,0,0,0,0,unclassified,1,0
status_partition_violation,approach,,120860115003002,4,0,0,0,0,unclassified,1,0
status_partition_violation,approach,,120860115003003,4,0,0,0,0,unclassified,1,0
status_partition_violation,approach,,120860115003004,4,0,0,0,0,unclassified,1,0
status_partition_violation,approach,,120860115003005,4,0,0,0,0,unclassified,1,0
status_partition_violation,approach,,120860115003006,4,0,0,0,0,unclassified,1,0
status_partition_violation,approach,,120860115003007,4,0,0,0,0,unclassified,1,0
status_partition_violation,approach,,120860115003022,4,0,0,0,0,unclassified,1,0
status_partition_violation,approach,,120860115003023,4,0,0,0,0,unclassified,1,0
status_partition_violation,approach,,120860115003030,4,0,0,0,0,unclassified,1,0
status_partition_violation,approach,,120860115003032,4,0,0,0,0,unclassified,1,0
status_partition_violation,approach,,120860115003033,4,0,0,0,0,unclassified,1,0
status_partition_violation,approach,,120860115003034,4,0,0,0,0,unclassified,1,0
status_partition_violation,approach,,120860115003035,4,0,0,0,0,unclassified,1,0
status_partition_violation,approach,,120860115003039,4,0,0,0,0,unclassified,1,0
status_partition_violation,approach,,120860115003041,4,0,0,0,0,unclassified,1,0
status_partition_violation,approach,,120860115003046,4,0,0,0,0,unclassified,1,0
status_partition_violation,approach,,120860115003050,4,0,0,0,0,unclassified,1,0
status_partition_violation,approach,,120860115003051,4,0,0,0,0,unclassified,1,0
status_partition_violation,approach,,120860115003113,4,0,0,0,0,unclassified,1,0
status_partition_violation,approach,,120860115003152,4,0,0,0,0,unclassified,1,0
status_partition_violation,approach,,120860115003155,4,0,0,0,0,unclassified,1,0
status_partition_violation,approach,,120860141001037,4,0,0,0,0,unclassified,1,0
status_partition_violation,approach,,120869811001029,4,0,0,0,0,unclassified,1,0
status_partition_violation,approach,,120869811001031,4,0,0,0,0,unclassified,1,0
status_partition_violation,approach,,120869811001032,4,0,0,0,0,unclassified,1,0
status_partition_violation,approach,,120869811001033,4,0,0,0,0,unclassified,1,0
status_partition_violation,approach,,120869811001034,4,0,0,0,0,unclassified,1,0
status_partition_violation,approach,,120869811001035,4,0,0,0,0,unclassified,1,0
status_partition_violation,approach,,120869811001037,4,0,0,0,0,unclassified,1,0
status_partition_violation,approach,,120869811001039,4,0,0,0,0,unclassified,1,0
status_partition_violation,approach,,120869811001040,4,0,0,0,0,unclassified,1,0
status_partition_violation,approach,,120869811001064,4,0,0,0,0,unclassified,1,0
status_partition_violation,approach,,120869811001068,4,0,0,0,0,unclassified,1,0
status_partition_violation,approach,,120869900000027,4,0,0,0,0,unclassified,1,0
status_partition_violation,approach,,120990077211004,4,0,0,0,0,unclassified,1,0
status_partition_violation,approach,,120990077211008,4,0,0,0,0,unclassified,1,0
status_partition_violation,approach,,120990079151002,4,0,0,0,0,unclassified,1,0
status_partition_violation,approach,,120990079151018,4,0,0,0,0,unclassified,1,0
status_partition_violation,approach,,120990079151034,4,0,0,0,0,unclassified,1,0
status_partition_violation,approach,,120990079151054,4,0,0,0,0,unclassified,1,0
status_partition_violation,approach,,120990079174007,4,0,0,0,0,unclassified,1,0
status_partition_violation,approach,,120990079174008,4,0,0,0,0,unclassified,1,0
status_partition_violation,approach,,120990079174009,4,0,0,0,0,unclassified,1,0
status_partition_violation,approach,,120990079174015,4,0,0,0,0,unclassified,1,0
status_partition_violation,approach,,120990079174018,4,0,0,0,0,unclassified,1,0
status_partition_violation,approach,,120990079174019,4,0,0,0,0,unclassified,1,0
status_partition_violation,approach,,120990079174020,4,0,0,0,0,unclassified,1,0
status_partition_violation,approach,,120990079174021,4,0,0,0,0,unclassified,1,0
status_partition_violation,approach,,120990079174025,4,0,0,0,0,unclassified,1,0
status_partition_violation,approach,,120990079174028,4,0,0,0,0,unclassified,1,0
status_partition_violation,approach,,120990079174029,4,0,0,0,0,unclassified,1,0
status_partition_violation,approach,,120990079174030,4,0,0,0,0,unclassified,1,0
status_partition_violation,approach,,120990079174057,4,0,0,0,0,unclassified,1,0
status_partition_violation,approach,,120990079174087,4,0,0,0,0,unclassified,1,0
status_partition_violation,approach,,120990079174096,4,0,0,0,0,unclassified,1,0
status_partition_violation,approach,,120990079174105,4,0,0,0,0,unclassified,1,0
status_partition_violation,approach,,120990079174122,4,0,0,0,0,unclassified,1,0
status_partition_violation,approach,,120990079174126,4,0,0,0,0,unclassified,1,0
status_partition_violation,approach,,120990079174128,4,0,0,0,0,unclassified,1,0
status_partition_violation,approach,,120990079174142,4,0,0,0,0,unclassified,1,0
status_partition_violation,approach,,120990079174147,4,0,0,0,0,unclassified,1,0
status_partition_violation,approach,,120990079174150,4,0,0,0,0,unclassified,1,0
status_partition_violation,approach,,120990079174156,4,0,0,0,0,unclassified,1,0
status_partition_violation,approach,,120990079174177,4,0,0,0,0,unclassified,1,0
status_partition_violation,approach,,120990079174178,4,0,0,0,0,unclassified,1,0
status_partition_violation,approach,,120990079174180,4,0,0,0,0,unclassified,1,0
status_partition_violation,approach,,120990079174181,4,0,0,0,0,unclassified,1,0
status_partition_violation,approach,,120990079174191,4,0,0,0,0,unclassified,1,0
status_partition_violation,approach,,120990079174192,4,0,0,0,0,unclassified,1,0
status_partition_violation,approach,,120990079174193,4,0,0,0,0,unclassified,1,0
status_partition_violation,approach,,120990079174194,4,0,0,0,0,unclassified,1,0
status_partition_violation,approach,,120990079174195,4,0,0,0,0,unclassified,1,0
status_partition_violation,approach,,120990079174196,4,0,0,0,0,unclassified,1,0
status_partition_violation,approach,,120990079174198,4,0,0,0,0,unclassified,1,0
status_partition_violation,approach,,120990079174199,4,0,0,0,0,unclassified,1,0
status_partition_violation,approach,,120990079174200,4,0,0,0,0,unclassified,1,0
status_partition_violation,approach,,120990079174207,4,0,0,0,0,unclassified,1,0
status_partition_violation,approach,,120990079174208,4,0,0,0,0,unclassified,1,0
status_partition_violation,approach,,120990079174209,4,0,0,0,0,unclassified,1,0
status_partition_violation,approach,,120990079174210,4,0,0,0,0,unclassified,1,0
status_partition_violation,approach,,120990080013010,4,0,0,0,0,unclassified,1,0
status_partition_violation,approach,,120990080013027,4,0,0,0,0,unclassified,1,0
status_partition_violation,approach,,120990080013028,4,0,0,0,0,unclassified,1,0
status_partition_violation,approach,,120990080013030,4,0,0,0,0,unclassified,1,0
status_partition_violation,approach,,120990081011003,4,0,0,0,0,unclassified,1,0
status_partition_violation,approach,,120990081011004,4,0,0,0,0,unclassified,1,0
status_partition_violation,approach,,120990081011033,4,0,0,0,0,unclassified,1,0
status_partition_violation,approach,,120990082031050,4,0,0,0,0,unclassified,1,0
status_partition_violation,approach,,120990083011036,4,0,0,0,0,unclassified,1,0
status_partition_violation,approach,,120990083011037,4,0,0,0,0,unclassified,1,0
status_partition_violation,approach,,120990083011040,4,0,0,0,0,unclassified,1,0
status_partition_violation,approach,,120990083011046,4,0,0,0,0,unclassified,1,0
status_partition_violation,approach,,120990083011047,4,0,0,0,0,unclassified,1,0
status_partition_violation,approach,,120990083011048,4,0,0,0,0,unclassified,1,0
status_partition_violation,approach,,120990083011049,4,0,0,0,0,unclassified,1,0
status_partition_violation,approach,,120990083011050,4,0,0,0,0,unclassified,1,0
status_partition_violation,approach,,120990083011051,4,0,0,0,0,unclassified,1,0
status_partition_violation,approach,,120990083011052,4,0,0,0,0,unclassified,1,0
status_partition_violation,approach,,120990083011053,4,0,0,0,0,unclassified,1,0
status_partition_violation,approach,,120990083011054,4,0,0,0,0,unclassified,1,0
status_partition_violation,approach,,120990083012005,4,0,0,0,0,unclassified,1,0
status_partition_violation,approach,,120990083012009,4,0,0,0,0,unclassified,1,0
status_partition_violation,approach,,120990083012016,4,0,0,0,0,unclassified,1,0
status_partition_violation,approach,,120990083012040,4,0,0,0,0,unclassified,1,0
status_partition_violation,approach,,120990083012042,4,0,0,0,0,unclassified,1,0
status_partition_violation,approach,,120990083012043,4,0,0,0,0,unclassified,1,0
status_partition_violation,approach,,120990083012044,4,0,0,0,0,unclassified,1,0
status_partition_violation,approach,,120999801001003,4,0,0,0,0,unclassified,1,0
status_partition_violation,approach,,120999801001004,4,0,0,0,0,unclassified,1,0
status_partition_violation,approach,,120999802001007,4,0,0,0,0,unclassified,1,0
status_partition_violation,approach,,120999802001016,4,0,0,0,0,unclassified,1,0
status_partition_violation,approach,,120999802001017,4,0,0,0,0,unclassified,1,0
status_partition_violation,approach,,120999804001000,4,0,0,0,0,unclassified,1,0
status_partition_violation,approach,,120999804001002,4,0,0,0,0,unclassified,1,0
status_partition_violation,approach,,120999804001005,4,0,0,0,0,unclassified,1,0
status_partition_violation,approach,,120999804001007,4,0,0,0,0,unclassified,1,0
status_partition_violation,approach,,120999804001009,4,0,0,0,0,unclassified,1,0
status_partition_violation,approach,,120999901000001,4,0,0,0,0,unclassified,1,0
status_partition_violation,approach,,120999901000002,4,0,0,0,0,unclassified,1,0
status_partition_violation,approach,,120999901000004,4,0,0,0,0,unclassified,1,0
status_partition_violation,approach,,120999901000005,4,0,0,0,0,unclassified,1,0
status_partition_violation,approach,,120119800001012,5,0,0,0,0,unclassified,1,0
status_partition_violation,approach,,120119800001014,5,0,0,0,0,unclassified,1,0
status_partition_violation,approach,,120119800001020,5,0,0,0,0,unclassified,1,0
status_partition_violation,approach,,120119800001021,5,0,0,0,0,unclassified,1,0
status_partition_violation,approach,,120119800001022,5,0,0,0,0,unclassified,1,0
status_partition_violation,approach,,120119800001023,5,0,0,0,0,unclassified,1,0
status_partition_violation,approach,,120119800001024,5,0,0,0,0,unclassified,1,0
status_partition_violation,approach,,120119800001037,5,0,0,0,0,unclassified,1,0
status_partition_violation,approach,,120119800001050,5,0,0,0,0,unclassified,1,0
status_partition_violation,approach,,120119800001051,5,0,0,0,0,unclassified,1,0
status_partition_violation,approach,,120119800001052,5,0,0,0,0,unclassified,1,0
status_partition_violation,approach,,120119800001053,5,0,0,0,0,unclassified,1,0
status_partition_violation,approach,,120119800001057,5,0,0,0,0,unclassified,1,0
status_partition_violation,approach,,120119800001058,5,0,0,0,0,unclassified,1,0
status_partition_violation,approach,,120119800001059,5,0,0,0,0,unclassified,1,0
status_partition_violation,approach,,120119800001072,5,0,0,0,0,unclassified,1,0
status_partition_violation,approach,,120860115003000,5,0,0,0,0,unclassified,1,0
status_partition_violation,approach,,120860115003001,5,0,0,0,0,unclassified,1,0
status_partition_violation,approach,,120860115003002,5,0,0,0,0,unclassified,1,0
status_partition_violation,approach,,120860115003003,5,0,0,0,0,unclassified,1,0
status_partition_violation,approach,,120860115003004,5,0,0,0,0,unclassified,1,0
status_partition_violation,approach,,120860115003005,5,0,0,0,0,unclassified,1,0
status_partition_violation,approach,,120860115003006,5,0,0,0,0,unclassified,1,0
status_partition_violation,approach,,120860115003007,5,0,0,0,0,unclassified,1,0
status_partition_violation,approach,,120860115003030,5,0,0,0,0,unclassified,1,0
status_partition_violation,approach,,120860115003032,5,0,0,0,0,unclassified,1,0
status_partition_violation,approach,,120860115003033,5,0,0,0,0,unclassified,1,0
status_partition_violation,approach,,120860115003034,5,0,0,0,0,unclassified,1,0
status_partition_violation,approach,,120860115003035,5,0,0,0,0,unclassified,1,0
status_partition_violation,approach,,120860115003039,5,0,0,0,0,unclassified,1,0
status_partition_violation,approach,,120860115003050,5,0,0,0,0,unclassified,1,0
status_partition_violation,approach,,120860115003051,5,0,0,0,0,unclassified,1,0
status_partition_violation,approach,,120860141001037,5,0,0,0,0,unclassified,1,0
status_partition_violation,approach,,120869811001029,5,0,0,0,0,unclassified,1,0
status_partition_violation,approach,,120869811001031,5,0,0,0,0,unclassified,1,0
status_partition_violation,approach,,120869811001032,5,0,0,0,0,unclassified,1,0
status_partition_violation,approach,,120869811001033,5,0,0,0,0,unclassified,1,0
status_partition_violation,approach,,120869811001034,5,0,0,0,0,unclassified,1,0
status_partition_violation,approach,,120869811001035,5,0,0,0,0,unclassified,1,0
status_partition_violation,approach,,120869811001037,5,0,0,0,0,unclassified,1,0
status_partition_violation,approach,,120869811001039,5,0,0,0,0,unclassified,1,0
status_partition_violation,approach,,120869811001040,5,0,0,0,0,unclassified,1,0
status_partition_violation,approach,,120869811001064,5,0,0,0,0,unclassified,1,0
status_partition_violation,approach,,120869811001068,5,0,0,0,0,unclassified,1,0
status_partition_violation,approach,,120869900000027,5,0,0,0,0,unclassified,1,0
status_partition_violation,approach,,120990077211004,5,0,0,0,0,unclassified,1,0
status_partition_violation,approach,,120990077211008,5,0,0,0,0,unclassified,1,0
status_partition_violation,approach,,120990079151002,5,0,0,0,0,unclassified,1,0
status_partition_violation,approach,,120990079151018,5,0,0,0,0,unclassified,1,0
status_partition_violation,approach,,120990079151034,5,0,0,0,0,unclassified,1,0
status_partition_violation,approach,,120990079151054,5,0,0,0,0,unclassified,1,0
status_partition_violation,approach,,120990079174007,5,0,0,0,0,unclassified,1,0
status_partition_violation,approach,,120990079174008,5,0,0,0,0,unclassified,1,0
status_partition_violation,approach,,120990079174009,5,0,0,0,0,unclassified,1,0
status_partition_violation,approach,,120990079174015,5,0,0,0,0,unclassified,1,0
status_partition_violation,approach,,120990079174018,5,0,0,0,0,unclassified,1,0
status_partition_violation,approach,,120990079174019,5,0,0,0,0,unclassified,1,0
status_partition_violation,approach,,120990079174020,5,0,0,0,0,unclassified,1,0
status_partition_violation,approach,,120990079174021,5,0,0,0,0,unclassified,1,0
status_partition_violation,approach,,120990079174025,5,0,0,0,0,unclassified,1,0
status_partition_violation,approach,,120990079174028,5,0,0,0,0,unclassified,1,0
status_partition_violation,approach,,120990079174029,5,0,0,0,0,unclassified,1,0
status_partition_violation,approach,,120990079174030,5,0,0,0,0,unclassified,1,0
status_partition_violation,approach,,120990079174057,5,0,0,0,0,unclassified,1,0
status_partition_violation,approach,,120990079174087,5,0,0,0,0,unclassified,1,0
status_partition_violation,approach,,120990079174096,5,0,0,0,0,unclassified,1,0
status_partition_violation,approach,,120990079174105,5,0,0,0,0,unclassified,1,0
status_partition_violation,approach,,120990079174122,5,0,0,0,0,unclassified,1,0
status_partition_violation,approach,,120990079174126,5,0,0,0,0,unclassified,1,0
status_partition_violation,approach,,120990079174128,5,0,0,0,0,unclassified,1,0
status_partition_violation,approach,,120990079174142,5,0,0,0,0,unclassified,1,0
status_partition_violation,approach,,120990079174147,5,0,0,0,0,unclassified,1,0
status_partition_violation,approach,,120990079174150,5,0,0,0,0,unclassified,1,0
status_partition_violation,approach,,120990079174156,5,0,0,0,0,unclassified,1,0
status_partition_violation,approach,,120990079174177,5,0,0,0,0,unclassified,1,0
status_partition_violation,approach,,120990079174178,5,0,0,0,0,unclassified,1,0
status_partition_violation,approach,,120990079174180,5,0,0,0,0,unclassified,1,0
status_partition_violation,approach,,120990079174181,5,0,0,0,0,unclassified,1,0
status_partition_violation,approach,,120990079174191,5,0,0,0,0,unclassified,1,0
status_partition_violation,approach,,120990079174192,5,0,0,0,0,unclassified,1,0
status_partition_violation,approach,,120990079174193,5,0,0,0,0,unclassified,1,0
status_partition_violation,approach,,120990079174194,5,0,0,0,0,unclassified,1,0
status_partition_violation,approach,,120990079174195,5,0,0,0,0,unclassified,1,0
status_partition_violation,approach,,120990079174196,5,0,0,0,0,unclassified,1,0
status_partition_violation,approach,,120990079174198,5,0,0,0,0,unclassified,1,0
status_partition_violation,approach,,120990079174199,5,0,0,0,0,unclassified,1,0
status_partition_violation,approach,,120990079174200,5,0,0,0,0,unclassified,1,0
status_partition_violation,approach,,120990079174207,5,0,0,0,0,unclassified,1,0
status_partition_violation,approach,,120990079174208,5,0,0,0,0,unclassified,1,0
status_partition_violation,approach,,120990079174209,5,0,0,0,0,unclassified,1,0
status_partition_violation,approach,,120990079174210,5,0,0,0,0,unclassified,1,0
status_partition_violation,approach,,120990080013010,5,0,0,0,0,unclassified,1,0
status_partition_violation,approach,,120990080013027,5,0,0,0,0,unclassified,1,0
status_partition_violation,approach,,120990080013028,5,0,0,0,0,unclassified,1,0
status_partition_violation,approach,,120990080013030,5,0,0,0,0,unclassified,1,0
status_partition_violation,approach,,120990081011003,5,0,0,0,0,unclassified,1,0
status_partition_violation,approach,,120990081011004,5,0,0,0,0,unclassified,1,0
status_partition_violation,approach,,120990081011033,5,0,0,0,0,unclassified,1,0
status_partition_violation,approach,,120990082031050,5,0,0,0,0,unclassified,1,0
status_partition_violation,approach,,120990083011036,5,0,0,0,0,unclassified,1,0
status_partition_violation,approach,,120990083011037,5,0,0,0,0,unclassified,1,0
status_partition_violation,approach,,120990083011040,5,0,0,0,0,unclassified,1,0
status_partition_violation,approach,,120990083011046,5,0,0,0,0,unclassified,1,0
status_partition_violation,approach,,120990083011047,5,0,0,0,0,unclassified,1,0
status_partition_violation,approach,,120990083011048,5,0,0,0,0,unclassified,1,0
status_partition_violation,approach,,120990083011049,5,0,0,0,0,unclassified,1,0
status_partition_violation,approach,,120990083011050,5,0,0,0,0,unclassified,1,0
status_partition_violation,approach,,120990083011051,5,0,0,0,0,unclassified,1,0
status_partition_violation,approach,,120990083011052,5,0,0,0,0,unclassified,1,0
status_partition_violation,approach,,120990083011053,5,0,0,0,0,unclassified,1,0
status_partition_violation,approach,,120990083011054,5,0,0,0,0,unclassified,1,0
status_partition_violation,approach,,120990083012005,5,0,0,0,0,unclassified,1,0
status_partition_violation,approach,,120990083012009,5,0,0,0,0,unclassified,1,0
status_partition_violation,approach,,120990083012016,5,0,0,0,0,unclassified,1,0
status_partition_violation,approach,,120990083012040,5,0,0,0,0,unclassified,1,0
status_partition_violation,approach,,120990083012042,5,0,0,0,0,unclassified,1,0
status_partition_violation,approach,,120990083012043,5,0,0,0,0,unclassified,1,0
status_partition_violation,approach,,120990083012044,5,0,0,0,0,unclassified,1,0
status_partition_violation,approach,,120999801001003,5,0,0,0,0,unclassified,1,0
status_partition_violation,approach,,120999801001004,5,0,0,0,0,unclassified,1,0
status_partition_violation,approach,,120999802001007,5,0,0,0,0,unclassified,1,0
status_partition_violation,approach,,120999802001016,5,0,0,0,0,unclassified,1,0
status_partition_violation,approach,,120999802001017,5,0,0,0,0,unclassified,1,0
status_partition_violation,approach,,120999804001000,5,0,0,0,0,unclassified,1,0
status_partition_violation,approach,,120999804001002,5,0,0,0,0,unclassified,1,0
status_partition_violation,approach,,120999804001005,5,0,0,0,0,unclassified,1,0
status_partition_violation,approach,,120999804001007,5,0,0,0,0,unclassified,1,0
status_partition_violation,approach,,120999804001009,5,0,0,0,0,unclassified,1,0
status_partition_violation,approach,,120999901000001,5,0,0,0,0,unclassified,1,0
status_partition_violation,approach,,120999901000002,5,0,0,0,0,unclassified,1,0
status_partition_violation,approach,,120999901000004,5,0,0,0,0,unclassified,1,0
status_partition_violation,approach,,120999901000005,5,0,0,0,0,unclassified,1,0
status_partition_violation,approach,,120119800001012,6,0,0,0,0,unclassified,1,0
status_partition_violation,approach,,120119800001014,6,0,0,0,0,unclassified,1,0
status_partition_violation,approach,,120119800001020,6,0,0,0,0,unclassified,1,0
status_partition_violation,approach,,120119800001021,6,0,0,0,0,unclassified,1,0
status_partition_violation,approach,,120119800001022,6,0,0,0,0,unclassified,1,0
status_partition_violation,approach,,120119800001023,6,0,0,0,0,unclassified,1,0
status_partition_violation,approach,,120119800001024,6,0,0,0,0,unclassified,1,0
status_partition_violation,approach,,120119800001037,6,0,0,0,0,unclassified,1,0
status_partition_violation,approach,,120119800001050,6,0,0,0,0,unclassified,1,0
status_partition_violation,approach,,120119800001051,6,0,0,0,0,unclassified,1,0
status_partition_violation,approach,,120119800001052,6,0,0,0,0,unclassified,1,0
status_partition_violation,approach,,120119800001053,6,0,0,0,0,unclassified,1,0
status_partition_violation,approach,,120119800001057,6,0,0,0,0,unclassified,1,0
status_partition_violation,approach,,120119800001058,6,0,0,0,0,unclassified,1,0
status_partition_violation,approach,,120119800001059,6,0,0,0,0,unclassified,1,0
status_partition_violation,approach,,120119800001072,6,0,0,0,0,unclassified,1,0
status_partition_violation,approach,,120860115003000,6,0,0,0,0,unclassified,1,0
status_partition_violation,approach,,120860115003001,6,0,0,0,0,unclassified,1,0
status_partition_violation,approach,,120860115003002,6,0,0,0,0,unclassified,1,0
status_partition_violation,approach,,120860115003003,6,0,0,0,0,unclassified,1,0
status_partition_violation,approach,,120860115003004,6,0,0,0,0,unclassified,1,0
status_partition_violation,approach,,120860115003005,6,0,0,0,0,unclassified,1,0
status_partition_violation,approach,,120860115003006,6,0,0,0,0,unclassified,1,0
status_partition_violation,approach,,120860115003007,6,0,0,0,0,unclassified,1,0
status_partition_violation,approach,,120860115003032,6,0,0,0,0,unclassified,1,0
status_partition_violation,approach,,120860115003035,6,0,0,0,0,unclassified,1,0
status_partition_violation,approach,,120869811001035,6,0,0,0,0,unclassified,1,0
status_partition_violation,approach,,120869900000027,6,0,0,0,0,unclassified,1,0
status_partition_violation,approach,,120990077211004,6,0,0,0,0,unclassified,1,0
status_partition_violation,approach,,120990077211008,6,0,0,0,0,unclassified,1,0
status_partition_violation,approach,,120990079151002,6,0,0,0,0,unclassified,1,0
status_partition_violation,approach,,120990079151018,6,0,0,0,0,unclassified,1,0
status_partition_violation,approach,,120990079151034,6,0,0,0,0,unclassified,1,0
status_partition_violation,approach,,120990079151054,6,0,0,0,0,unclassified,1,0
status_partition_violation,approach,,120990079174007,6,0,0,0,0,unclassified,1,0
status_partition_violation,approach,,120990079174008,6,0,0,0,0,unclassified,1,0
status_partition_violation,approach,,120990079174009,6,0,0,0,0,unclassified,1,0
status_partition_violation,approach,,120990079174015,6,0,0,0,0,unclassified,1,0
status_partition_violation,approach,,120990079174018,6,0,0,0,0,unclassified,1,0
status_partition_violation,approach,,120990079174019,6,0,0,0,0,unclassified,1,0
status_partition_violation,approach,,120990079174020,6,0,0,0,0,unclassified,1,0
status_partition_violation,approach,,120990079174021,6,0,0,0,0,unclassified,1,0
status_partition_violation,approach,,120990079174025,6,0,0,0,0,unclassified,1,0
status_partition_violation,approach,,120990079174028,6,0,0,0,0,unclassified,1,0
status_partition_violation,approach,,120990079174029,6,0,0,0,0,unclassified,1,0
status_partition_violation,approach,,120990079174030,6,0,0,0,0,unclassified,1,0
status_partition_violation,approach,,120990079174057,6,0,0,0,0,unclassified,1,0
status_partition_violation,approach,,120990079174087,6,0,0,0,0,unclassified,1,0
status_partition_violation,approach,,120990079174096,6,0,0,0,0,unclassified,1,0
status_partition_violation,approach,,120990079174105,6,0,0,0,0,unclassified,1,0
status_partition_violation,approach,,120990079174122,6,0,0,0,0,unclassified,1,0
status_partition_violation,approach,,120990079174126,6,0,0,0,0,unclassified,1,0
status_partition_violation,approach,,120990079174128,6,0,0,0,0,unclassified,1,0
status_partition_violation,approach,,120990079174142,6,0,0,0,0,unclassified,1,0
status_partition_violation,approach,,120990079174147,6,0,0,0,0,unclassified,1,0
status_partition_violation,approach,,120990079174150,6,0,0,0,0,unclassified,1,0
status_partition_violation,approach,,120990079174156,6,0,0,0,0,unclassified,1,0
status_partition_violation,approach,,120990079174177,6,0,0,0,0,unclassified,1,0
status_partition_violation,approach,,120990079174178,6,0,0,0,0,unclassified,1,0
status_partition_violation,approach,,120990079174180,6,0,0,0,0,unclassified,1,0
status_partition_violation,approach,,120990079174181,6,0,0,0,0,unclassified,1,0
status_partition_violation,approach,,120990079174191,6,0,0,0,0,unclassified,1,0
status_partition_violation,approach,,120990079174192,6,0,0,0,0,unclassified,1,0
status_partition_violation,approach,,120990079174193,6,0,0,0,0,unclassified,1,0
status_partition_violation,approach,,120990079174194,6,0,0,0,0,unclassified,1,0
status_partition_violation,approach,,120990079174195,6,0,0,0,0,unclassified,1,0
status_partition_violation,approach,,120990079174196,6,0,0,0,0,unclassified,1,0
status_partition_violation,approach,,120990079174198,6,0,0,0,0,unclassified,1,0
status_partition_violation,approach,,120990079174199,6,0,0,0,0,unclassified,1,0
status_partition_violation,approach,,120990079174200,6,0,0,0,0,unclassified,1,0
status_partition_violation,approach,,120990079174207,6,0,0,0,0,unclassified,1,0
status_partition_violation,approach,,120990079174208,6,0,0,0,0,unclassified,1,0
status_partition_violation,approach,,120990079174209,6,0,0,0,0,unclassified,1,0
status_partition_violation,approach,,120990079174210,6,0,0,0,0,unclassified,1,0
status_partition_violation,approach,,120990080013010,6,0,0,0,0,unclassified,1,0
status_partition_violation,approach,,120990080013027,6,0,0,0,0,unclassified,1,0
status_partition_violation,approach,,120990080013028,6,0,0,0,0,unclassified,1,0
status_partition_violation,approach,,120990080013030,6,0,0,0,0,unclassified,1,0
status_partition_violation,approach,,120990081011003,6,0,0,0,0,unclassified,1,0
status_partition_violation,approach,,120990081011004,6,0,0,0,0,unclassified,1,0
status_partition_violation,approach,,120990081011033,6,0,0,0,0,unclassified,1,0
status_partition_violation,approach,,120990082031050,6,0,0,0,0,unclassified,1,0
status_partition_violation,approach,,120990083011036,6,0,0,0,0,unclassified,1,0
status_partition_violation,approach,,120990083011037,6,0,0,0,0,unclassified,1,0
status_partition_violation,approach,,120990083011040,6,0,0,0,0,unclassified,1,0
status_partition_violation,approach,,120990083011046,6,0,0,0,0,unclassified,1,0
status_partition_violation,approach,,120990083011047,6,0,0,0,0,unclassified,1,0
status_partition_violation,approach,,120990083011048,6,0,0,0,0,unclassified,1,0
status_partition_violation,approach,,120990083011049,6,0,0,0,0,unclassified,1,0
status_partition_violation,approach,,120990083011050,6,0,0,0,0,unclassified,1,0
status_partition_violation,approach,,120990083011051,6,0,0,0,0,unclassified,1,0
status_partition_violation,approach,,120990083011052,6,0,0,0,0,unclassified,1,0
status_partition_violation,approach,,120990083011053,6,0,0,0,0,unclassified,1,0
status_partition_violation,approach,,120990083011054,6,0,0,0,0,unclassified,1,0
status_partition_violation,approach,,120990083012005,6,0,0,0,0,unclassified,1,0
status_partition_violation,approach,,120990083012009,6,0,0,0,0,unclassified,1,0
status_partition_violation,approach,,120990083012016,6,0,0,0,0,unclassified,1,0
status_partition_violation,approach,,120990083012040,6,0,0,0,0,unclassified,1,0
status_partition_violation,approach,,120990083012042,6,0,0,0,0,unclassified,1,0
status_partition_violation,approach,,120990083012043,6,0,0,0,0,unclassified,1,0
status_partition_violation,approach,,120990083012044,6,0,0,0,0,unclassified,1,0
status_partition_violation,approach,,120999801001003,6,0,0,0,0,unclassified,1,0
status_partition_violation,approach,,120999801001004,6,0,0,0,0,unclassified,1,0
status_partition_violation,approach,,120999802001007,6,0,0,0,0,unclassified,1,0
status_partition_violation,approach,,120999802001016,6,0,0,0,0,unclassified,1,0
status_partition_violation,approach,,120999802001017,6,0,0,0,0,unclassified,1,0
status_partition_violation,approach,,120999804001000,6,0,0,0,0,unclassified,1,0
status_partition_violation,approach,,120999804001002,6,0,0,0,0,unclassified,1,0
status_partition_violation,approach,,120999804001005,6,0,0,0,0,unclassified,1,0
status_partition_violation,approach,,120999804001007,6,0,0,0,0,unclassified,1,0
status_partition_violation,approach,,120999804001009,6,0,0,0,0,unclassified,1,0
status_partition_violation,approach,,120999901000001,6,0,0,0,0,unclassified,1,0
status_partition_violation,approach,,120999901000002,6,0,0,0,0,unclassified,1,0
status_partition_violation,approach,,120999901000004,6,0,0,0,0,unclassified,1,0
status_partition_violation,approach,,120999901000005,6,0,0,0,0,unclassified,1,0
status_partition_violation,retain,,120119800001012,0,0,0,0,0,unclassified,1,0
status_partition_violation,retain,,120119800001014,0,0,0,0,0,unclassified,1,0
status_partition_violation,retain,,120119800001020,0,0,0,0,0,unclassified,1,0
status_partition_violation,retain,,120119800001021,0,0,0,0,0,unclassified,1,0
status_partition_violation,retain,,120119800001022,0,0,0,0,0,unclassified,1,0
status_partition_violation,retain,,120119800001023,0,0,0,0,0,unclassified,1,0
status_partition_violation,retain,,120119800001024,0,0,0,0,0,unclassified,1,0
status_partition_violation,retain,,120119800001037,0,0,0,0,0,unclassified,1,0
status_partition_violation,retain,,120119800001050,0,0,0,0,0,unclassified,1,0
status_partition_violation,retain,,120119800001051,0,0,0,0,0,unclassified,1,0
status_partition_violation,retain,,120119800001052,0,0,0,0,0,unclassified,1,0
status_partition_violation,retain,,120119800001053,0,0,0,0,0,unclassified,1,0
status_partition_violation,retain,,120119800001057,0,0,0,0,0,unclassified,1,0
status_partition_violation,retain,,120119800001058,0,0,0,0,0,unclassified,1,0
status_partition_violation,retain,,120119800001059,0,0,0,0,0,unclassified,1,0
status_partition_violation,retain,,120119800001072,0,0,0,0,0,unclassified,1,0
status_partition_violation,retain,,120860107061000,0,0,0,0,0,unclassified,1,0
status_partition_violation,retain,,120860114081056,0,0,0,0,0,unclassified,1,0
status_partition_violation,retain,,120860114081057,0,0,0,0,0,unclassified,1,0
status_partition_violation,retain,,120860114081058,0,0,0,0,0,unclassified,1,0
status_partition_violation,retain,,120860114081060,0,0,0,0,0,unclassified,1,0
status_partition_violation,retain,,120860114081069,0,0,0,0,0,unclassified,1,0
status_partition_violation,retain,,120860114081071,0,0,0,0,0,unclassified,1,0
status_partition_violation,retain,,120860114081072,0,0,0,0,0,unclassified,1,0
status_partition_violation,retain,,120860114081073,0,0,0,0,0,unclassified,1,0
status_partition_violation,retain,,120860114081074,0,0,0,0,0,unclassified,1,0
status_partition_violation,retain,,120860114081089,0,0,0,0,0,unclassified,1,0
status_partition_violation,retain,,120860114081090,0,0,0,0,0,unclassified,1,0
status_partition_violation,retain,,120860114081091,0,0,0,0,0,unclassified,1,0
status_partition_violation,retain,,120860114081092,0,0,0,0,0,unclassified,1,0
status_partition_violation,retain,,120860114081096,0,0,0,0,0,unclassified,1,0
status_partition_violation,retain,,120860114081099,0,0,0,0,0,unclassified,1,0
status_partition_violation,retain,,120860114081100,0,0,0,0,0,unclassified,1,0
status_partition_violation,retain,,120860114081112,0,0,0,0,0,unclassified,1,0
status_partition_violation,retain,,120860114081119,0,0,0,0,0,unclassified,1,0
status_partition_violation,retain,,120860114123040,0,0,0,0,0,unclassified,1,0
status_partition_violation,retain,,120860114123053,0,0,0,0,0,unclassified,1,0
status_partition_violation,retain,,120860114123055,0,0,0,0,0,unclassified,1,0
status_partition_violation,retain,,120860114123056,0,0,0,0,0,unclassified,1,0
status_partition_violation,retain,,120860114123057,0,0,0,0,0,unclassified,1,0
status_partition_violation,retain,,120860114123058,0,0,0,0,0,unclassified,1,0
status_partition_violation,retain,,120860114123059,0,0,0,0,0,unclassified,1,0
status_partition_violation,retain,,120860115003000,0,0,0,0,0,unclassified,1,0
status_partition_violation,retain,,120860115003001,0,0,0,0,0,unclassified,1,0
status_partition_violation,retain,,120860115003002,0,0,0,0,0,unclassified,1,0
status_partition_violation,retain,,120860115003003,0,0,0,0,0,unclassified,1,0
status_partition_violation,retain,,120860115003004,0,0,0,0,0,unclassified,1,0
status_partition_violation,retain,,120860115003005,0,0,0,0,0,unclassified,1,0
status_partition_violation,retain,,120860115003006,0,0,0,0,0,unclassified,1,0
status_partition_violation,retain,,120860115003007,0,0,0,0,0,unclassified,1,0
status_partition_violation,retain,,120860115003022,0,0,0,0,0,unclassified,1,0
status_partition_violation,retain,,120860115003023,0,0,0,0,0,unclassified,1,0
status_partition_violation,retain,,120860115003030,0,0,0,0,0,unclassified,1,0
status_partition_violation,retain,,120860115003031,0,0,0,0,0,unclassified,1,0
status_partition_violation,retain,,120860115003032,0,0,0,0,0,unclassified,1,0
status_partition_violation,retain,,120860115003033,0,0,0,0,0,unclassified,1,0
status_partition_violation,retain,,120860115003034,0,0,0,0,0,unclassified,1,0
status_partition_violation,retain,,120860115003035,0,0,0,0,0,unclassified,1,0
status_partition_violation,retain,,120860115003039,0,0,0,0,0,unclassified,1,0
status_partition_violation,retain,,120860115003041,0,0,0,0,0,unclassified,1,0
status_partition_violation,retain,,120860115003046,0,0,0,0,0,unclassified,1,0
status_partition_violation,retain,,120860115003050,0,0,0,0,0,unclassified,1,0
status_partition_violation,retain,,120860115003051,0,0,0,0,0,unclassified,1,0
status_partition_violation,retain,,120860115003113,0,0,0,0,0,unclassified,1,0
status_partition_violation,retain,,120860115003152,0,0,0,0,0,unclassified,1,0
status_partition_violation,retain,,120860115003155,0,0,0,0,0,unclassified,1,0
status_partition_violation,retain,,120860141001037,0,0,0,0,0,unclassified,1,0
status_partition_violation,retain,,120869801001001,0,0,0,0,0,unclassified,1,0
status_partition_violation,retain,,120869801001004,0,0,0,0,0,unclassified,1,0
status_partition_violation,retain,,120869801001005,0,0,0,0,0,unclassified,1,0
status_partition_violation,retain,,120869801001007,0,0,0,0,0,unclassified,1,0
status_partition_violation,retain,,120869811001029,0,0,0,0,0,unclassified,1,0
status_partition_violation,retain,,120869811001031,0,0,0,0,0,unclassified,1,0
status_partition_violation,retain,,120869811001032,0,0,0,0,0,unclassified,1,0
status_partition_violation,retain,,120869811001033,0,0,0,0,0,unclassified,1,0
status_partition_violation,retain,,120869811001034,0,0,0,0,0,unclassified,1,0
status_partition_violation,retain,,120869811001035,0,0,0,0,0,unclassified,1,0
status_partition_violation,retain,,120869811001037,0,0,0,0,0,unclassified,1,0
status_partition_violation,retain,,120869811001039,0,0,0,0,0,unclassified,1,0
status_partition_violation,retain,,120869811001040,0,0,0,0,0,unclassified,1,0
status_partition_violation,retain,,120869811001064,0,0,0,0,0,unclassified,1,0
status_partition_violation,retain,,120869811001068,0,0,0,0,0,unclassified,1,0
status_partition_violation,retain,,120869812001023,0,0,0,0,0,unclassified,1,0
status_partition_violation,retain,,120869900000027,0,0,0,0,0,unclassified,1,0
status_partition_violation,retain,,120990077211004,0,0,0,0,0,unclassified,1,0
status_partition_violation,retain,,120990077211008,0,0,0,0,0,unclassified,1,0
status_partition_violation,retain,,120990079151002,0,0,0,0,0,unclassified,1,0
status_partition_violation,retain,,120990079151018,0,0,0,0,0,unclassified,1,0
status_partition_violation,retain,,120990079151034,0,0,0,0,0,unclassified,1,0
status_partition_violation,retain,,120990079151054,0,0,0,0,0,unclassified,1,0
status_partition_violation,retain,,120990079174007,0,0,0,0,0,unclassified,1,0
status_partition_violation,retain,,120990079174008,0,0,0,0,0,unclassified,1,0
status_partition_violation,retain,,120990079174009,0,0,0,0,0,unclassified,1,0
status_partition_violation,retain,,120990079174015,0,0,0,0,0,unclassified,1,0
status_partition_violation,retain,,120990079174018,0,0,0,0,0,unclassified,1,0
status_partition_violation,retain,,120990079174019,0,0,0,0,0,unclassified,1,0
status_partition_violation,retain,,120990079174020,0,0,0,0,0,unclassified,1,0
status_partition_violation,retain,,120990079174021,0,0,0,0,0,unclassified,1,0
status_partition_violation,retain,,120990079174025,0,0,0,0,0,unclassified,1,0
status_partition_violation,retain,,120990079174028,0,0,0,0,0,unclassified,1,0
status_partition_violation,retain,,120990079174029,0,0,0,0,0,unclassified,1,0
status_partition_violation,retain,,120990079174030,0,0,0,0,0,unclassified,1,0
status_partition_violation,retain,,120990079174057,0,0,0,0,0,unclassified,1,0
status_partition_violation,retain,,120990079174087,0,0,0,0,0,unclassified,1,0
status_partition_violation,retain,,120990079174096,0,0,0,0,0,unclassified,1,0
status_partition_violation,retain,,120990079174105,0,0,0,0,0,unclassified,1,0
status_partition_violation,retain,,120990079174122,0,0,0,0,0,unclassified,1,0
status_partition_violation,retain,,120990079174126,0,0,0,0,0,unclassified,1,0
status_partition_violation,retain,,120990079174128,0,0,0,0,0,unclassified,1,0
status_partition_violation,retain,,120990079174142,0,0,0,0,0,unclassified,1,0
status_partition_violation,retain,,120990079174147,0,0,0,0,0,unclassified,1,0
status_partition_violation,retain,,120990079174150,0,0,0,0,0,unclassified,1,0
status_partition_violation,retain,,120990079174156,0,0,0,0,0,unclassified,1,0
status_partition_violation,retain,,120990079174177,0,0,0,0,0,unclassified,1,0
status_partition_violation,retain,,120990079174178,0,0,0,0,0,unclassified,1,0
status_partition_violation,retain,,120990079174180,0,0,0,0,0,unclassified,1,0
status_partition_violation,retain,,120990079174181,0,0,0,0,0,unclassified,1,0
status_partition_violation,retain,,120990079174191,0,0,0,0,0,unclassified,1,0
status_partition_violation,retain,,120990079174192,0,0,0,0,0,unclassified,1,0
status_partition_violation,retain,,120990079174193,0,0,0,0,0,unclassified,1,0
status_partition_violation,retain,,120990079174194,0,0,0,0,0,unclassified,1,0
status_partition_violation,retain,,120990079174195,0,0,0,0,0,unclassified,1,0
status_partition_violation,retain,,120990079174196,0,0,0,0,0,unclassified,1,0
status_partition_violation,retain,,120990079174198,0,0,0,0,0,unclassified,1,0
status_partition_violation,retain,,120990079174199,0,0,0,0,0,unclassified,1,0
status_partition_violation,retain,,120990079174200,0,0,0,0,0,unclassified,1,0
status_partition_violation,retain,,120990079174207,0,0,0,0,0,unclassified,1,0
status_partition_violation,retain,,120990079174208,0,0,0,0,0,unclassified,1,0
status_partition_violation,retain,,120990079174209,0,0,0,0,0,unclassified,1,0
status_partition_violation,retain,,120990079174210,0,0,0,0,0,unclassified,1,0
status_partition_violation,retain,,120990080013010,0,0,0,0,0,unclassified,1,0
status_partition_violation,retain,,120990080013027,0,0,0,0,0,unclassified,1,0
status_partition_violation,retain,,120990080013028,0,0,0,0,0,unclassified,1,0
status_partition_violation,retain,,120990080013030,0,0,0,0,0,unclassified,1,0
status_partition_violation,retain,,120990081011003,0,0,0,0,0,unclassified,1,0
status_partition_violation,retain,,120990081011004,0,0,0,0,0,unclassified,1,0
status_partition_violation,retain,,120990081011033,0,0,0,0,0,unclassified,1,0
status_partition_violation,retain,,120990082031050,0,0,0,0,0,unclassified,1,0
status_partition_violation,retain,,120990083011036,0,0,0,0,0,unclassified,1,0
status_partition_violation,retain,,120990083011037,0,0,0,0,0,unclassified,1,0
status_partition_violation,retain,,120990083011040,0,0,0,0,0,unclassified,1,0
status_partition_violation,retain,,120990083011046,0,0,0,0,0,unclassified,1,0
status_partition_violation,retain,,120990083011047,0,0,0,0,0,unclassified,1,0
status_partition_violation,retain,,120990083011048,0,0,0,0,0,unclassified,1,0
status_partition_violation,retain,,120990083011049,0,0,0,0,0,unclassified,1,0
status_partition_violation,retain,,120990083011050,0,0,0,0,0,unclassified,1,0
status_partition_violation,retain,,120990083011051,0,0,0,0,0,unclassified,1,0
status_partition_violation,retain,,120990083011052,0,0,0,0,0,unclassified,1,0
status_partition_violation,retain,,120990083011053,0,0,0,0,0,unclassified,1,0
status_partition_violation,retain,,120990083011054,0,0,0,0,0,unclassified,1,0
status_partition_violation,retain,,120990083012005,0,0,0,0,0,unclassified,1,0
status_partition_violation,retain,,120990083012009,0,0,0,0,0,unclassified,1,0
status_partition_violation,retain,,120990083012016,0,0,0,0,0,unclassified,1,0
status_partition_violation,retain,,120990083012040,0,0,0,0,0,unclassified,1,0
status_partition_violation,retain,,120990083012042,0,0,0,0,0,unclassified,1,0
status_partition_violation,retain,,120990083012043,0,0,0,0,0,unclassified,1,0
status_partition_violation,retain,,120990083012044,0,0,0,0,0,unclassified,1,0
status_partition_violation,retain,,120999801001003,0,0,0,0,0,unclassified,1,0
status_partition_violation,retain,,120999801001004,0,0,0,0,0,unclassified,1,0
status_partition_violation,retain,,120999802001007,0,0,0,0,0,unclassified,1,0
status_partition_violation,retain,,120999802001016,0,0,0,0,0,unclassified,1,0
status_partition_violation,retain,,120999802001017,0,0,0,0,0,unclassified,1,0
status_partition_violation,retain,,120999804001000,0,0,0,0,0,unclassified,1,0
status_partition_violation,retain,,120999804001002,0,0,0,0,0,unclassified,1,0
status_partition_violation,retain,,120999804001005,0,0,0,0,0,unclassified,1,0
status_partition_violation,retain,,120999804001007,0,0,0,0,0,unclassified,1,0
status_partition_violation,retain,,120999804001009,0,0,0,0,0,unclassified,1,0
status_partition_violation,retain,,120999901000001,0,0,0,0,0,unclassified,1,0
status_partition_violation,retain,,120999901000002,0,0,0,0,0,unclassified,1,0
status_partition_violation,retain,,120999901000004,0,0,0,0,0,unclassified,1,0
status_partition_violation,retain,,120999901000005,0,0,0,0,0,unclassified,1,0
status_partition_violation,retain,,120119800001012,1,0,0,0,0,unclassified,1,0
status_partition_violation,retain,,120119800001014,1,0,0,0,0,unclassified,1,0
status_partition_violation,retain,,120119800001020,1,0,0,0,0,unclassified,1,0
status_partition_violation,retain,,120119800001021,1,0,0,0,0,unclassified,1,0
status_partition_violation,retain,,120119800001022,1,0,0,0,0,unclassified,1,0
status_partition_violation,retain,,120119800001023,1,0,0,0,0,unclassified,1,0
status_partition_violation,retain,,120119800001024,1,0,0,0,0,unclassified,1,0
status_partition_violation,retain,,120119800001037,1,0,0,0,0,unclassified,1,0
status_partition_violation,retain,,120119800001050,1,0,0,0,0,unclassified,1,0
status_partition_violation,retain,,120119800001051,1,0,0,0,0,unclassified,1,0
status_partition_violation,retain,,120119800001052,1,0,0,0,0,unclassified,1,0
status_partition_violation,retain,,120119800001053,1,0,0,0,0,unclassified,1,0
status_partition_violation,retain,,120119800001057,1,0,0,0,0,unclassified,1,0
status_partition_violation,retain,,120119800001058,1,0,0,0,0,unclassified,1,0
status_partition_violation,retain,,120119800001059,1,0,0,0,0,unclassified,1,0
status_partition_violation,retain,,120119800001072,1,0,0,0,0,unclassified,1,0
status_partition_violation,retain,,120860114081056,1,0,0,0,0,unclassified,1,0
status_partition_violation,retain,,120860114081057,1,0,0,0,0,unclassified,1,0
status_partition_violation,retain,,120860114081058,1,0,0,0,0,unclassified,1,0
status_partition_violation,retain,,120860114081060,1,0,0,0,0,unclassified,1,0
status_partition_violation,retain,,120860114081071,1,0,0,0,0,unclassified,1,0
status_partition_violation,retain,,120860114081089,1,0,0,0,0,unclassified,1,0
status_partition_violation,retain,,120860114081090,1,0,0,0,0,unclassified,1,0
status_partition_violation,retain,,120860114081091,1,0,0,0,0,unclassified,1,0
status_partition_violation,retain,,120860114081092,1,0,0,0,0,unclassified,1,0
status_partition_violation,retain,,120860114123055,1,0,0,0,0,unclassified,1,0
status_partition_violation,retain,,120860114123057,1,0,0,0,0,unclassified,1,0
status_partition_violation,retain,,120860114123058,1,0,0,0,0,unclassified,1,0
status_partition_violation,retain,,120860114123059,1,0,0,0,0,unclassified,1,0
status_partition_violation,retain,,120860115003000,1,0,0,0,0,unclassified,1,0
status_partition_violation,retain,,120860115003001,1,0,0,0,0,unclassified,1,0
status_partition_violation,retain,,120860115003002,1,0,0,0,0,unclassified,1,0
status_partition_violation,retain,,120860115003003,1,0,0,0,0,unclassified,1,0
status_partition_violation,retain,,120860115003004,1,0,0,0,0,unclassified,1,0
status_partition_violation,retain,,120860115003005,1,0,0,0,0,unclassified,1,0
status_partition_violation,retain,,120860115003006,1,0,0,0,0,unclassified,1,0
status_partition_violation,retain,,120860115003007,1,0,0,0,0,unclassified,1,0
status_partition_violation,retain,,120860115003022,1,0,0,0,0,unclassified,1,0
status_partition_violation,retain,,120860115003023,1,0,0,0,0,unclassified,1,0
status_partition_violation,retain,,120860115003030,1,0,0,0,0,unclassified,1,0
status_partition_violation,retain,,120860115003031,1,0,0,0,0,unclassified,1,0
status_partition_violation,retain,,120860115003032,1,0,0,0,0,unclassified,1,0
status_partition_violation,retain,,120860115003033,1,0,0,0,0,unclassified,1,0
status_partition_violation,retain,,120860115003034,1,0,0,0,0,unclassified,1,0
status_partition_violation,retain,,120860115003035,1,0,0,0,0,unclassified,1,0
status_partition_violation,retain,,120860115003039,1,0,0,0,0,unclassified,1,0
status_partition_violation,retain,,120860115003041,1,0,0,0,0,unclassified,1,0
status_partition_violation,retain,,120860115003046,1,0,0,0,0,unclassified,1,0
status_partition_violation,retain,,120860115003050,1,0,0,0,0,unclassified,1,0
status_partition_violation,retain,,120860115003051,1,0,0,0,0,unclassified,1,0
status_partition_violation,retain,,120860115003113,1,0,0,0,0,unclassified,1,0
status_partition_violation,retain,,120860115003152,1,0,0,0,0,unclassified,1,0
status_partition_violation,retain,,120860115003155,1,0,0,0,0,unclassified,1,0
status_partition_violation,retain,,120860141001037,1,0,0,0,0,unclassified,1,0
status_partition_violation,retain,,120869801001005,1,0,0,0,0,unclassified,1,0
status_partition_violation,retain,,120869801001007,1,0,0,0,0,unclassified,1,0
status_partition_violation,retain,,120869811001029,1,0,0,0,0,unclassified,1,0
status_partition_violation,retain,,120869811001031,1,0,0,0,0,unclassified,1,0
status_partition_violation,retain,,120869811001032,1,0,0,0,0,unclassified,1,0
status_partition_violation,retain,,120869811001033,1,0,0,0,0,unclassified,1,0
status_partition_violation,retain,,120869811001034,1,0,0,0,0,unclassified,1,0
status_partition_violation,retain,,120869811001035,1,0,0,0,0,unclassified,1,0
status_partition_violation,retain,,120869811001037,1,0,0,0,0,unclassified,1,0
status_partition_violation,retain,,120869811001039,1,0,0,0,0,unclassified,1,0
status_partition_violation,retain,,120869811001040,1,0,0,0,0,unclassified,1,0
status_partition_violation,retain,,120869811001064,1,0,0,0,0,unclassified,1,0
status_partition_violation,retain,,120869811001068,1,0,0,0,0,unclassified,1,0
status_partition_violation,retain,,120869812001023,1,0,0,0,0,unclassified,1,0
status_partition_violation,retain,,120869900000027,1,0,0,0,0,unclassified,1,0
status_partition_violation,retain,,120990077211004,1,0,0,0,0,unclassified,1,0
status_partition_violation,retain,,120990077211008,1,0,0,0,0,unclassified,1,0
status_partition_violation,retain,,120990079151002,1,0,0,0,0,unclassified,1,0
status_partition_violation,retain,,120990079151018,1,0,0,0,0,unclassified,1,0
status_partition_violation,retain,,120990079151034,1,0,0,0,0,unclassified,1,0
status_partition_violation,retain,,120990079151054,1,0,0,0,0,unclassified,1,0
status_partition_violation,retain,,120990079174007,1,0,0,0,0,unclassified,1,0
status_partition_violation,retain,,120990079174008,1,0,0,0,0,unclassified,1,0
status_partition_violation,retain,,120990079174009,1,0,0,0,0,unclassified,1,0
status_partition_violation,retain,,120990079174015,1,0,0,0,0,unclassified,1,0
status_partition_violation,retain,,120990079174018,1,0,0,0,0,unclassified,1,0
status_partition_violation,retain,,120990079174019,1,0,0,0,0,unclassified,1,0
status_partition_violation,retain,,120990079174020,1,0,0,0,0,unclassified,1,0
status_partition_violation,retain,,120990079174021,1,0,0,0,0,unclassified,1,0
status_partition_violation,retain,,120990079174025,1,0,0,0,0,unclassified,1,0
status_partition_violation,retain,,120990079174028,1,0,0,0,0,unclassified,1,0
status_partition_violation,retain,,120990079174029,1,0,0,0,0,unclassified,1,0
status_partition_violation,retain,,120990079174030,1,0,0,0,0,unclassified,1,0
status_partition_violation,retain,,120990079174057,1,0,0,0,0,unclassified,1,0
status_partition_violation,retain,,120990079174087,1,0,0,0,0,unclassified,1,0
status_partition_violation,retain,,120990079174096,1,0,0,0,0,unclassified,1,0
status_partition_violation,retain,,120990079174105,1,0,0,0,0,unclassified,1,0
status_partition_violation,retain,,120990079174122,1,0,0,0,0,unclassified,1,0
status_partition_violation,retain,,120990079174126,1,0,0,0,0,unclassified,1,0
status_partition_violation,retain,,120990079174128,1,0,0,0,0,unclassified,1,0
status_partition_violation,retain,,120990079174142,1,0,0,0,0,unclassified,1,0
status_partition_violation,retain,,120990079174147,1,0,0,0,0,unclassified,1,0
status_partition_violation,retain,,120990079174150,1,0,0,0,0,unclassified,1,0
status_partition_violation,retain,,120990079174156,1,0,0,0,0,unclassified,1,0
status_partition_violation,retain,,120990079174177,1,0,0,0,0,unclassified,1,0
status_partition_violation,retain,,120990079174178,1,0,0,0,0,unclassified,1,0
status_partition_violation,retain,,120990079174180,1,0,0,0,0,unclassified,1,0
status_partition_violation,retain,,120990079174181,1,0,0,0,0,unclassified,1,0
status_partition_violation,retain,,120990079174191,1,0,0,0,0,unclassified,1,0
status_partition_violation,retain,,120990079174192,1,0,0,0,0,unclassified,1,0
status_partition_violation,retain,,120990079174193,1,0,0,0,0,unclassified,1,0
status_partition_violation,retain,,120990079174194,1,0,0,0,0,unclassified,1,0
status_partition_violation,retain,,120990079174195,1,0,0,0,0,unclassified,1,0
status_partition_violation,retain,,120990079174196,1,0,0,0,0,unclassified,1,0
status_partition_violation,retain,,120990079174198,1,0,0,0,0,unclassified,1,0
status_partition_violation,retain,,120990079174199,1,0,0,0,0,unclassified,1,0
status_partition_violation,retain,,120990079174200,1,0,0,0,0,unclassified,1,0
status_partition_violation,retain,,120990079174207,1,0,0,0,0,unclassified,1,0
status_partition_violation,retain,,120990079174208,1,0,0,0,0,unclassified,1,0
status_partition_violation,retain,,120990079174209,1,0,0,0,0,unclassified,1,0
status_partition_violation,retain,,120990079174210,1,0,0,0,0,unclassified,1,0
status_partition_violation,retain,,120990080013010,1,0,0,0,0,unclassified,1,0
status_partition_violation,retain,,120990080013027,1,0,0,0,0,unclassified,1,0
status_partition_violation,retain,,120990080013028,1,0,0,0,0,unclassified,1,0
status_partition_violation,retain,,120990080013030,1,0,0,0,0,unclassified,1,0
status_partition_violation,retain,,120990081011003,1,0,0,0,0,unclassified,1,0
status_partition_violation,retain,,120990081011004,1,0,0,0,0,unclassified,1,0
status_partition_violation,retain,,120990081011033,1,0,0,0,0,unclassified,1,0
status_partition_violation,retain,,120990082031050,1,0,0,0,0,unclassified,1,0
status_partition_violation,retain,,120990083011036,1,0,0,0,0,unclassified,1,0
status_partition_violation,retain,,120990083011037,1,0,0,0,0,unclassified,1,0
status_partition_violation,retain,,120990083011040,1,0,0,0,0,unclassified,1,0
status_partition_violation,retain,,120990083011046,1,0,0,0,0,unclassified,1,0
status_partition_violation,retain,,120990083011047,1,0,0,0,0,unclassified,1,0
status_partition_violation,retain,,120990083011048,1,0,0,0,0,unclassified,1,0
status_partition_violation,retain,,120990083011049,1,0,0,0,0,unclassified,1,0
status_partition_violation,retain,,120990083011050,1,0,0,0,0,unclassified,1,0
status_partition_violation,retain,,120990083011051,1,0,0,0,0,unclassified,1,0
status_partition_violation,retain,,120990083011052,1,0,0,0,0,unclassified,1,0
status_partition_violation,retain,,120990083011053,1,0,0,0,0,unclassified,1,0
status_partition_violation,retain,,120990083011054,1,0,0,0,0,unclassified,1,0
status_partition_violation,retain,,120990083012005,1,0,0,0,0,unclassified,1,0
status_partition_violation,retain,,120990083012009,1,0,0,0,0,unclassified,1,0
status_partition_violation,retain,,120990083012016,1,0,0,0,0,unclassified,1,0
status_partition_violation,retain,,120990083012040,1,0,0,0,0,unclassified,1,0
status_partition_violation,retain,,120990083012042,1,0,0,0,0,unclassified,1,0
status_partition_violation,retain,,120990083012043,1,0,0,0,0,unclassified,1,0
status_partition_violation,retain,,120990083012044,1,0,0,0,0,unclassified,1,0
status_partition_violation,retain,,120999801001003,1,0,0,0,0,unclassified,1,0
status_partition_violation,retain,,120999801001004,1,0,0,0,0,unclassified,1,0
status_partition_violation,retain,,120999802001007,1,0,0,0,0,unclassified,1,0
status_partition_violation,retain,,120999802001016,1,0,0,0,0,unclassified,1,0
status_partition_violation,retain,,120999802001017,1,0,0,0,0,unclassified,1,0
status_partition_violation,retain,,120999804001000,1,0,0,0,0,unclassified,1,0
status_partition_violation,retain,,120999804001002,1,0,0,0,0,unclassified,1,0
status_partition_violation,retain,,120999804001005,1,0,0,0,0,unclassified,1,0
status_partition_violation,retain,,120999804001007,1,0,0,0,0,unclassified,1,0
status_partition_violation,retain,,120999804001009,1,0,0,0,0,unclassified,1,0
status_partition_violation,retain,,120999901000001,1,0,0,0,0,unclassified,1,0
status_partition_violation,retain,,120999901000002,1,0,0,0,0,unclassified,1,0
status_partition_violation,retain,,120999901000004,1,0,0,0,0,unclassified,1,0
status_partition_violation,retain,,120999901000005,1,0,0,0,0,unclassified,1,0
status_partition_violation,retain,,120119800001012,2,0,0,0,0,unclassified,1,0
status_partition_violation,retain,,120119800001014,2,0,0,0,0,unclassified,1,0
status_partition_violation,retain,,120119800001020,2,0,0,0,0,unclassified,1,0
status_partition_violation,retain,,120119800001021,2,0,0,0,0,unclassified,1,0
status_partition_violation,retain,,120119800001022,2,0,0,0,0,unclassified,1,0
status_partition_violation,retain,,120119800001023,2,0,0,0,0,unclassified,1,0
status_partition_violation,retain,,120119800001024,2,0,0,0,0,unclassified,1,0
status_partition_violation,retain,,120119800001037,2,0,0,0,0,unclassified,1,0
status_partition_violation,retain,,120119800001050,2,0,0,0,0,unclassified,1,0
status_partition_violation,retain,,120119800001051,2,0,0,0,0,unclassified,1,0
status_partition_violation,retain,,120119800001052,2,0,0,0,0,unclassified,1,0
status_partition_violation,retain,,120119800001053,2,0,0,0,0,unclassified,1,0
status_partition_violation,retain,,120119800001057,2,0,0,0,0,unclassified,1,0
status_partition_violation,retain,,120119800001058,2,0,0,0,0,unclassified,1,0
status_partition_violation,retain,,120119800001059,2,0,0,0,0,unclassified,1,0
status_partition_violation,retain,,120119800001072,2,0,0,0,0,unclassified,1,0
status_partition_violation,retain,,120860114081056,2,0,0,0,0,unclassified,1,0
status_partition_violation,retain,,120860114081057,2,0,0,0,0,unclassified,1,0
status_partition_violation,retain,,120860114081058,2,0,0,0,0,unclassified,1,0
status_partition_violation,retain,,120860114081060,2,0,0,0,0,unclassified,1,0
status_partition_violation,retain,,120860114081089,2,0,0,0,0,unclassified,1,0
status_partition_violation,retain,,120860114081091,2,0,0,0,0,unclassified,1,0
status_partition_violation,retain,,120860114081092,2,0,0,0,0,unclassified,1,0
status_partition_violation,retain,,120860114123055,2,0,0,0,0,unclassified,1,0
status_partition_violation,retain,,120860114123057,2,0,0,0,0,unclassified,1,0
status_partition_violation,retain,,120860114123058,2,0,0,0,0,unclassified,1,0
status_partition_violation,retain,,120860115003000,2,0,0,0,0,unclassified,1,0
status_partition_violation,retain,,120860115003001,2,0,0,0,0,unclassified,1,0
status_partition_violation,retain,,120860115003002,2,0,0,0,0,unclassified,1,0
status_partition_violation,retain,,120860115003003,2,0,0,0,0,unclassified,1,0
status_partition_violation,retain,,120860115003004,2,0,0,0,0,unclassified,1,0
status_partition_violation,retain,,120860115003005,2,0,0,0,0,unclassified,1,0
status_partition_violation,retain,,120860115003006,2,0,0,0,0,unclassified,1,0
status_partition_violation,retain,,120860115003007,2,0,0,0,0,unclassified,1,0
status_partition_violation,retain,,120860115003022,2,0,0,0,0,unclassified,1,0
status_partition_violation,retain,,120860115003023,2,0,0,0,0,unclassified,1,0
status_partition_violation,retain,,120860115003030,2,0,0,0,0,unclassified,1,0
status_partition_violation,retain,,120860115003031,2,0,0,0,0,unclassified,1,0
status_partition_violation,retain,,120860115003032,2,0,0,0,0,unclassified,1,0
status_partition_violation,retain,,120860115003033,2,0,0,0,0,unclassified,1,0
status_partition_violation,retain,,120860115003034,2,0,0,0,0,unclassified,1,0
status_partition_violation,retain,,120860115003035,2,0,0,0,0,unclassified,1,0
status_partition_violation,retain,,120860115003039,2,0,0,0,0,unclassified,1,0
status_partition_violation,retain,,120860115003041,2,0,0,0,0,unclassified,1,0
status_partition_violation,retain,,120860115003046,2,0,0,0,0,unclassified,1,0
status_partition_violation,retain,,120860115003050,2,0,0,0,0,unclassified,1,0
status_partition_violation,retain,,120860115003051,2,0,0,0,0,unclassified,1,0
status_partition_violation,retain,,120860115003113,2,0,0,0,0,unclassified,1,0
status_partition_violation,retain,,120860115003152,2,0,0,0,0,unclassified,1,0
status_partition_violation,retain,,120860115003155,2,0,0,0,0,unclassified,1,0
status_partition_violation,retain,,120860141001037,2,0,0,0,0,unclassified,1,0
status_partition_violation,retain,,120869811001029,2,0,0,0,0,unclassified,1,0
status_partition_violation,retain,,120869811001031,2,0,0,0,0,unclassified,1,0
status_partition_violation,retain,,120869811001032,2,0,0,0,0,unclassified,1,0
status_partition_violation,retain,,120869811001033,2,0,0,0,0,unclassified,1,0
status_partition_violation,retain,,120869811001034,2,0,0,0,0,unclassified,1,0
status_partition_violation,retain,,120869811001035,2,0,0,0,0,unclassified,1,0
status_partition_violation,retain,,120869811001037,2,0,0,0,0,unclassified,1,0
status_partition_violation,retain,,120869811001039,2,0,0,0,0,unclassified,1,0
status_partition_violation,retain,,120869811001040,2,0,0,0,0,unclassified,1,0
status_partition_violation,retain,,120869811001064,2,0,0,0,0,unclassified,1,0
status_partition_violation,retain,,120869811001068,2,0,0,0,0,unclassified,1,0
status_partition_violation,retain,,120869900000027,2,0,0,0,0,unclassified,1,0
status_partition_violation,retain,,120990077211004,2,0,0,0,0,unclassified,1,0
status_partition_violation,retain,,120990077211008,2,0,0,0,0,unclassified,1,0
status_partition_violation,retain,,120990079151002,2,0,0,0,0,unclassified,1,0
status_partition_violation,retain,,120990079151018,2,0,0,0,0,unclassified,1,0
status_partition_violation,retain,,120990079151034,2,0,0,0,0,unclassified,1,0
status_partition_violation,retain,,120990079151054,2,0,0,0,0,unclassified,1,0
status_partition_violation,retain,,120990079174007,2,0,0,0,0,unclassified,1,0
status_partition_violation,retain,,120990079174008,2,0,0,0,0,unclassified,1,0
status_partition_violation,retain,,120990079174009,2,0,0,0,0,unclassified,1,0
status_partition_violation,retain,,120990079174015,2,0,0,0,0,unclassified,1,0
status_partition_violation,retain,,120990079174018,2,0,0,0,0,unclassified,1,0
status_partition_violation,retain,,120990079174019,2,0,0,0,0,unclassified,1,0
status_partition_violation,retain,,120990079174020,2,0,0,0,0,unclassified,1,0
status_partition_violation,retain,,120990079174021,2,0,0,0,0,unclassified,1,0
status_partition_violation,retain,,120990079174025,2,0,0,0,0,unclassified,1,0
status_partition_violation,retain,,120990079174028,2,0,0,0,0,unclassified,1,0
status_partition_violation,retain,,120990079174029,2,0,0,0,0,unclassified,1,0
status_partition_violation,retain,,120990079174030,2,0,0,0,0,unclassified,1,0
status_partition_violation,retain,,120990079174057,2,0,0,0,0,unclassified,1,0
status_partition_violation,retain,,120990079174087,2,0,0,0,0,unclassified,1,0
status_partition_violation,retain,,120990079174096,2,0,0,0,0,unclassified,1,0
status_partition_violation,retain,,120990079174105,2,0,0,0,0,unclassified,1,0
status_partition_violation,retain,,120990079174122,2,0,0,0,0,unclassified,1,0
status_partition_violation,retain,,120990079174126,2,0,0,0,0,unclassified,1,0
status_partition_violation,retain,,120990079174128,2,0,0,0,0,unclassified,1,0
status_partition_violation,retain,,120990079174142,2,0,0,0,0,unclassified,1,0
status_partition_violation,retain,,120990079174147,2,0,0,0,0,unclassified,1,0
status_partition_violation,retain,,120990079174150,2,0,0,0,0,unclassified,1,0
status_partition_violation,retain,,120990079174156,2,0,0,0,0,unclassified,1,0
status_partition_violation,retain,,120990079174177,2,0,0,0,0,unclassified,1,0
status_partition_violation,retain,,120990079174178,2,0,0,0,0,unclassified,1,0
status_partition_violation,retain,,120990079174180,2,0,0,0,0,unclassified,1,0
status_partition_violation,retain,,120990079174181,2,0,0,0,0,unclassified,1,0
status_partition_violation,retain,,120990079174191,2,0,0,0,0,unclassified,1,0
status_partition_violation,retain,,120990079174192,2,0,0,0,0,unclassified,1,0
status_partition_violation,retain,,120990079174193,2,0,0,0,0,unclassified,1,0
status_partition_violation,retain,,120990079174194,2,0,0,0,0,unclassified,1,0
status_partition_violation,retain,,120990079174195,2,0,0,0,0,unclassified,1,0
status_partition_violation,retain,,120990079174196,2,0,0,0,0,unclassified,1,0
status_partition_violation,retain,,120990079174198,2,0,0,0,0,unclassified,1,0
status_partition_violation,retain,,120990079174199,2,0,0,0,0,unclassified,1,0
status_partition_violation,retain,,120990079174200,2,0,0,0,0,unclassified,1,0
status_partition_violation,retain,,120990079174207,2,0,0,0,0,unclassified,1,0
status_partition_violation,retain,,120990079174208,2,0,0,0,0,unclassified,1,0
status_partition_violation,retain,,120990079174209,2,0,0,0,0,unclassified,1,0
status_partition_violation,retain,,120990079174210,2,0,0,0,0,unclassified,1,0
status_partition_violation,retain,,120990080013010,2,0,0,0,0,unclassified,1,0
status_partition_violation,retain,,120990080013027,2,0,0,0,0,unclassified,1,0
status_partition_violation,retain,,120990080013028,2,0,0,0,0,unclassified,1,0
status_partition_violation,retain,,120990080013030,2,0,0,0,0,unclassified,1,0
status_partition_violation,retain,,120990081011003,2,0,0,0,0,unclassified,1,0
status_partition_violation,retain,,120990081011004,2,0,0,0,0,unclassified,1,0
status_partition_violation,retain,,120990081011033,2,0,0,0,0,unclassified,1,0
status_partition_violation,retain,,120990082031050,2,0,0,0,0,unclassified,1,0
status_partition_violation,retain,,120990083011036,2,0,0,0,0,unclassified,1,0
status_partition_violation,retain,,120990083011037,2,0,0,0,0,unclassified,1,0
status_partition_violation,retain,,120990083011040,2,0,0,0,0,unclassified,1,0
status_partition_violation,retain,,120990083011046,2,0,0,0,0,unclassified,1,0
status_partition_violation,retain,,120990083011047,2,0,0,0,0,unclassified,1,0
status_partition_violation,retain,,120990083011048,2,0,0,0,0,unclassified,1,0
status_partition_violation,retain,,120990083011049,2,0,0,0,0,unclassified,1,0
status_partition_violation,retain,,120990083011050,2,0,0,0,0,unclassified,1,0
status_partition_violation,retain,,120990083011051,2,0,0,0,0,unclassified,1,0
status_partition_violation,retain,,120990083011052,2,0,0,0,0,unclassified,1,0
status_partition_violation,retain,,120990083011053,2,0,0,0,0,unclassified,1,0
status_partition_violation,retain,,120990083011054,2,0,0,0,0,unclassified,1,0
status_partition_violation,retain,,120990083012005,2,0,0,0,0,unclassified,1,0
status_partition_violation,retain,,120990083012009,2,0,0,0,0,unclassified,1,0
status_partition_violation,retain,,120990083012016,2,0,0,0,0,unclassified,1,0
status_partition_violation,retain,,120990083012040,2,0,0,0,0,unclassified,1,0
status_partition_violation,retain,,120990083012042,2,0,0,0,0,unclassified,1,0
status_partition_violation,retain,,120990083012043,2,0,0,0,0,unclassified,1,0
status_partition_violation,retain,,120990083012044,2,0,0,0,0,unclassified,1,0
status_partition_violation,retain,,120999801001003,2,0,0,0,0,unclassified,1,0
status_partition_violation,retain,,120999801001004,2,0,0,0,0,unclassified,1,0
status_partition_violation,retain,,120999802001007,2,0,0,0,0,unclassified,1,0
status_partition_violation,retain,,120999802001016,2,0,0,0,0,unclassified,1,0
status_partition_violation,retain,,120999802001017,2,0,0,0,0,unclassified,1,0
status_partition_violation,retain,,120999804001000,2,0,0,0,0,unclassified,1,0
status_partition_violation,retain,,120999804001002,2,0,0,0,0,unclassified,1,0
status_partition_violation,retain,,120999804001005,2,0,0,0,0,unclassified,1,0
status_partition_violation,retain,,120999804001007,2,0,0,0,0,unclassified,1,0
status_partition_violation,retain,,120999804001009,2,0,0,0,0,unclassified,1,0
status_partition_violation,retain,,120999901000001,2,0,0,0,0,unclassified,1,0
status_partition_violation,retain,,120999901000002,2,0,0,0,0,unclassified,1,0
status_partition_violation,retain,,120999901000004,2,0,0,0,0,unclassified,1,0
status_partition_violation,retain,,120999901000005,2,0,0,0,0,unclassified,1,0
status_partition_violation,retain,,120119800001012,3,0,0,0,0,unclassified,1,0
status_partition_violation,retain,,120119800001014,3,0,0,0,0,unclassified,1,0
status_partition_violation,retain,,120119800001020,3,0,0,0,0,unclassified,1,0
status_partition_violation,retain,,120119800001021,3,0,0,0,0,unclassified,1,0
status_partition_violation,retain,,120119800001022,3,0,0,0,0,unclassified,1,0
status_partition_violation,retain,,120119800001023,3,0,0,0,0,unclassified,1,0
status_partition_violation,retain,,120119800001024,3,0,0,0,0,unclassified,1,0
status_partition_violation,retain,,120119800001037,3,0,0,0,0,unclassified,1,0
status_partition_violation,retain,,120119800001050,3,0,0,0,0,unclassified,1,0
status_partition_violation,retain,,120119800001051,3,0,0,0,0,unclassified,1,0
status_partition_violation,retain,,120119800001052,3,0,0,0,0,unclassified,1,0
status_partition_violation,retain,,120119800001053,3,0,0,0,0,unclassified,1,0
status_partition_violation,retain,,120119800001057,3,0,0,0,0,unclassified,1,0
status_partition_violation,retain,,120119800001058,3,0,0,0,0,unclassified,1,0
status_partition_violation,retain,,120119800001059,3,0,0,0,0,unclassified,1,0
status_partition_violation,retain,,120119800001072,3,0,0,0,0,unclassified,1,0
status_partition_violation,retain,,120860114081091,3,0,0,0,0,unclassified,1,0
status_partition_violation,retain,,120860114081092,3,0,0,0,0,unclassified,1,0
status_partition_violation,retain,,120860114123058,3,0,0,0,0,unclassified,1,0
status_partition_violation,retain,,120860115003000,3,0,0,0,0,unclassified,1,0
status_partition_violation,retain,,120860115003001,3,0,0,0,0,unclassified,1,0
status_partition_violation,retain,,120860115003002,3,0,0,0,0,unclassified,1,0
status_partition_violation,retain,,120860115003003,3,0,0,0,0,unclassified,1,0
status_partition_violation,retain,,120860115003004,3,0,0,0,0,unclassified,1,0
status_partition_violation,retain,,120860115003005,3,0,0,0,0,unclassified,1,0
status_partition_violation,retain,,120860115003006,3,0,0,0,0,unclassified,1,0
status_partition_violation,retain,,120860115003007,3,0,0,0,0,unclassified,1,0
status_partition_violation,retain,,120860115003022,3,0,0,0,0,unclassified,1,0
status_partition_violation,retain,,120860115003023,3,0,0,0,0,unclassified,1,0
status_partition_violation,retain,,120860115003030,3,0,0,0,0,unclassified,1,0
status_partition_violation,retain,,120860115003032,3,0,0,0,0,unclassified,1,0
status_partition_violation,retain,,120860115003033,3,0,0,0,0,unclassified,1,0
status_partition_violation,retain,,120860115003034,3,0,0,0,0,unclassified,1,0
status_partition_violation,retain,,120860115003035,3,0,0,0,0,unclassified,1,0
status_partition_violation,retain,,120860115003039,3,0,0,0,0,unclassified,1,0
status_partition_violation,retain,,120860115003041,3,0,0,0,0,unclassified,1,0
status_partition_violation,retain,,120860115003046,3,0,0,0,0,unclassified,1,0
status_partition_violation,retain,,120860115003050,3,0,0,0,0,unclassified,1,0
status_partition_violation,retain,,120860115003051,3,0,0,0,0,unclassified,1,0
status_partition_violation,retain,,120860115003113,3,0,0,0,0,unclassified,1,0
status_partition_violation,retain,,120860115003152,3,0,0,0,0,unclassified,1,0
status_partition_violation,retain,,120860115003155,3,0,0,0,0,unclassified,1,0
status_partition_violation,retain,,120860141001037,3,0,0,0,0,unclassified,1,0
status_partition_violation,retain,,120869811001029,3,0,0,0,0,unclassified,1,0
status_partition_violation,retain,,120869811001031,3,0,0,0,0,unclassified,1,0
status_partition_violation,retain,,120869811001032,3,0,0,0,0,unclassified,1,0
status_partition_violation,retain,,120869811001033,3,0,0,0,0,unclassified,1,0
status_partition_violation,retain,,120869811001034,3,0,0,0,0,unclassified,1,0
status_partition_violation,retain,,120869811001035,3,0,0,0,0,unclassified,1,0
status_partition_violation,retain,,120869811001037,3,0,0,0,0,unclassified,1,0
status_partition_violation,retain,,120869811001039,3,0,0,0,0,unclassified,1,0
status_partition_violation,retain,,120869811001040,3,0,0,0,0,unclassified,1,0
status_partition_violation,retain,,120869811001064,3,0,0,0,0,unclassified,1,0
status_partition_violation,retain,,120869811001068,3,0,0,0,0,unclassified,1,0
status_partition_violation,retain,,120869900000027,3,0,0,0,0,unclassified,1,0
status_partition_violation,retain,,120990077211004,3,0,0,0,0,unclassified,1,0
status_partition_violation,retain,,120990077211008,3,0,0,0,0,unclassified,1,0
status_partition_violation,retain,,120990079151002,3,0,0,0,0,unclassified,1,0
status_partition_violation,retain,,120990079151018,3,0,0,0,0,unclassified,1,0
status_partition_violation,retain,,120990079151034,3,0,0,0,0,unclassified,1,0
status_partition_violation,retain,,120990079151054,3,0,0,0,0,unclassified,1,0
status_partition_violation,retain,,120990079174007,3,0,0,0,0,unclassified,1,0
status_partition_violation,retain,,120990079174008,3,0,0,0,0,unclassified,1,0
status_partition_violation,retain,,120990079174009,3,0,0,0,0,unclassified,1,0
status_partition_violation,retain,,120990079174015,3,0,0,0,0,unclassified,1,0
status_partition_violation,retain,,120990079174018,3,0,0,0,0,unclassified,1,0
status_partition_violation,retain,,120990079174019,3,0,0,0,0,unclassified,1,0
status_partition_violation,retain,,120990079174020,3,0,0,0,0,unclassified,1,0
status_partition_violation,retain,,120990079174021,3,0,0,0,0,unclassified,1,0
status_partition_violation,retain,,120990079174025,3,0,0,0,0,unclassified,1,0
status_partition_violation,retain,,120990079174028,3,0,0,0,0,unclassified,1,0
status_partition_violation,retain,,120990079174029,3,0,0,0,0,unclassified,1,0
status_partition_violation,retain,,120990079174030,3,0,0,0,0,unclassified,1,0
status_partition_violation,retain,,120990079174057,3,0,0,0,0,unclassified,1,0
status_partition_violation,retain,,120990079174087,3,0,0,0,0,unclassified,1,0
status_partition_violation,retain,,120990079174096,3,0,0,0,0,unclassified,1,0
status_partition_violation,retain,,120990079174105,3,0,0,0,0,unclassified,1,0
status_partition_violation,retain,,120990079174122,3,0,0,0,0,unclassified,1,0
status_partition_violation,retain,,120990079174126,3,0,0,0,0,unclassified,1,0
status_partition_violation,retain,,120990079174128,3,0,0,0,0,unclassified,1,0
status_partition_violation,retain,,120990079174142,3,0,0,0,0,unclassified,1,0
status_partition_violation,retain,,120990079174147,3,0,0,0,0,unclassified,1,0
status_partition_violation,retain,,120990079174150,3,0,0,0,0,unclassified,1,0
status_partition_violation,retain,,120990079174156,3,0,0,0,0,unclassified,1,0
status_partition_violation,retain,,120990079174177,3,0,0,0,0,unclassified,1,0
status_partition_violation,retain,,120990079174178,3,0,0,0,0,unclassified,1,0
status_partition_violation,retain,,120990079174180,3,0,0,0,0,unclassified,1,0
status_partition_violation,retain,,120990079174181,3,0,0,0,0,unclassified,1,0
status_partition_violation,retain,,120990079174191,3,0,0,0,0,unclassified,1,0
status_partition_violation,retain,,120990079174192,3,0,0,0,0,unclassified,1,0
status_partition_violation,retain,,120990079174193,3,0,0,0,0,unclassified,1,0
status_partition_violation,retain,,120990079174194,3,0,0,0,0,unclassified,1,0
status_partition_violation,retain,,120990079174195,3,0,0,0,0,unclassified,1,0
status_partition_violation,retain,,120990079174196,3,0,0,0,0,unclassified,1,0
status_partition_violation,retain,,120990079174198,3,0,0,0,0,unclassified,1,0
status_partition_violation,retain,,120990079174199,3,0,0,0,0,unclassified,1,0
status_partition_violation,retain,,120990079174200,3,0,0,0,0,unclassified,1,0
status_partition_violation,retain,,120990079174207,3,0,0,0,0,unclassified,1,0
status_partition_violation,retain,,120990079174208,3,0,0,0,0,unclassified,1,0
status_partition_violation,retain,,120990079174209,3,0,0,0,0,unclassified,1,0
status_partition_violation,retain,,120990079174210,3,0,0,0,0,unclassified,1,0
status_partition_violation,retain,,120990080013010,3,0,0,0,0,unclassified,1,0
status_partition_violation,retain,,120990080013027,3,0,0,0,0,unclassified,1,0
status_partition_violation,retain,,120990080013028,3,0,0,0,0,unclassified,1,0
status_partition_violation,retain,,120990080013030,3,0,0,0,0,unclassified,1,0
status_partition_violation,retain,,120990081011003,3,0,0,0,0,unclassified,1,0
status_partition_violation,retain,,120990081011004,3,0,0,0,0,unclassified,1,0
status_partition_violation,retain,,120990081011033,3,0,0,0,0,unclassified,1,0
status_partition_violation,retain,,120990082031050,3,0,0,0,0,unclassified,1,0
status_partition_violation,retain,,120990083011036,3,0,0,0,0,unclassified,1,0
status_partition_violation,retain,,120990083011037,3,0,0,0,0,unclassified,1,0
status_partition_violation,retain,,120990083011040,3,0,0,0,0,unclassified,1,0
status_partition_violation,retain,,120990083011046,3,0,0,0,0,unclassified,1,0
status_partition_violation,retain,,120990083011047,3,0,0,0,0,unclassified,1,0
status_partition_violation,retain,,120990083011048,3,0,0,0,0,unclassified,1,0
status_partition_violation,retain,,120990083011049,3,0,0,0,0,unclassified,1,0
status_partition_violation,retain,,120990083011050,3,0,0,0,0,unclassified,1,0
status_partition_violation,retain,,120990083011051,3,0,0,0,0,unclassified,1,0
status_partition_violation,retain,,120990083011052,3,0,0,0,0,unclassified,1,0
status_partition_violation,retain,,120990083011053,3,0,0,0,0,unclassified,1,0
status_partition_violation,retain,,120990083011054,3,0,0,0,0,unclassified,1,0
status_partition_violation,retain,,120990083012005,3,0,0,0,0,unclassified,1,0
status_partition_violation,retain,,120990083012009,3,0,0,0,0,unclassified,1,0
status_partition_violation,retain,,120990083012016,3,0,0,0,0,unclassified,1,0
status_partition_violation,retain,,120990083012040,3,0,0,0,0,unclassified,1,0
status_partition_violation,retain,,120990083012042,3,0,0,0,0,unclassified,1,0
status_partition_violation,retain,,120990083012043,3,0,0,0,0,unclassified,1,0
status_partition_violation,retain,,120990083012044,3,0,0,0,0,unclassified,1,0
status_partition_violation,retain,,120999801001003,3,0,0,0,0,unclassified,1,0
status_partition_violation,retain,,120999801001004,3,0,0,0,0,unclassified,1,0
status_partition_violation,retain,,120999802001007,3,0,0,0,0,unclassified,1,0
status_partition_violation,retain,,120999802001016,3,0,0,0,0,unclassified,1,0
status_partition_violation,retain,,120999802001017,3,0,0,0,0,unclassified,1,0
status_partition_violation,retain,,120999804001000,3,0,0,0,0,unclassified,1,0
status_partition_violation,retain,,120999804001002,3,0,0,0,0,unclassified,1,0
status_partition_violation,retain,,120999804001005,3,0,0,0,0,unclassified,1,0
status_partition_violation,retain,,120999804001007,3,0,0,0,0,unclassified,1,0
status_partition_violation,retain,,120999804001009,3,0,0,0,0,unclassified,1,0
status_partition_violation,retain,,120999901000001,3,0,0,0,0,unclassified,1,0
status_partition_violation,retain,,120999901000002,3,0,0,0,0,unclassified,1,0
status_partition_violation,retain,,120999901000004,3,0,0,0,0,unclassified,1,0
status_partition_violation,retain,,120999901000005,3,0,0,0,0,unclassified,1,0
status_partition_violation,retain,,120119800001012,4,0,0,0,0,unclassified,1,0
status_partition_violation,retain,,120119800001014,4,0,0,0,0,unclassified,1,0
status_partition_violation,retain,,120119800001020,4,0,0,0,0,unclassified,1,0
status_partition_violation,retain,,120119800001021,4,0,0,0,0,unclassified,1,0
status_partition_violation,retain,,120119800001022,4,0,0,0,0,unclassified,1,0
status_partition_violation,retain,,120119800001023,4,0,0,0,0,unclassified,1,0
status_partition_violation,retain,,120119800001024,4,0,0,0,0,unclassified,1,0
status_partition_violation,retain,,120119800001037,4,0,0,0,0,unclassified,1,0
status_partition_violation,retain,,120119800001050,4,0,0,0,0,unclassified,1,0
status_partition_violation,retain,,120119800001051,4,0,0,0,0,unclassified,1,0
status_partition_violation,retain,,120119800001052,4,0,0,0,0,unclassified,1,0
status_partition_violation,retain,,120119800001053,4,0,0,0,0,unclassified,1,0
status_partition_violation,retain,,120119800001057,4,0,0,0,0,unclassified,1,0
status_partition_violation,retain,,120119800001058,4,0,0,0,0,unclassified,1,0
status_partition_violation,retain,,120119800001059,4,0,0,0,0,unclassified,1,0
status_partition_violation,retain,,120119800001072,4,0,0,0,0,unclassified,1,0
status_partition_violation,retain,,120860114081091,4,0,0,0,0,unclassified,1,0
status_partition_violation,retain,,120860114081092,4,0,0,0,0,unclassified,1,0
status_partition_violation,retain,,120860115003000,4,0,0,0,0,unclassified,1,0
status_partition_violation,retain,,120860115003001,4,0,0,0,0,unclassified,1,0
status_partition_violation,retain,,120860115003002,4,0,0,0,0,unclassified,1,0
status_partition_violation,retain,,120860115003003,4,0,0,0,0,unclassified,1,0
status_partition_violation,retain,,120860115003004,4,0,0,0,0,unclassified,1,0
status_partition_violation,retain,,120860115003005,4,0,0,0,0,unclassified,1,0
status_partition_violation,retain,,120860115003006,4,0,0,0,0,unclassified,1,0
status_partition_violation,retain,,120860115003007,4,0,0,0,0,unclassified,1,0
status_partition_violation,retain,,120860115003022,4,0,0,0,0,unclassified,1,0
status_partition_violation,retain,,120860115003023,4,0,0,0,0,unclassified,1,0
status_partition_violation,retain,,120860115003030,4,0,0,0,0,unclassified,1,0
status_partition_violation,retain,,120860115003032,4,0,0,0,0,unclassified,1,0
status_partition_violation,retain,,120860115003033,4,0,0,0,0,unclassified,1,0
status_partition_violation,retain,,120860115003034,4,0,0,0,0,unclassified,1,0
status_partition_violation,retain,,120860115003035,4,0,0,0,0,unclassified,1,0
status_partition_violation,retain,,120860115003039,4,0,0,0,0,unclassified,1,0
status_partition_violation,retain,,120860115003041,4,0,0,0,0,unclassified,1,0
status_partition_violation,retain,,120860115003046,4,0,0,0,0,unclassified,1,0
status_partition_violation,retain,,120860115003050,4,0,0,0,0,unclassified,1,0
status_partition_violation,retain,,120860115003051,4,0,0,0,0,unclassified,1,0
status_partition_violation,retain,,120860115003113,4,0,0,0,0,unclassified,1,0
status_partition_violation,retain,,120860115003152,4,0,0,0,0,unclassified,1,0
status_partition_violation,retain,,120860115003155,4,0,0,0,0,unclassified,1,0
status_partition_violation,retain,,120860141001037,4,0,0,0,0,unclassified,1,0
status_partition_violation,retain,,120869811001029,4,0,0,0,0,unclassified,1,0
status_partition_violation,retain,,120869811001031,4,0,0,0,0,unclassified,1,0
status_partition_violation,retain,,120869811001032,4,0,0,0,0,unclassified,1,0
status_partition_violation,retain,,120869811001033,4,0,0,0,0,unclassified,1,0
status_partition_violation,retain,,120869811001034,4,0,0,0,0,unclassified,1,0
status_partition_violation,retain,,120869811001035,4,0,0,0,0,unclassified,1,0
status_partition_violation,retain,,120869811001037,4,0,0,0,0,unclassified,1,0
status_partition_violation,retain,,120869811001039,4,0,0,0,0,unclassified,1,0
status_partition_violation,retain,,120869811001040,4,0,0,0,0,unclassified,1,0
status_partition_violation,retain,,120869811001064,4,0,0,0,0,unclassified,1,0
status_partition_violation,retain,,120869811001068,4,0,0,0,0,unclassified,1,0
status_partition_violation,retain,,120869900000027,4,0,0,0,0,unclassified,1,0
status_partition_violation,retain,,120990077211004,4,0,0,0,0,unclassified,1,0
status_partition_violation,retain,,120990077211008,4,0,0,0,0,unclassified,1,0
status_partition_violation,retain,,120990079151002,4,0,0,0,0,unclassified,1,0
status_partition_violation,retain,,120990079151018,4,0,0,0,0,unclassified,1,0
status_partition_violation,retain,,120990079151034,4,0,0,0,0,unclassified,1,0
status_partition_violation,retain,,120990079151054,4,0,0,0,0,unclassified,1,0
status_partition_violation,retain,,120990079174007,4,0,0,0,0,unclassified,1,0
status_partition_violation,retain,,120990079174008,4,0,0,0,0,unclassified,1,0
status_partition_violation,retain,,120990079174009,4,0,0,0,0,unclassified,1,0
status_partition_violation,retain,,120990079174015,4,0,0,0,0,unclassified,1,0
status_partition_violation,retain,,120990079174018,4,0,0,0,0,unclassified,1,0
status_partition_violation,retain,,120990079174019,4,0,0,0,0,unclassified,1,0
status_partition_violation,retain,,120990079174020,4,0,0,0,0,unclassified,1,0
status_partition_violation,retain,,120990079174021,4,0,0,0,0,unclassified,1,0
status_partition_violation,retain,,120990079174025,4,0,0,0,0,unclassified,1,0
status_partition_violation,retain,,120990079174028,4,0,0,0,0,unclassified,1,0
status_partition_violation,retain,,120990079174029,4,0,0,0,0,unclassified,1,0
status_partition_violation,retain,,120990079174030,4,0,0,0,0,unclassified,1,0
status_partition_violation,retain,,120990079174057,4,0,0,0,0,unclassified,1,0
status_partition_violation,retain,,120990079174087,4,0,0,0,0,unclassified,1,0
status_partition_violation,retain,,120990079174096,4,0,0,0,0,unclassified,1,0
status_partition_violation,retain,,120990079174105,4,0,0,0,0,unclassified,1,0
status_partition_violation,retain,,120990079174122,4,0,0,0,0,unclassified,1,0
status_partition_violation,retain,,120990079174126,4,0,0,0,0,unclassified,1,0
status_partition_violation,retain,,120990079174128,4,0,0,0,0,unclassified,1,0
status_partition_violation,retain,,120990079174142,4,0,0,0,0,unclassified,1,0
status_partition_violation,retain,,120990079174147,4,0,0,0,0,unclassified,1,0
status_partition_violation,retain,,120990079174150,4,0,0,0,0,unclassified,1,0
status_partition_violation,retain,,120990079174156,4,0,0,0,0,unclassified,1,0
status_partition_violation,retain,,120990079174177,4,0,0,0,0,unclassified,1,0
status_partition_violation,retain,,120990079174178,4,0,0,0,0,unclassified,1,0
status_partition_violation,retain,,120990079174180,4,0,0,0,0,unclassified,1,0
status_partition_violation,retain,,120990079174181,4,0,0,0,0,unclassified,1,0
status_partition_violation,retain,,120990079174191,4,0,0,0,0,unclassified,1,0
status_partition_violation,retain,,120990079174192,4,0,0,0,0,unclassified,1,0
status_partition_violation,retain,,120990079174193,4,0,0,0,0,unclassified,1,0
status_partition_violation,retain,,120990079174194,4,0,0,0,0,unclassified,1,0
status_partition_violation,retain,,120990079174195,4,0,0,0,0,unclassified,1,0
status_partition_violation,retain,,120990079174196,4,0,0,0,0,unclassified,1,0
status_partition_violation,retain,,120990079174198,4,0,0,0,0,unclassified,1,0
status_partition_violation,retain,,120990079174199,4,0,0,0,0,unclassified,1,0
status_partition_violation,retain,,120990079174200,4,0,0,0,0,unclassified,1,0
status_partition_violation,retain,,120990079174207,4,0,0,0,0,unclassified,1,0
status_partition_violation,retain,,120990079174208,4,0,0,0,0,unclassified,1,0
status_partition_violation,retain,,120990079174209,4,0,0,0,0,unclassified,1,0
status_partition_violation,retain,,120990079174210,4,0,0,0,0,unclassified,1,0
status_partition_violation,retain,,120990080013010,4,0,0,0,0,unclassified,1,0
status_partition_violation,retain,,120990080013027,4,0,0,0,0,unclassified,1,0
status_partition_violation,retain,,120990080013028,4,0,0,0,0,unclassified,1,0
status_partition_violation,retain,,120990080013030,4,0,0,0,0,unclassified,1,0
status_partition_violation,retain,,120990081011003,4,0,0,0,0,unclassified,1,0
status_partition_violation,retain,,120990081011004,4,0,0,0,0,unclassified,1,0
status_partition_violation,retain,,120990081011033,4,0,0,0,0,unclassified,1,0
status_partition_violation,retain,,120990082031050,4,0,0,0,0,unclassified,1,0
status_partition_violation,retain,,120990083011036,4,0,0,0,0,unclassified,1,0
status_partition_violation,retain,,120990083011037,4,0,0,0,0,unclassified,1,0
status_partition_violation,retain,,120990083011040,4,0,0,0,0,unclassified,1,0
status_partition_violation,retain,,120990083011046,4,0,0,0,0,unclassified,1,0
status_partition_violation,retain,,120990083011047,4,0,0,0,0,unclassified,1,0
status_partition_violation,retain,,120990083011048,4,0,0,0,0,unclassified,1,0
status_partition_violation,retain,,120990083011049,4,0,0,0,0,unclassified,1,0
status_partition_violation,retain,,120990083011050,4,0,0,0,0,unclassified,1,0
status_partition_violation,retain,,120990083011051,4,0,0,0,0,unclassified,1,0
status_partition_violation,retain,,120990083011052,4,0,0,0,0,unclassified,1,0
status_partition_violation,retain,,120990083011053,4,0,0,0,0,unclassified,1,0
status_partition_violation,retain,,120990083011054,4,0,0,0,0,unclassified,1,0
status_partition_violation,retain,,120990083012005,4,0,0,0,0,unclassified,1,0
status_partition_violation,retain,,120990083012009,4,0,0,0,0,unclassified,1,0
status_partition_violation,retain,,120990083012016,4,0,0,0,0,unclassified,1,0
status_partition_violation,retain,,120990083012040,4,0,0,0,0,unclassified,1,0
status_partition_violation,retain,,120990083012042,4,0,0,0,0,unclassified,1,0
status_partition_violation,retain,,120990083012043,4,0,0,0,0,unclassified,1,0
status_partition_violation,retain,,120990083012044,4,0,0,0,0,unclassified,1,0
status_partition_violation,retain,,120999801001003,4,0,0,0,0,unclassified,1,0
status_partition_violation,retain,,120999801001004,4,0,0,0,0,unclassified,1,0
status_partition_violation,retain,,120999802001007,4,0,0,0,0,unclassified,1,0
status_partition_violation,retain,,120999802001016,4,0,0,0,0,unclassified,1,0
status_partition_violation,retain,,120999802001017,4,0,0,0,0,unclassified,1,0
status_partition_violation,retain,,120999804001000,4,0,0,0,0,unclassified,1,0
status_partition_violation,retain,,120999804001002,4,0,0,0,0,unclassified,1,0
status_partition_violation,retain,,120999804001005,4,0,0,0,0,unclassified,1,0
status_partition_violation,retain,,120999804001007,4,0,0,0,0,unclassified,1,0
status_partition_violation,retain,,120999804001009,4,0,0,0,0,unclassified,1,0
status_partition_violation,retain,,120999901000001,4,0,0,0,0,unclassified,1,0
status_partition_violation,retain,,120999901000002,4,0,0,0,0,unclassified,1,0
status_partition_violation,retain,,120999901000004,4,0,0,0,0,unclassified,1,0
status_partition_violation,retain,,120999901000005,4,0,0,0,0,unclassified,1,0
status_partition_violation,retain,,120119800001012,5,0,0,0,0,unclassified,1,0
status_partition_violation,retain,,120119800001014,5,0,0,0,0,unclassified,1,0
status_partition_violation,retain,,120119800001020,5,0,0,0,0,unclassified,1,0
status_partition_violation,retain,,120119800001021,5,0,0,0,0,unclassified,1,0
status_partition_violation,retain,,120119800001022,5,0,0,0,0,unclassified,1,0
status_partition_violation,retain,,120119800001023,5,0,0,0,0,unclassified,1,0
status_partition_violation,retain,,120119800001024,5,0,0,0,0,unclassified,1,0
status_partition_violation,retain,,120119800001037,5,0,0,0,0,unclassified,1,0
status_partition_violation,retain,,120119800001050,5,0,0,0,0,unclassified,1,0
status_partition_violation,retain,,120119800001051,5,0,0,0,0,unclassified,1,0
status_partition_violation,retain,,120119800001052,5,0,0,0,0,unclassified,1,0
status_partition_violation,retain,,120119800001053,5,0,0,0,0,unclassified,1,0
status_partition_violation,retain,,120119800001057,5,0,0,0,0,unclassified,1,0
status_partition_violation,retain,,120119800001058,5,0,0,0,0,unclassified,1,0
status_partition_violation,retain,,120119800001059,5,0,0,0,0,unclassified,1,0
status_partition_violation,retain,,120119800001072,5,0,0,0,0,unclassified,1,0
status_partition_violation,retain,,120860115003000,5,0,0,0,0,unclassified,1,0
status_partition_violation,retain,,120860115003001,5,0,0,0,0,unclassified,1,0
status_partition_violation,retain,,120860115003002,5,0,0,0,0,unclassified,1,0
status_partition_violation,retain,,120860115003003,5,0,0,0,0,unclassified,1,0
status_partition_violation,retain,,120860115003004,5,0,0,0,0,unclassified,1,0
status_partition_violation,retain,,120860115003005,5,0,0,0,0,unclassified,1,0
status_partition_violation,retain,,120860115003006,5,0,0,0,0,unclassified,1,0
status_partition_violation,retain,,120860115003007,5,0,0,0,0,unclassified,1,0
status_partition_violation,retain,,120860115003030,5,0,0,0,0,unclassified,1,0
status_partition_violation,retain,,120860115003032,5,0,0,0,0,unclassified,1,0
status_partition_violation,retain,,120860115003033,5,0,0,0,0,unclassified,1,0
status_partition_violation,retain,,120860115003034,5,0,0,0,0,unclassified,1,0
status_partition_violation,retain,,120860115003035,5,0,0,0,0,unclassified,1,0
status_partition_violation,retain,,120860115003039,5,0,0,0,0,unclassified,1,0
status_partition_violation,retain,,120860115003050,5,0,0,0,0,unclassified,1,0
status_partition_violation,retain,,120860115003051,5,0,0,0,0,unclassified,1,0
status_partition_violation,retain,,120860141001037,5,0,0,0,0,unclassified,1,0
status_partition_violation,retain,,120869811001029,5,0,0,0,0,unclassified,1,0
status_partition_violation,retain,,120869811001031,5,0,0,0,0,unclassified,1,0
status_partition_violation,retain,,120869811001032,5,0,0,0,0,unclassified,1,0
status_partition_violation,retain,,120869811001033,5,0,0,0,0,unclassified,1,0
status_partition_violation,retain,,120869811001034,5,0,0,0,0,unclassified,1,0
status_partition_violation,retain,,120869811001035,5,0,0,0,0,unclassified,1,0
status_partition_violation,retain,,120869811001037,5,0,0,0,0,unclassified,1,0
status_partition_violation,retain,,120869811001039,5,0,0,0,0,unclassified,1,0
status_partition_violation,retain,,120869811001040,5,0,0,0,0,unclassified,1,0
status_partition_violation,retain,,120869811001064,5,0,0,0,0,unclassified,1,0
status_partition_violation,retain,,120869811001068,5,0,0,0,0,unclassified,1,0
status_partition_violation,retain,,120869900000027,5,0,0,0,0,unclassified,1,0
status_partition_violation,retain,,120990077211004,5,0,0,0,0,unclassified,1,0
status_partition_violation,retain,,120990077211008,5,0,0,0,0,unclassified,1,0
status_partition_violation,retain,,120990079151002,5,0,0,0,0,unclassified,1,0
status_partition_violation,retain,,120990079151018,5,0,0,0,0,unclassified,1,0
status_partition_violation,retain,,120990079151034,5,0,0,0,0,unclassified,1,0
status_partition_violation,retain,,120990079151054,5,0,0,0,0,unclassified,1,0
status_partition_violation,retain,,120990079174007,5,0,0,0,0,unclassified,1,0
status_partition_violation,retain,,120990079174008,5,0,0,0,0,unclassified,1,0
status_partition_violation,retain,,120990079174009,5,0,0,0,0,unclassified,1,0
status_partition_violation,retain,,120990079174015,5,0,0,0,0,unclassified,1,0
status_partition_violation,retain,,120990079174018,5,0,0,0,0,unclassified,1,0
status_partition_violation,retain,,120990079174019,5,0,0,0,0,unclassified,1,0
status_partition_violation,retain,,120990079174020,5,0,0,0,0,unclassified,1,0
status_partition_violation,retain,,120990079174021,5,0,0,0,0,unclassified,1,0
status_partition_violation,retain,,120990079174025,5,0,0,0,0,unclassified,1,0
status_partition_violation,retain,,120990079174028,5,0,0,0,0,unclassified,1,0
status_partition_violation,retain,,120990079174029,5,0,0,0,0,unclassified,1,0
status_partition_violation,retain,,120990079174030,5,0,0,0,0,unclassified,1,0
status_partition_violation,retain,,120990079174057,5,0,0,0,0,unclassified,1,0
status_partition_violation,retain,,120990079174087,5,0,0,0,0,unclassified,1,0
status_partition_violation,retain,,120990079174096,5,0,0,0,0,unclassified,1,0
status_partition_violation,retain,,120990079174105,5,0,0,0,0,unclassified,1,0
status_partition_violation,retain,,120990079174122,5,0,0,0,0,unclassified,1,0
status_partition_violation,retain,,120990079174126,5,0,0,0,0,unclassified,1,0
status_partition_violation,retain,,120990079174128,5,0,0,0,0,unclassified,1,0
status_partition_violation,retain,,120990079174142,5,0,0,0,0,unclassified,1,0
status_partition_violation,retain,,120990079174147,5,0,0,0,0,unclassified,1,0
status_partition_violation,retain,,120990079174150,5,0,0,0,0,unclassified,1,0
status_partition_violation,retain,,120990079174156,5,0,0,0,0,unclassified,1,0
status_partition_violation,retain,,120990079174177,5,0,0,0,0,unclassified,1,0
status_partition_violation,retain,,120990079174178,5,0,0,0,0,unclassified,1,0
status_partition_violation,retain,,120990079174180,5,0,0,0,0,unclassified,1,0
status_partition_violation,retain,,120990079174181,5,0,0,0,0,unclassified,1,0
status_partition_violation,retain,,120990079174191,5,0,0,0,0,unclassified,1,0
status_partition_violation,retain,,120990079174192,5,0,0,0,0,unclassified,1,0
status_partition_violation,retain,,120990079174193,5,0,0,0,0,unclassified,1,0
status_partition_violation,retain,,120990079174194,5,0,0,0,0,unclassified,1,0
status_partition_violation,retain,,120990079174195,5,0,0,0,0,unclassified,1,0
status_partition_violation,retain,,120990079174196,5,0,0,0,0,unclassified,1,0
status_partition_violation,retain,,120990079174198,5,0,0,0,0,unclassified,1,0
status_partition_violation,retain,,120990079174199,5,0,0,0,0,unclassified,1,0
status_partition_violation,retain,,120990079174200,5,0,0,0,0,unclassified,1,0
status_partition_violation,retain,,120990079174207,5,0,0,0,0,unclassified,1,0
status_partition_violation,retain,,120990079174208,5,0,0,0,0,unclassified,1,0
status_partition_violation,retain,,120990079174209,5,0,0,0,0,unclassified,1,0
status_partition_violation,retain,,120990079174210,5,0,0,0,0,unclassified,1,0
status_partition_violation,retain,,120990080013010,5,0,0,0,0,unclassified,1,0
status_partition_violation,retain,,120990080013027,5,0,0,0,0,unclassified,1,0
status_partition_violation,retain,,120990080013028,5,0,0,0,0,unclassified,1,0
status_partition_violation,retain,,120990080013030,5,0,0,0,0,unclassified,1,0
status_partition_violation,retain,,120990081011003,5,0,0,0,0,unclassified,1,0
status_partition_violation,retain,,120990081011004,5,0,0,0,0,unclassified,1,0
status_partition_violation,retain,,120990081011033,5,0,0,0,0,unclassified,1,0
status_partition_violation,retain,,120990082031050,5,0,0,0,0,unclassified,1,0
status_partition_violation,retain,,120990083011036,5,0,0,0,0,unclassified,1,0
status_partition_violation,retain,,120990083011037,5,0,0,0,0,unclassified,1,0
status_partition_violation,retain,,120990083011040,5,0,0,0,0,unclassified,1,0
status_partition_violation,retain,,120990083011046,5,0,0,0,0,unclassified,1,0
status_partition_violation,retain,,120990083011047,5,0,0,0,0,unclassified,1,0
status_partition_violation,retain,,120990083011048,5,0,0,0,0,unclassified,1,0
status_partition_violation,retain,,120990083011049,5,0,0,0,0,unclassified,1,0
status_partition_violation,retain,,120990083011050,5,0,0,0,0,unclassified,1,0
status_partition_violation,retain,,120990083011051,5,0,0,0,0,unclassified,1,0
status_partition_violation,retain,,120990083011052,5,0,0,0,0,unclassified,1,0
status_partition_violation,retain,,120990083011053,5,0,0,0,0,unclassified,1,0
status_partition_violation,retain,,120990083011054,5,0,0,0,0,unclassified,1,0
status_partition_violation,retain,,120990083012005,5,0,0,0,0,unclassified,1,0
status_partition_violation,retain,,120990083012009,5,0,0,0,0,unclassified,1,0
status_partition_violation,retain,,120990083012016,5,0,0,0,0,unclassified,1,0
status_partition_violation,retain,,120990083012040,5,0,0,0,0,unclassified,1,0
status_partition_violation,retain,,120990083012042,5,0,0,0,0,unclassified,1,0
status_partition_violation,retain,,120990083012043,5,0,0,0,0,unclassified,1,0
status_partition_violation,retain,,120990083012044,5,0,0,0,0,unclassified,1,0
status_partition_violation,retain,,120999801001003,5,0,0,0,0,unclassified,1,0
status_partition_violation,retain,,120999801001004,5,0,0,0,0,unclassified,1,0
status_partition_violation,retain,,120999802001007,5,0,0,0,0,unclassified,1,0
status_partition_violation,retain,,120999802001016,5,0,0,0,0,unclassified,1,0
status_partition_violation,retain,,120999802001017,5,0,0,0,0,unclassified,1,0
status_partition_violation,retain,,120999804001000,5,0,0,0,0,unclassified,1,0
status_partition_violation,retain,,120999804001002,5,0,0,0,0,unclassified,1,0
status_partition_violation,retain,,120999804001005,5,0,0,0,0,unclassified,1,0
status_partition_violation,retain,,120999804001007,5,0,0,0,0,unclassified,1,0
status_partition_violation,retain,,120999804001009,5,0,0,0,0,unclassified,1,0
status_partition_violation,retain,,120999901000001,5,0,0,0,0,unclassified,1,0
status_partition_violation,retain,,120999901000002,5,0,0,0,0,unclassified,1,0
status_partition_violation,retain,,120999901000004,5,0,0,0,0,unclassified,1,0
status_partition_violation,retain,,120999901000005,5,0,0,0,0,unclassified,1,0
status_partition_violation,retain,,120119800001012,6,0,0,0,0,unclassified,1,0
status_partition_violation,retain,,120119800001014,6,0,0,0,0,unclassified,1,0
status_partition_violation,retain,,120119800001020,6,0,0,0,0,unclassified,1,0
status_partition_violation,retain,,120119800001021,6,0,0,0,0,unclassified,1,0
status_partition_violation,retain,,120119800001022,6,0,0,0,0,unclassified,1,0
status_partition_violation,retain,,120119800001023,6,0,0,0,0,unclassified,1,0
status_partition_violation,retain,,120119800001024,6,0,0,0,0,unclassified,1,0
status_partition_violation,retain,,120119800001037,6,0,0,0,0,unclassified,1,0
status_partition_violation,retain,,120119800001050,6,0,0,0,0,unclassified,1,0
status_partition_violation,retain,,120119800001051,6,0,0,0,0,unclassified,1,0
status_partition_violation,retain,,120119800001052,6,0,0,0,0,unclassified,1,0
status_partition_violation,retain,,120119800001053,6,0,0,0,0,unclassified,1,0
status_partition_violation,retain,,120119800001057,6,0,0,0,0,unclassified,1,0
status_partition_violation,retain,,120119800001058,6,0,0,0,0,unclassified,1,0
status_partition_violation,retain,,120119800001059,6,0,0,0,0,unclassified,1,0
status_partition_violation,retain,,120119800001072,6,0,0,0,0,unclassified,1,0
status_partition_violation,retain,,120860115003000,6,0,0,0,0,unclassified,1,0
status_partition_violation,retain,,120860115003001,6,0,0,0,0,unclassified,1,0
status_partition_violation,retain,,120860115003002,6,0,0,0,0,unclassified,1,0
status_partition_violation,retain,,120860115003003,6,0,0,0,0,unclassified,1,0
status_partition_violation,retain,,120860115003004,6,0,0,0,0,unclassified,1,0
status_partition_violation,retain,,120860115003005,6,0,0,0,0,unclassified,1,0
status_partition_violation,retain,,120860115003006,6,0,0,0,0,unclassified,1,0
status_partition_violation,retain,,120860115003007,6,0,0,0,0,unclassified,1,0
status_partition_violation,retain,,120860115003032,6,0,0,0,0,unclassified,1,0
status_partition_violation,retain,,120860115003035,6,0,0,0,0,unclassified,1,0
status_partition_violation,retain,,120869811001035,6,0,0,0,0,unclassified,1,0
status_partition_violation,retain,,120869900000027,6,0,0,0,0,unclassified,1,0
status_partition_violation,retain,,120990077211004,6,0,0,0,0,unclassified,1,0
status_partition_violation,retain,,120990077211008,6,0,0,0,0,unclassified,1,0
status_partition_violation,retain,,120990079151002,6,0,0,0,0,unclassified,1,0
status_partition_violation,retain,,120990079151018,6,0,0,0,0,unclassified,1,0
status_partition_violation,retain,,120990079151034,6,0,0,0,0,unclassified,1,0
status_partition_violation,retain,,120990079151054,6,0,0,0,0,unclassified,1,0
status_partition_violation,retain,,120990079174007,6,0,0,0,0,unclassified,1,0
status_partition_violation,retain,,120990079174008,6,0,0,0,0,unclassified,1,0
status_partition_violation,retain,,120990079174009,6,0,0,0,0,unclassified,1,0
status_partition_violation,retain,,120990079174015,6,0,0,0,0,unclassified,1,0
status_partition_violation,retain,,120990079174018,6,0,0,0,0,unclassified,1,0
status_partition_violation,retain,,120990079174019,6,0,0,0,0,unclassified,1,0
status_partition_violation,retain,,120990079174020,6,0,0,0,0,unclassified,1,0
status_partition_violation,retain,,120990079174021,6,0,0,0,0,unclassified,1,0
status_partition_violation,retain,,120990079174025,6,0,0,0,0,unclassified,1,0
status_partition_violation,retain,,120990079174028,6,0,0,0,0,unclassified,1,0
status_partition_violation,retain,,120990079174029,6,0,0,0,0,unclassified,1,0
status_partition_violation,retain,,120990079174030,6,0,0,0,0,unclassified,1,0
status_partition_violation,retain,,120990079174057,6,0,0,0,0,unclassified,1,0
status_partition_violation,retain,,120990079174087,6,0,0,0,0,unclassified,1,0
status_partition_violation,retain,,120990079174096,6,0,0,0,0,unclassified,1,0
status_partition_violation,retain,,120990079174105,6,0,0,0,0,unclassified,1,0
status_partition_violation,retain,,120990079174122,6,0,0,0,0,unclassified,1,0
status_partition_violation,retain,,120990079174126,6,0,0,0,0,unclassified,1,0
status_partition_violation,retain,,120990079174128,6,0,0,0,0,unclassified,1,0
status_partition_violation,retain,,120990079174142,6,0,0,0,0,unclassified,1,0
status_partition_violation,retain,,120990079174147,6,0,0,0,0,unclassified,1,0
status_partition_violation,retain,,120990079174150,6,0,0,0,0,unclassified,1,0
status_partition_violation,retain,,120990079174156,6,0,0,0,0,unclassified,1,0
status_partition_violation,retain,,120990079174177,6,0,0,0,0,unclassified,1,0
status_partition_violation,retain,,120990079174178,6,0,0,0,0,unclassified,1,0
status_partition_violation,retain,,120990079174180,6,0,0,0,0,unclassified,1,0
status_partition_violation,retain,,120990079174181,6,0,0,0,0,unclassified,1,0
status_partition_violation,retain,,120990079174191,6,0,0,0,0,unclassified,1,0
status_partition_violation,retain,,120990079174192,6,0,0,0,0,unclassified,1,0
status_partition_violation,retain,,120990079174193,6,0,0,0,0,unclassified,1,0
status_partition_violation,retain,,120990079174194,6,0,0,0,0,unclassified,1,0
status_partition_violation,retain,,120990079174195,6,0,0,0,0,unclassified,1,0
status_partition_violation,retain,,120990079174196,6,0,0,0,0,unclassified,1,0
status_partition_violation,retain,,120990079174198,6,0,0,0,0,unclassified,1,0
status_partition_violation,retain,,120990079174199,6,0,0,0,0,unclassified,1,0
status_partition_violation,retain,,120990079174200,6,0,0,0,0,unclassified,1,0
status_partition_violation,retain,,120990079174207,6,0,0,0,0,unclassified,1,0
status_partition_violation,retain,,120990079174208,6,0,0,0,0,unclassified,1,0
status_partition_violation,retain,,120990079174209,6,0,0,0,0,unclassified,1,0
status_partition_violation,retain,,120990079174210,6,0,0,0,0,unclassified,1,0
status_partition_violation,retain,,120990080013010,6,0,0,0,0,unclassified,1,0
status_partition_violation,retain,,120990080013027,6,0,0,0,0,unclassified,1,0
status_partition_violation,retain,,120990080013028,6,0,0,0,0,unclassified,1,0
status_partition_violation,retain,,120990080013030,6,0,0,0,0,unclassified,1,0
status_partition_violation,retain,,120990081011003,6,0,0,0,0,unclassified,1,0
status_partition_violation,retain,,120990081011004,6,0,0,0,0,unclassified,1,0
status_partition_violation,retain,,120990081011033,6,0,0,0,0,unclassified,1,0
status_partition_violation,retain,,120990082031050,6,0,0,0,0,unclassified,1,0
status_partition_violation,retain,,120990083011036,6,0,0,0,0,unclassified,1,0
status_partition_violation,retain,,120990083011037,6,0,0,0,0,unclassified,1,0
status_partition_violation,retain,,120990083011040,6,0,0,0,0,unclassified,1,0
status_partition_violation,retain,,120990083011046,6,0,0,0,0,unclassified,1,0
status_partition_violation,retain,,120990083011047,6,0,0,0,0,unclassified,1,0
status_partition_violation,retain,,120990083011048,6,0,0,0,0,unclassified,1,0
status_partition_violation,retain,,120990083011049,6,0,0,0,0,unclassified,1,0
status_partition_violation,retain,,120990083011050,6,0,0,0,0,unclassified,1,0
status_partition_violation,retain,,120990083011051,6,0,0,0,0,unclassified,1,0
status_partition_violation,retain,,120990083011052,6,0,0,0,0,unclassified,1,0
status_partition_violation,retain,,120990083011053,6,0,0,0,0,unclassified,1,0
status_partition_violation,retain,,120990083011054,6,0,0,0,0,unclassified,1,0
status_partition_violation,retain,,120990083012005,6,0,0,0,0,unclassified,1,0
status_partition_violation,retain,,120990083012009,6,0,0,0,0,unclassified,1,0
status_partition_violation,retain,,120990083012016,6,0,0,0,0,unclassified,1,0
status_partition_violation,retain,,120990083012040,6,0,0,0,0,unclassified,1,0
status_partition_violation,retain,,120990083012042,6,0,0,0,0,unclassified,1,0
status_partition_violation,retain,,120990083012043,6,0,0,0,0,unclassified,1,0
status_partition_violation,retain,,120990083012044,6,0,0,0,0,unclassified,1,0
status_partition_violation,retain,,120999801001003,6,0,0,0,0,unclassified,1,0
status_partition_violation,retain,,120999801001004,6,0,0,0,0,unclassified,1,0
status_partition_violation,retain,,120999802001007,6,0,0,0,0,unclassified,1,0
status_partition_violation,retain,,120999802001016,6,0,0,0,0,unclassified,1,0
status_partition_violation,retain,,120999802001017,6,0,0,0,0,unclassified,1,0
status_partition_violation,retain,,120999804001000,6,0,0,0,0,unclassified,1,0
status_partition_violation,retain,,120999804001002,6,0,0,0,0,unclassified,1,0
status_partition_violation,retain,,120999804001005,6,0,0,0,0,unclassified,1,0
status_partition_violation,retain,,120999804001007,6,0,0,0,0,unclassified,1,0
status_partition_violation,retain,,120999804001009,6,0,0,0,0,unclassified,1,0
status_partition_violation,retain,,120999901000001,6,0,0,0,0,unclassified,1,0
status_partition_violation,retain,,120999901000002,6,0,0,0,0,unclassified,1,0
status_partition_violation,retain,,120999901000004,6,0,0,0,0,unclassified,1,0
status_partition_violation,retain,,120999901000005,6,0,0,0,0,unclassified,1,0
