bridge_rule,slr_ft,metric,value,unit,universe,population_count_type,reference_value,delta,record_type,baseline_status,scenario_status,block_count,population
intersect,0,baseline_status_redundant_blocks,50918.0,blocks,all_blocks,not_applicable,,,headline,,,,
intersect,0,baseline_status_redundant_population,3683432.0,persons,all_blocks,person_scenario,,,headline,,,,
intersect,0,baseline_status_redundant_population,3683432.0,persons,all_blocks,unique_person,,,headline,,,,
intersect,0,baseline_status_fragile_blocks,17989.0,blocks,all_blocks,not_applicable,,,headline,,,,
intersect,0,baseline_status_fragile_population,2392367.0,persons,all_blocks,person_scenario,,,headline,,,,
intersect,0,baseline_status_fragile_population,2392367.0,persons,all_blocks,unique_person,,,headline,,,,
intersect,0,baseline_status_isolated_blocks,439.0,blocks,all_blocks,not_applicable,,,headline,,,,
intersect,0,baseline_status_isolated_population,40532.0,persons,all_blocks,person_scenario,,,headline,,,,
intersect,0,baseline_status_isolated_population,40532.0,persons,all_blocks,unique_person,,,headline,,,,
intersect,0,baseline_status_inundated_blocks,1178.0,blocks,all_blocks,not_applicable,,,headline,,,,
intersect,0,baseline_status_inundated_population,20155.0,persons,all_blocks,person_scenario,,,headline,,,,
intersect,0,baseline_status_inundated_population,20155.0,persons,all_blocks,unique_person,,,headline,,,,
intersect,0,baseline_status_unclassified_blocks,171.0,blocks,all_blocks,not_applicable,,,headline,,,,
intersect,0,baseline_status_unclassified_population,1847.0,persons,all_blocks,person_scenario,,,headline,,,,
intersect,0,baseline_status_unclassified_population,1847.0,persons,all_blocks,unique_person,,,headline,,,,
intersect,0,baseline_fragile_share,0.25445929697998443,share,all_blocks,not_applicable,0.247,0.007459296979984431,headline,,,,
intersect,0,new_fragile_blocks,0.0,blocks,all_blocks,not_applicable,,,headline,,,,
intersect,0,new_fragile_population,0.0,persons,all_blocks,person_scenario,,,headline,,,,
intersect,0,new_fragile_population,0.0,persons,all_blocks,unique_person,,,headline,,,,
intersect,0,new_isolated_blocks,0.0,blocks,all_blocks,not_applicable,,,headline,,,,
intersect,0,new_isolated_population,0.0,persons,all_blocks,person_scenario,,,headline,,,,
intersect,0,new_isolated_population,0.0,persons,all_blocks,unique_person,,,headline,,,,
intersect,0,new_inundated_blocks,0.0,blocks,all_blocks,not_applicable,,,headline,,,,
intersect,0,new_inundated_population,0.0,persons,all_blocks,person_scenario,,,headline,,,,
intersect,0,new_inundated_population,0.0,persons,all_blocks,unique_person,,,headline,,,,
intersect,1,new_fragile_blocks,11.0,blocks,all_blocks,not_applicable,,,headline,,,,
intersect,1,new_fragile_population,150.0,persons,all_blocks,person_scenario,,,headline,,,,
intersect,1,new_fragile_population,150.0,persons,all_blocks,unique_person,,,headline,,,,
intersect,1,new_isolated_blocks,13.0,blocks,all_blocks,not_applicable,,,headline,,,,
intersect,1,new_isolated_population,346.0,persons,all_blocks,person_scenario,,,headline,,,,
intersect,1,new_isolated_population,346.0,persons,all_blocks,unique_person,,,headline,,,,
intersect,1,new_inundated_blocks,113.0,blocks,all_blocks,not_applicable,,,headline,,,,
intersect,1,new_inundated_population,4853.0,persons,all_blocks,person_scenario,,,headline,,,,
intersect,1,new_inundated_population,4853.0,persons,all_blocks,unique_person,,,headline,,,,
intersect,2,new_fragile_blocks,214.0,blocks,all_blocks,not_applicable,,,headline,,,,
intersect,2,new_fragile_population,12494.0,persons,all_blocks,person_scenario,,,headline,,,,
intersect,2,new_fragile_population,12494.0,persons,all_blocks,unique_person,,,headline,,,,
intersect,2,new_isolated_blocks,342.0,blocks,all_blocks,not_applicable,,,headline,,,,
intersect,2,new_isolated_population,28411.0,persons,all_blocks,person_scenario,,,headline,,,,
intersect,2,new_isolated_population,28411.0,persons,all_blocks,unique_person,,,headline,,,,
intersect,2,new_inundated_blocks,312.0,blocks,all_blocks,not_applicable,,,headline,,,,
intersect,2,new_inundated_population,17435.0,persons,all_blocks,person_scenario,,,headline,,,,
intersect,2,new_inundated_population,17435.0,persons,all_blocks,unique_person,,,headline,,,,
intersect,3,new_fragile_blocks,482.0,blocks,all_blocks,not_applicable,,,headline,,,,
intersect,3,new_fragile_population,33977.0,persons,all_blocks,person_scenario,,,headline,,,,
intersect,3,new_fragile_population,33977.0,persons,all_blocks,unique_person,,,headline,,,,
intersect,3,new_isolated_blocks,1149.0,blocks,all_blocks,not_applicable,,,headline,,,,
intersect,3,new_isolated_population,156368.0,persons,all_blocks,person_scenario,,,headline,,,,
intersect,3,new_isolated_population,156368.0,persons,all_blocks,unique_person,,,headline,,,,
intersect,3,new_inundated_blocks,1124.0,blocks,all_blocks,not_applicable,,,headline,,,,
intersect,3,new_inundated_population,86305.0,persons,all_blocks,person_scenario,,,headline,,,,
intersect,3,new_inundated_population,86305.0,persons,all_blocks,unique_person,,,headline,,,,
intersect,4,new_fragile_blocks,783.0,blocks,all_blocks,not_applicable,,,headline,,,,
intersect,4,new_fragile_population,54298.0,persons,all_blocks,person_scenario,,,headline,,,,
intersect,4,new_fragile_population,54298.0,persons,all_blocks,unique_person,,,headline,,,,
intersect,4,new_isolated_blocks,2051.0,blocks,all_blocks,not_applicable,,,headline,,,,
intersect,4,new_isolated_population,237017.0,persons,all_blocks,person_scenario,,,headline,,,,
intersect,4,new_isolated_population,237017.0,persons,all_blocks,unique_person,,,headline,,,,
intersect,4,new_inundated_blocks,2823.0,blocks,all_blocks,not_applicable,,,headline,,,,
intersect,4,new_inundated_population,251397.0,persons,all_blocks,person_scenario,,,headline,,,,
intersect,4,new_inundated_population,251397.0,persons,all_blocks,unique_person,,,headline,,,,
intersect,5,new_fragile_blocks,1366.0,blocks,all_blocks,not_applicable,,,headline,,,,
intersect,5,new_fragile_population,87930.0,persons,all_blocks,person_scenario,,,headline,,,,
intersect,5,new_fragile_population,87930.0,persons,all_blocks,unique_person,,,headline,,,,
intersect,5,new_isolated_blocks,3632.0,blocks,all_blocks,not_applicable,,,headline,,,,
intersect,5,new_isolated_population,356087.0,persons,all_blocks,person_scenario,,,headline,,,,
intersect,5,new_isolated_population,356087.0,persons,all_blocks,unique_person,,,headline,,,,
intersect,5,new_inundated_blocks,6400.0,blocks,all_blocks,not_applicable,,,headline,,,,
intersect,5,new_inundated_population,575301.0,persons,all_blocks,person_scenario,,,headline,,,,
intersect,5,new_inundated_population,575301.0,persons,all_blocks,unique_person,,,headline,,,,
intersect,6,new_fragile_blocks,1326.0,blocks,all_blocks,not_applicable,,,headline,,,,
intersect,6,new_fragile_population,88320.0,persons,all_blocks,person_scenario,,,headline,,,,
intersect,6,new_fragile_population,88320.0,persons,all_blocks,unique_person,,,headline,,,,
intersect,6,new_isolated_blocks,6871.0,blocks,all_blocks,not_applicable,,,headline,,,,
intersect,6,new_isolated_population,651276.0,persons,all_blocks,person_scenario,,,headline,,,,
intersect,6,new_isolated_population,651276.0,persons,all_blocks,unique_person,,,headline,,,,
intersect,6,new_inundated_blocks,13551.0,blocks,all_blocks,not_applicable,,,headline,,,,
intersect,6,new_inundated_population,1328770.0,persons,all_blocks,person_scenario,,,headline,,,,
intersect,6,new_inundated_population,1328770.0,persons,all_blocks,unique_person,,,headline,,,,
intersect,1,cumulative_newly_affected_population,5349.0,persons,all_blocks,person_scenario,,,headline,,,,
intersect,1,cumulative_newly_affected_population,5349.0,persons,all_blocks,unique_person,,,headline,,,,
intersect,2,cumulative_newly_affected_population,63689.0,persons,all_blocks,person_scenario,,,headline,,,,
intersect,2,cumulative_newly_affected_population,58340.0,persons,all_blocks,unique_person,,,headline,,,,
intersect,3,cumulative_newly_affected_population,340339.0,persons,all_blocks,person_scenario,,,headline,,,,
intersect,3,cumulative_newly_affected_population,276650.0,persons,all_blocks,unique_person,,,headline,,,,
intersect,4,cumulative_newly_affected_population,883051.0,persons,all_blocks,person_scenario,,,headline,,,,
intersect,4,cumulative_newly_affected_population,542712.0,persons,all_blocks,unique_person,,,headline,,,,
intersect,5,cumulative_newly_affected_population,1902369.0,persons,all_blocks,person_scenario,,,headline,,,,
intersect,5,cumulative_newly_affected_population,1019318.0,persons,all_blocks,unique_person,,,headline,,,,
intersect,6,cumulative_newly_affected_population,3970735.0,persons,all_blocks,person_scenario,660000.0,3310735.0,headline,,,,
intersect,6,cumulative_newly_affected_population,2068366.0,persons,all_blocks,unique_person,660000.0,1408366.0,headline,,,,
intersect,0,baseline_status_redundant_blocks,40112.0,blocks,analysis_universe,not_applicable,,,headline,,,,
intersect,0,baseline_status_redundant_population,3683312.0,persons,analysis_universe,person_scenario,,,headline,,,,
intersect,0,baseline_status_redundant_population,3683312.0,persons,analysis_universe,unique_person,,,headline,,,,
intersect,0,baseline_status_fragile_blocks,14801.0,blocks,analysis_universe,not_applicable,,,headline,,,,
intersect,0,baseline_status_fragile_population,2391791.0,persons,analysis_universe,person_scenario,,,headline,,,,
intersect,0,baseline_status_fragile_population,2391791.0,persons,analysis_universe,unique_person,,,headline,,,,
intersect,0,baseline_status_isolated_blocks,375.0,blocks,analysis_universe,not_applicable,,,headline,,,,
intersect,0,baseline_status_isolated_population,40532.0,persons,analysis_universe,person_scenario,,,headline,,,,
intersect,0,baseline_status_isolated_population,40532.0,persons,analysis_universe,unique_person,,,headline,,,,
intersect,0,baseline_status_inundated_blocks,93.0,blocks,analysis_universe,not_applicable,,,headline,,,,
intersect,0,baseline_status_inundated_population,20053.0,persons,analysis_universe,person_scenario,,,headline,,,,
intersect,0,baseline_status_inundated_population,20053.0,persons,analysis_universe,unique_person,,,headline,,,,
intersect,0,baseline_status_unclassified_blocks,0.0,blocks,analysis_universe,not_applicable,,,headline,,,,
intersect,0,baseline_status_unclassified_population,0.0,persons,analysis_universe,person_scenario,,,headline,,,,
intersect,0,baseline_status_unclassified_population,0.0,persons,analysis_universe,unique_person,,,headline,,,,
intersect,0,baseline_fragile_share,0.2672577237680793,share,analysis_universe,not_applicable,0.247,0.020257723768079328,headline,,,,
intersect,0,new_fragile_blocks,0.0,blocks,analysis_universe,not_applicable,,,headline,,,,
intersect,0,new_fragile_population,0.0,persons,analysis_universe,person_scenario,,,headline,,,,
intersect,0,new_fragile_population,0.0,persons,analysis_universe,unique_person,,,headline,,,,
intersect,0,new_isolated_blocks,0.0,blocks,analysis_universe,not_applicable,,,headline,,,,
intersect,0,new_isolated_population,0.0,persons,analysis_universe,person_scenario,,,headline,,,,
intersect,0,new_isolated_population,0.0,persons,analysis_universe,unique_person,,,headline,,,,
intersect,0,new_inundated_blocks,0.0,blocks,analysis_universe,not_applicable,,,headline,,,,
intersect,0,new_inundated_population,0.0,persons,analysis_universe,person_scenario,,,headline,,,,
intersect,0,new_inundated_population,0.0,persons,analysis_universe,unique_person,,,headline,,,,
intersect,1,new_fragile_blocks,5.0,blocks,analysis_universe,not_applicable,,,headline,,,,
intersect,1,new_fragile_population,150.0,persons,analysis_universe,person_scenario,,,headline,,,,
intersect,1,new_fragile_population,150.0,persons,analysis_universe,unique_person,,,headline,,,,
intersect,1,new_isolated_blocks,11.0,blocks,analysis_universe,not_applicable,,,headline,,,,
intersect,1,new_isolated_population,346.0,persons,analysis_universe,person_scenario,,,headline,,,,
intersect,1,new_isolated_population,346.0,persons,analysis_universe,unique_person,,,headline,,,,
intersect,1,new_inundated_blocks,27.0,blocks,analysis_universe,not_applicable,,,headline,,,,
intersect,1,new_inundated_population,4853.0,persons,analysis_universe,person_scenario,,,headline,,,,
intersect,1,new_inundated_population,4853.0,persons,analysis_universe,unique_person,,,headline,,,,
intersect,2,new_fragile_blocks,170.0,blocks,analysis_universe,not_applicable,,,headline,,,,
intersect,2,new_fragile_population,12494.0,persons,analysis_universe,person_scenario,,,headline,,,,
intersect,2,new_fragile_population,12494.0,persons,analysis_universe,unique_person,,,headline,,,,
intersect,2,new_isolated_blocks,273.0,blocks,analysis_universe,not_applicable,,,headline,,,,
intersect,2,new_isolated_population,28411.0,persons,analysis_universe,person_scenario,,,headline,,,,
intersect,2,new_isolated_population,28411.0,persons,analysis_universe,unique_person,,,headline,,,,
intersect,2,new_inundated_blocks,155.0,blocks,analysis_universe,not_applicable,,,headline,,,,
intersect,2,new_inundated_population,17435.0,persons,analysis_universe,person_scenario,,,headline,,,,
intersect,2,new_inundated_population,17435.0,persons,analysis_universe,unique_person,,,headline,,,,
intersect,3,new_fragile_blocks,387.0,blocks,analysis_universe,not_applicable,,,headline,,,,
intersect,3,new_fragile_population,33977.0,persons,analysis_universe,person_scenario,,,headline,,,,
intersect,3,new_fragile_population,33977.0,persons,analysis_universe,unique_person,,,headline,,,,
intersect,3,new_isolated_blocks,980.0,blocks,analysis_universe,not_applicable,,,headline,,,,
intersect,3,new_isolated_population,156368.0,persons,analysis_universe,person_scenario,,,headline,,,,
intersect,3,new_isolated_population,156368.0,persons,analysis_universe,unique_person,,,headline,,,,
intersect,3,new_inundated_blocks,758.0,blocks,analysis_universe,not_applicable,,,headline,,,,
intersect,3,new_inundated_population,86305.0,persons,analysis_universe,person_scenario,,,headline,,,,
intersect,3,new_inundated_population,86305.0,persons,analysis_universe,unique_person,,,headline,,,,
intersect,4,new_fragile_blocks,558.0,blocks,analysis_universe,not_applicable,,,headline,,,,
intersect,4,new_fragile_population,54298.0,persons,analysis_universe,person_scenario,,,headline,,,,
intersect,4,new_fragile_population,54298.0,persons,analysis_universe,unique_person,,,headline,,,,
intersect,4,new_isolated_blocks,1615.0,blocks,analysis_universe,not_applicable,,,headline,,,,
intersect,4,new_isolated_population,237017.0,persons,analysis_universe,person_scenario,,,headline,,,,
intersect,4,new_isolated_population,237017.0,persons,analysis_universe,unique_person,,,headline,,,,
intersect,4,new_inundated_blocks,2001.0,blocks,analysis_universe,not_applicable,,,headline,,,,
intersect,4,new_inundated_population,251366.0,persons,analysis_universe,person_scenario,,,headline,,,,
intersect,4,new_inundated_population,251366.0,persons,analysis_universe,unique_person,,,headline,,,,
intersect,5,new_fragile_blocks,952.0,blocks,analysis_universe,not_applicable,,,headline,,,,
intersect,5,new_fragile_population,87930.0,persons,analysis_universe,person_scenario,,,headline,,,,
intersect,5,new_fragile_population,87930.0,persons,analysis_universe,unique_person,,,headline,,,,
intersect,5,new_isolated_blocks,2889.0,blocks,analysis_universe,not_applicable,,,headline,,,,
intersect,5,new_isolated_population,356087.0,persons,analysis_universe,person_scenario,,,headline,,,,
intersect,5,new_isolated_population,356087.0,persons,analysis_universe,unique_person,,,headline,,,,
intersect,5,new_inundated_blocks,4690.0,blocks,analysis_universe,not_applicable,,,headline,,,,
intersect,5,new_inundated_population,575265.0,persons,analysis_universe,person_scenario,,,headline,,,,
intersect,5,new_inundated_population,575265.0,persons,analysis_universe,unique_person,,,headline,,,,
intersect,6,new_fragile_blocks,922.0,blocks,analysis_universe,not_applicable,,,headline,,,,
intersect,6,new_fragile_population,88320.0,persons,analysis_universe,person_scenario,,,headline,,,,
intersect,6,new_fragile_population,88320.0,persons,analysis_universe,unique_person,,,headline,,,,
intersect,6,new_isolated_blocks,5447.0,blocks,analysis_universe,not_applicable,,,headline,,,,
intersect,6,new_isolated_population,651276.0,persons,analysis_universe,person_scenario,,,headline,,,,
intersect,6,new_isolated_population,651276.0,persons,analysis_universe,unique_person,,,headline,,,,
intersect,6,new_inundated_blocks,10301.0,blocks,analysis_universe,not_applicable,,,headline,,,,
intersect,6,new_inundated_population,1326887.0,persons,analysis_universe,person_scenario,,,headline,,,,
intersect,6,new_inundated_population,1326887.0,persons,analysis_universe,unique_person,,,headline,,,,
intersect,1,cumulative_newly_affected_population,5349.0,persons,analysis_universe,person_scenario,,,headline,,,,
intersect,1,cumulative_newly_affected_population,5349.0,persons,analysis_universe,unique_person,,,headline,,,,
intersect,2,cumulative_newly_affected_population,63689.0,persons,analysis_universe,person_scenario,,,headline,,,,
intersect,2,cumulative_newly_affected_population,58340.0,persons,analysis_universe,unique_person,,,headline,,,,
intersect,3,cumulative_newly_affected_population,340339.0,persons,analysis_universe,person_scenario,,,headline,,,,
intersect,3,cumulative_newly_affected_population,276650.0,persons,analysis_universe,unique_person,,,headline,,,,
intersect,4,cumulative_newly_affected_population,883020.0,persons,analysis_universe,person_scenario,,,headline,,,,
intersect,4,cumulative_newly_affected_population,542681.0,persons,analysis_universe,unique_person,,,headline,,,,
intersect,5,cumulative_newly_affected_population,1902302.0,persons,analysis_universe,person_scenario,,,headline,,,,
intersect,5,cumulative_newly_affected_population,1019282.0,persons,analysis_universe,unique_person,,,headline,,,,
intersect,6,cumulative_newly_affected_population,3968785.0,persons,analysis_universe,person_scenario,660000.0,3308785.0,headline,,,,
intersect,6,cumulative_newly_affected_population,2066483.0,persons,analysis_universe,unique_person,660000.0,1406483.0,headline,,,,
approach,0,baseline_status_redundant_blocks,51456.0,blocks,all_blocks,not_applicable,,,headline,,,,
approach,0,baseline_status_redundant_population,3714771.0,persons,all_blocks,person_scenario,,,headline,,,,
approach,0,baseline_status_redundant_population,3714771.0,persons,all_blocks,unique_person,,,headline,,,,
approach,0,baseline_status_fragile_blocks,17714.0,blocks,all_blocks,not_applicable,,,headline,,,,
approach,0,baseline_status_fragile_population,2381718.0,persons,all_blocks,person_scenario,,,headline,,,,
approach,0,baseline_status_fragile_population,2381718.0,persons,all_blocks,unique_person,,,headline,,,,
approach,0,baseline_status_isolated_blocks,176.0,blocks,all_blocks,not_applicable,,,headline,,,,
approach,0,baseline_status_isolated_population,19842.0,persons,all_blocks,person_scenario,,,headline,,,,
approach,0,baseline_status_isolated_population,19842.0,persons,all_blocks,unique_person,,,headline,,,,
approach,0,baseline_status_inundated_blocks,1178.0,blocks,all_blocks,not_applicable,,,headline,,,,
approach,0,baseline_status_inundated_population,20155.0,persons,all_blocks,person_scenario,,,headline,,,,
approach,0,baseline_status_inundated_population,20155.0,persons,all_blocks,unique_person,,,headline,,,,
approach,0,baseline_status_unclassified_blocks,171.0,blocks,all_blocks,not_applicable,,,headline,,,,
approach,0,baseline_status_unclassified_population,1847.0,persons,all_blocks,person_scenario,,,headline,,,,
approach,0,baseline_status_unclassified_population,1847.0,persons,all_blocks,unique_person,,,headline,,,,
approach,0,baseline_fragile_share,0.25056934719569984,share,all_blocks,not_applicable,0.247,0.0035693471956998457,headline,,,,
approach,0,new_fragile_blocks,0.0,blocks,all_blocks,not_applicable,,,headline,,,,
approach,0,new_fragile_population,0.0,persons,all_blocks,person_scenario,,,headline,,,,
approach,0,new_fragile_population,0.0,persons,all_blocks,unique_person,,,headline,,,,
approach,0,new_isolated_blocks,0.0,blocks,all_blocks,not_applicable,,,headline,,,,
approach,0,new_isolated_population,0.0,persons,all_blocks,person_scenario,,,headline,,,,
approach,0,new_isolated_population,0.0,persons,all_blocks,unique_person,,,headline,,,,
approach,0,new_inundated_blocks,0.0,blocks,all_blocks,not_applicable,,,headline,,,,
approach,0,new_inundated_population,0.0,persons,all_blocks,person_scenario,,,headline,,,,
approach,0,new_inundated_population,0.0,persons,all_blocks,unique_person,,,headline,,,,
approach,1,new_fragile_blocks,5.0,blocks,all_blocks,not_applicable,,,headline,,,,
approach,1,new_fragile_population,56.0,persons,all_blocks,person_scenario,,,headline,,,,
approach,1,new_fragile_population,56.0,persons,all_blocks,unique_person,,,headline,,,,
approach,1,new_isolated_blocks,14.0,blocks,all_blocks,not_applicable,,,headline,,,,
approach,1,new_isolated_population,614.0,persons,all_blocks,person_scenario,,,headline,,,,
approach,1,new_isolated_population,614.0,persons,all_blocks,unique_person,,,headline,,,,
approach,1,new_inundated_blocks,113.0,blocks,all_blocks,not_applicable,,,headline,,,,
approach,1,new_inundated_population,4853.0,persons,all_blocks,person_scenario,,,headline,,,,
approach,1,new_inundated_population,4853.0,persons,all_blocks,unique_person,,,headline,,,,
approach,2,new_fragile_blocks,204.0,blocks,all_blocks,not_applicable,,,headline,,,,
approach,2,new_fragile_population,12988.0,persons,all_blocks,person_scenario,,,headline,,,,
approach,2,new_fragile_population,12988.0,persons,all_blocks,unique_person,,,headline,,,,
approach,2,new_isolated_blocks,373.0,blocks,all_blocks,not_applicable,,,headline,,,,
approach,2,new_isolated_population,34349.0,persons,all_blocks,person_scenario,,,headline,,,,
approach,2,new_isolated_population,34349.0,persons,all_blocks,unique_person,,,headline,,,,
approach,2,new_inundated_blocks,312.0,blocks,all_blocks,not_applicable,,,headline,,,,
approach,2,new_inundated_population,17435.0,persons,all_blocks,person_scenario,,,headline,,,,
approach,2,new_inundated_population,17435.0,persons,all_blocks,unique_person,,,headline,,,,
approach,3,new_fragile_blocks,477.0,blocks,all_blocks,not_applicable,,,headline,,,,
approach,3,new_fragile_population,40500.0,persons,all_blocks,person_scenario,,,headline,,,,
approach,3,new_fragile_population,40500.0,persons,all_blocks,unique_person,,,headline,,,,
approach,3,new_isolated_blocks,1201.0,blocks,all_blocks,not_applicable,,,headline,,,,
approach,3,new_isolated_population,152560.0,persons,all_blocks,person_scenario,,,headline,,,,
approach,3,new_isolated_population,152560.0,persons,all_blocks,unique_person,,,headline,,,,
approach,3,new_inundated_blocks,1124.0,blocks,all_blocks,not_applicable,,,headline,,,,
approach,3,new_inundated_population,86305.0,persons,all_blocks,person_scenario,,,headline,,,,
approach,3,new_inundated_population,86305.0,persons,all_blocks,unique_person,,,headline,,,,
approach,4,new_fragile_blocks,734.0,blocks,all_blocks,not_applicable,,,headline,,,,
approach,4,new_fragile_population,57430.0,persons,all_blocks,person_scenario,,,headline,,,,
approach,4,new_fragile_population,57430.0,persons,all_blocks,unique_person,,,headline,,,,
approach,4,new_isolated_blocks,1981.0,blocks,all_blocks,not_applicable,,,headline,,,,
approach,4,new_isolated_population,239712.0,persons,all_blocks,person_scenario,,,headline,,,,
approach,4,new_isolated_population,239712.0,persons,all_blocks,unique_person,,,headline,,,,
approach,4,new_inundated_blocks,2823.0,blocks,all_blocks,not_applicable,,,headline,,,,
approach,4,new_inundated_population,251397.0,persons,all_blocks,person_scenario,,,headline,,,,
approach,4,new_inundated_population,251397.0,persons,all_blocks,unique_person,,,headline,,,,
approach,5,new_fragile_blocks,1215.0,blocks,all_blocks,not_applicable,,,headline,,,,
approach,5,new_fragile_population,82627.0,persons,all_blocks,person_scenario,,,headline,,,,
approach,5,new_fragile_population,82627.0,persons,all_blocks,unique_person,,,headline,,,,
approach,5,new_isolated_blocks,3425.0,blocks,all_blocks,not_applicable,,,headline,,,,
approach,5,new_isolated_population,353839.0,persons,all_blocks,person_scenario,,,headline,,,,
approach,5,new_isolated_population,353839.0,persons,all_blocks,unique_person,,,headline,,,,
approach,5,new_inundated_blocks,6400.0,blocks,all_blocks,not_applicable,,,headline,,,,
approach,5,new_inundated_population,575301.0,persons,all_blocks,person_scenario,,,headline,,,,
approach,5,new_inundated_population,575301.0,persons,all_blocks,unique_person,,,headline,,,,
approach,6,new_fragile_blocks,1380.0,blocks,all_blocks,not_applicable,,,headline,,,,
approach,6,new_fragile_population,90028.0,persons,all_blocks,person_scenario,,,headline,,,,
approach,6,new_fragile_population,90028.0,persons,all_blocks,unique_person,,,headline,,,,
approach,6,new_isolated_blocks,6458.0,blocks,all_blocks,not_applicable,,,headline,,,,
approach,6,new_isolated_population,641766.0,persons,all_blocks,person_scenario,,,headline,,,,
approach,6,new_isolated_population,641766.0,persons,all_blocks,unique_person,,,headline,,,,
approach,6,new_inundated_blocks,13551.0,blocks,all_blocks,not_applicable,,,headline,,,,
approach,6,new_inundated_population,1328770.0,persons,all_blocks,person_scenario,,,headline,,,,
approach,6,new_inundated_population,1328770.0,persons,all_blocks,unique_person,,,headline,,,,
approach,1,cumulative_newly_affected_population,5523.0,persons,all_blocks,person_scenario,,,headline,,,,
approach,1,cumulative_newly_affected_population,5523.0,persons,all_blocks,unique_person,,,headline,,,,
approach,2,cumulative_newly_affected_population,70295.0,persons,all_blocks,person_scenario,,,headline,,,,
approach,2,cumulative_newly_affected_population,64772.0,persons,all_blocks,unique_person,,,headline,,,,
approach,3,cumulative_newly_affected_population,349660.0,persons,all_blocks,person_scenario,,,headline,,,,
approach,3,cumulative_newly_affected_population,279365.0,persons,all_blocks,unique_person,,,headline,,,,
approach,4,cumulative_newly_affected_population,898199.0,persons,all_blocks,person_scenario,,,headline,,,,
approach,4,cumulative_newly_affected_population,548539.0,persons,all_blocks,unique_person,,,headline,,,,
approach,5,cumulative_newly_affected_population,1909966.0,persons,all_blocks,person_scenario,,,headline,,,,
approach,5,cumulative_newly_affected_population,1011767.0,persons,all_blocks,unique_person,,,headline,,,,
approach,6,cumulative_newly_affected_population,3970530.0,persons,all_blocks,person_scenario,660000.0,3310530.0,headline,,,,
approach,6,cumulative_newly_affected_population,2060564.0,persons,all_blocks,unique_person,660000.0,1400564.0,headline,,,,
approach,0,baseline_status_redundant_blocks,40439.0,blocks,analysis_universe,not_applicable,,,headline,,,,
approach,0,baseline_status_redundant_population,3714651.0,persons,analysis_universe,person_scenario,,,headline,,,,
approach,0,baseline_status_redundant_population,3714651.0,persons,analysis_universe,unique_person,,,headline,,,,
approach,0,baseline_status_fragile_blocks,14697.0,blocks,analysis_universe,not_applicable,,,headline,,,,
approach,0,baseline_status_fragile_population,2381142.0,persons,analysis_universe,person_scenario,,,headline,,,,
approach,0,baseline_status_fragile_population,2381142.0,persons,analysis_universe,unique_person,,,headline,,,,
approach,0,baseline_status_isolated_blocks,152.0,blocks,analysis_universe,not_applicable,,,headline,,,,
approach,0,baseline_status_isolated_population,19842.0,persons,analysis_universe,person_scenario,,,headline,,,,
approach,0,baseline_status_isolated_population,19842.0,persons,analysis_universe,unique_person,,,headline,,,,
approach,0,baseline_status_inundated_blocks,93.0,blocks,analysis_universe,not_applicable,,,headline,,,,
approach,0,baseline_status_inundated_population,20053.0,persons,analysis_universe,person_scenario,,,headline,,,,
approach,0,baseline_status_inundated_population,20053.0,persons,analysis_universe,unique_person,,,headline,,,,
approach,0,baseline_status_unclassified_blocks,0.0,blocks,analysis_universe,not_applicable,,,headline,,,,
approach,0,baseline_status_unclassified_population,0.0,persons,analysis_universe,person_scenario,,,headline,,,,
approach,0,baseline_status_unclassified_population,0.0,persons,analysis_universe,unique_person,,,headline,,,,
approach,0,baseline_fragile_share,0.26537982340513894,share,analysis_universe,not_applicable,0.247,0.01837982340513894,headline,,,,
approach,0,new_fragile_blocks,0.0,blocks,analysis_universe,not_applicable,,,headline,,,,
approach,0,new_fragile_population,0.0,persons,analysis_universe,person_scenario,,,headline,,,,
approach,0,new_fragile_population,0.0,persons,analysis_universe,unique_person,,,headline,,,,
approach,0,new_isolated_blocks,0.0,blocks,analysis_universe,not_applicable,,,headline,,,,
approach,0,new_isolated_population,0.0,persons,analysis_universe,person_scenario,,,headline,,,,
approach,0,new_isolated_population,0.0,persons,analysis_universe,unique_person,,,headline,,,,
approach,0,new_inundated_blocks,0.0,blocks,analysis_universe,not_applicable,,,headline,,,,
approach,0,new_inundated_population,0.0,persons,analysis_universe,person_scenario,,,headline,,,,
approach,0,new_inundated_population,0.0,persons,analysis_universe,unique_person,,,headline,,,,
approach,1,new_fragile_blocks,3.0,blocks,analysis_universe,not_applicable,,,headline,,,,
approach,1,new_fragile_population,56.0,persons,analysis_universe,person_scenario,,,headline,,,,
approach,1,new_fragile_population,56.0,persons,analysis_universe,unique_person,,,headline,,,,
approach,1,new_isolated_blocks,13.0,blocks,analysis_universe,not_applicable,,,headline,,,,
approach,1,new_isolated_population,614.0,persons,analysis_universe,person_scenario,,,headline,,,,
approach,1,new_isolated_population,614.0,persons,analysis_universe,unique_person,,,headline,,,,
approach,1,new_inundated_blocks,27.0,blocks,analysis_universe,not_applicable,,,headline,,,,
approach,1,new_inundated_population,4853.0,persons,analysis_universe,person_scenario,,,headline,,,,
approach,1,new_inundated_population,4853.0,persons,analysis_universe,unique_person,,,headline,,,,
approach,2,new_fragile_blocks,160.0,blocks,analysis_universe,not_applicable,,,headline,,,,
approach,2,new_fragile_population,12988.0,persons,analysis_universe,person_scenario,,,headline,,,,
approach,2,new_fragile_population,12988.0,persons,analysis_universe,unique_person,,,headline,,,,
approach,2,new_isolated_blocks,323.0,blocks,analysis_universe,not_applicable,,,headline,,,,
approach,2,new_isolated_population,34349.0,persons,analysis_universe,person_scenario,,,headline,,,,
approach,2,new_isolated_population,34349.0,persons,analysis_universe,unique_person,,,headline,,,,
approach,2,new_inundated_blocks,155.0,blocks,analysis_universe,not_applicable,,,headline,,,,
approach,2,new_inundated_population,17435.0,persons,analysis_universe,person_scenario,,,headline,,,,
approach,2,new_inundated_population,17435.0,persons,analysis_universe,unique_person,,,headline,,,,
approach,3,new_fragile_blocks,380.0,blocks,analysis_universe,not_applicable,,,headline,,,,
approach,3,new_fragile_population,40500.0,persons,analysis_universe,person_scenario,,,headline,,,,
approach,3,new_fragile_population,40500.0,persons,analysis_universe,unique_person,,,headline,,,,
approach,3,new_isolated_blocks,1050.0,blocks,analysis_universe,not_applicable,,,headline,,,,
approach,3,new_isolated_population,152560.0,persons,analysis_universe,person_scenario,,,headline,,,,
approach,3,new_isolated_population,152560.0,persons,analysis_universe,unique_person,,,headline,,,,
approach,3,new_inundated_blocks,758.0,blocks,analysis_universe,not_applicable,,,headline,,,,
approach,3,new_inundated_population,86305.0,persons,analysis_universe,person_scenario,,,headline,,,,
approach,3,new_inundated_population,86305.0,persons,analysis_universe,unique_person,,,headline,,,,
approach,4,new_fragile_blocks,560.0,blocks,analysis_universe,not_applicable,,,headline,,,,
approach,4,new_fragile_population,57430.0,persons,analysis_universe,person_scenario,,,headline,,,,
approach,4,new_fragile_population,57430.0,persons,analysis_universe,unique_person,,,headline,,,,
approach,4,new_isolated_blocks,1639.0,blocks,analysis_universe,not_applicable,,,headline,,,,
approach,4,new_isolated_population,239712.0,persons,analysis_universe,person_scenario,,,headline,,,,
approach,4,new_isolated_population,239712.0,persons,analysis_universe,unique_person,,,headline,,,,
approach,4,new_inundated_blocks,2001.0,blocks,analysis_universe,not_applicable,,,headline,,,,
approach,4,new_inundated_population,251366.0,persons,analysis_universe,person_scenario,,,headline,,,,
approach,4,new_inundated_population,251366.0,persons,analysis_universe,unique_person,,,headline,,,,
approach,5,new_fragile_blocks,896.0,blocks,analysis_universe,not_applicable,,,headline,,,,
approach,5,new_fragile_population,82627.0,persons,analysis_universe,person_scenario,,,headline,,,,
approach,5,new_fragile_population,82627.0,persons,analysis_universe,unique_person,,,headline,,,,
approach,5,new_isolated_blocks,2867.0,blocks,analysis_universe,not_applicable,,,headline,,,,
approach,5,new_isolated_population,353839.0,persons,analysis_universe,person_scenario,,,headline,,,,
approach,5,new_isolated_population,353839.0,persons,analysis_universe,unique_person,,,headline,,,,
approach,5,new_inundated_blocks,4690.0,blocks,analysis_universe,not_applicable,,,headline,,,,
approach,5,new_inundated_population,575265.0,persons,analysis_universe,person_scenario,,,headline,,,,
approach,5,new_inundated_population,575265.0,persons,analysis_universe,unique_person,,,headline,,,,
approach,6,new_fragile_blocks,923.0,blocks,analysis_universe,not_applicable,,,headline,,,,
approach,6,new_fragile_population,90028.0,persons,analysis_universe,person_scenario,,,headline,,,,
approach,6,new_fragile_population,90028.0,persons,analysis_universe,unique_person,,,headline,,,,
approach,6,new_isolated_blocks,5408.0,blocks,analysis_universe,not_applicable,,,headline,,,,
approach,6,new_isolated_population,641766.0,persons,analysis_universe,person_scenario,,,headline,,,,
approach,6,new_isolated_population,641766.0,persons,analysis_universe,unique_person,,,headline,,,,
approach,6,new_inundated_blocks,10301.0,blocks,analysis_universe,not_applicable,,,headline,,,,
approach,6,new_inundated_population,1326887.0,persons,analysis_universe,person_scenario,,,headline,,,,
approach,6,new_inundated_population,1326887.0,persons,analysis_universe,unique_person,,,headline,,,,
approach,1,cumulative_newly_affected_population,5523.0,persons,analysis_universe,person_scenario,,,headline,,,,
approach,1,cumulative_newly_affected_population,5523.0,persons,analysis_universe,unique_person,,,headline,,,,
approach,2,cumulative_newly_affected_population,70295.0,persons,analysis_universe,person_scenario,,,headline,,,,
approach,2,cumulative_newly_affected_population,64772.0,persons,analysis_universe,unique_person,,,headline,,,,
approach,3,cumulative_newly_affected_population,349660.0,persons,analysis_universe,person_scenario,,,headline,,,,
approach,3,cumulative_newly_affected_population,279365.0,persons,analysis_universe,unique_person,,,headline,,,,
approach,4,cumulative_newly_affected_population,898168.0,persons,analysis_universe,person_scenario,,,headline,,,,
approach,4,cumulative_newly_affected_population,548508.0,persons,analysis_universe,unique_person,,,headline,,,,
approach,5,cumulative_newly_affected_population,1909899.0,persons,analysis_universe,person_scenario,,,headline,,,,
approach,5,cumulative_newly_affected_population,1011731.0,persons,analysis_universe,unique_person,,,headline,,,,
approach,6,cumulative_newly_affected_population,3968580.0,persons,analysis_universe,person_scenario,660000.0,3308580.0,headline,,,,
approach,6,cumulative_newly_affected_population,2058681.0,persons,analysis_universe,unique_person,660000.0,1398681.0,headline,,,,
retain,0,baseline_status_redundant_blocks,51456.0,blocks,all_blocks,not_applicable,,,headline,,,,
retain,0,baseline_status_redundant_population,3714771.0,persons,all_blocks,person_scenario,,,headline,,,,
retain,0,baseline_status_redundant_population,3714771.0,persons,all_blocks,unique_person,,,headline,,,,
retain,0,baseline_status_fragile_blocks,17747.0,blocks,all_blocks,not_applicable,,,headline,,,,
retain,0,baseline_status_fragile_population,2386249.0,persons,all_blocks,person_scenario,,,headline,,,,
retain,0,baseline_status_fragile_population,2386249.0,persons,all_blocks,unique_person,,,headline,,,,
retain,0,baseline_status_isolated_blocks,143.0,blocks,all_blocks,not_applicable,,,headline,,,,
retain,0,baseline_status_isolated_population,15311.0,persons,all_blocks,person_scenario,,,headline,,,,
retain,0,baseline_status_isolated_population,15311.0,persons,all_blocks,unique_person,,,headline,,,,
retain,0,baseline_status_inundated_blocks,1178.0,blocks,all_blocks,not_applicable,,,headline,,,,
retain,0,baseline_status_inundated_population,20155.0,persons,all_blocks,person_scenario,,,headline,,,,
retain,0,baseline_status_inundated_population,20155.0,persons,all_blocks,unique_person,,,headline,,,,
retain,0,baseline_status_unclassified_blocks,171.0,blocks,all_blocks,not_applicable,,,headline,,,,
retain,0,baseline_status_unclassified_population,1847.0,persons,all_blocks,person_scenario,,,headline,,,,
retain,0,baseline_status_unclassified_population,1847.0,persons,all_blocks,unique_person,,,headline,,,,
retain,0,baseline_fragile_share,0.251036141169814,share,all_blocks,not_applicable,0.247,0.004036141169813989,headline,,,,
retain,0,new_fragile_blocks,0.0,blocks,all_blocks,not_applicable,,,headline,,,,
retain,0,new_fragile_population,0.0,persons,all_blocks,person_scenario,,,headline,,,,
retain,0,new_fragile_population,0.0,persons,all_blocks,unique_person,,,headline,,,,
retain,0,new_isolated_blocks,0.0,blocks,all_blocks,not_applicable,,,headline,,,,
retain,0,new_isolated_population,0.0,persons,all_blocks,person_scenario,,,headline,,,,
retain,0,new_isolated_population,0.0,persons,all_blocks,unique_person,,,headline,,,,
retain,0,new_inundated_blocks,0.0,blocks,all_blocks,not_applicable,,,headline,,,,
retain,0,new_inundated_population,0.0,persons,all_blocks,person_scenario,,,headline,,,,
retain,0,new_inundated_population,0.0,persons,all_blocks,unique_person,,,headline,,,,
retain,1,new_fragile_blocks,5.0,blocks,all_blocks,not_applicable,,,headline,,,,
retain,1,new_fragile_population,56.0,persons,all_blocks,person_scenario,,,headline,,,,
retain,1,new_fragile_population,56.0,persons,all_blocks,unique_person,,,headline,,,,
retain,1,new_isolated_blocks,14.0,blocks,all_blocks,not_applicable,,,headline,,,,
retain,1,new_isolated_population,614.0,persons,all_blocks,person_scenario,,,headline,,,,
retain,1,new_isolated_population,614.0,persons,all_blocks,unique_person,,,headline,,,,
retain,1,new_inundated_blocks,113.0,blocks,all_blocks,not_applicable,,,headline,,,,
retain,1,new_inundated_population,4853.0,persons,all_blocks,person_scenario,,,headline,,,,
retain,1,new_inundated_population,4853.0,persons,all_blocks,unique_person,,,headline,,,,
retain,2,new_fragile_blocks,204.0,blocks,all_blocks,not_applicable,,,headline,,,,
retain,2,new_fragile_population,12988.0,persons,all_blocks,person_scenario,,,headline,,,,
retain,2,new_fragile_population,12988.0,persons,all_blocks,unique_person,,,headline,,,,
retain,2,new_isolated_blocks,379.0,blocks,all_blocks,not_applicable,,,headline,,,,
retain,2,new_isolated_population,34433.0,persons,all_blocks,person_scenario,,,headline,,,,
retain,2,new_isolated_population,34433.0,persons,all_blocks,unique_person,,,headline,,,,
retain,2,new_inundated_blocks,312.0,blocks,all_blocks,not_applicable,,,headline,,,,
retain,2,new_inundated_population,17435.0,persons,all_blocks,person_scenario,,,headline,,,,
retain,2,new_inundated_population,17435.0,persons,all_blocks,unique_person,,,headline,,,,
retain,3,new_fragile_blocks,478.0,blocks,all_blocks,not_applicable,,,headline,,,,
retain,3,new_fragile_population,41683.0,persons,all_blocks,person_scenario,,,headline,,,,
retain,3,new_fragile_population,41683.0,persons,all_blocks,unique_person,,,headline,,,,
retain,3,new_isolated_blocks,1206.0,blocks,all_blocks,not_applicable,,,headline,,,,
retain,3,new_isolated_population,151594.0,persons,all_blocks,person_scenario,,,headline,,,,
retain,3,new_isolated_population,151594.0,persons,all_blocks,unique_person,,,headline,,,,
retain,3,new_inundated_blocks,1124.0,blocks,all_blocks,not_applicable,,,headline,,,,
retain,3,new_inundated_population,86305.0,persons,all_blocks,person_scenario,,,headline,,,,
retain,3,new_inundated_population,86305.0,persons,all_blocks,unique_person,,,headline,,,,
retain,4,new_fragile_blocks,735.0,blocks,all_blocks,not_applicable,,,headline,,,,
retain,4,new_fragile_population,58613.0,persons,all_blocks,person_scenario,,,headline,,,,
retain,4,new_fragile_population,58613.0,persons,all_blocks,unique_person,,,headline,,,,
retain,4,new_isolated_blocks,1986.0,blocks,all_blocks,not_applicable,,,headline,,,,
retain,4,new_isolated_population,238730.0,persons,all_blocks,person_scenario,,,headline,,,,
retain,4,new_isolated_population,238730.0,persons,all_blocks,unique_person,,,headline,,,,
retain,4,new_inundated_blocks,2823.0,blocks,all_blocks,not_applicable,,,headline,,,,
retain,4,new_inundated_population,251397.0,persons,all_blocks,person_scenario,,,headline,,,,
retain,4,new_inundated_population,251397.0,persons,all_blocks,unique_person,,,headline,,,,
retain,5,new_fragile_blocks,1217.0,blocks,all_blocks,not_applicable,,,headline,,,,
retain,5,new_fragile_population,82979.0,persons,all_blocks,person_scenario,,,headline,,,,
retain,5,new_fragile_population,82979.0,persons,all_blocks,unique_person,,,headline,,,,
retain,5,new_isolated_blocks,3428.0,blocks,all_blocks,not_applicable,,,headline,,,,
retain,5,new_isolated_population,353658.0,persons,all_blocks,person_scenario,,,headline,,,,
retain,5,new_isolated_population,353658.0,persons,all_blocks,unique_person,,,headline,,,,
retain,5,new_inundated_blocks,6400.0,blocks,all_blocks,not_applicable,,,headline,,,,
retain,5,new_inundated_population,575301.0,persons,all_blocks,person_scenario,,,headline,,,,
retain,5,new_inundated_population,575301.0,persons,all_blocks,unique_person,,,headline,,,,
retain,6,new_fragile_blocks,1381.0,blocks,all_blocks,not_applicable,,,headline,,,,
retain,6,new_fragile_population,90028.0,persons,all_blocks,person_scenario,,,headline,,,,
retain,6,new_fragile_population,90028.0,persons,all_blocks,unique_person,,,headline,,,,
retain,6,new_isolated_blocks,6459.0,blocks,all_blocks,not_applicable,,,headline,,,,
retain,6,new_isolated_population,641821.0,persons,all_blocks,person_scenario,,,headline,,,,
retain,6,new_isolated_population,641821.0,persons,all_blocks,unique_person,,,headline,,,,
retain,6,new_inundated_blocks,13551.0,blocks,all_blocks,not_applicable,,,headline,,,,
retain,6,new_inundated_population,1328770.0,persons,all_blocks,person_scenario,,,headline,,,,
retain,6,new_inundated_population,1328770.0,persons,all_blocks,unique_person,,,headline,,,,
retain,1,cumulative_newly_affected_population,5523.0,persons,all_blocks,person_scenario,,,headline,,,,
retain,1,cumulative_newly_affected_population,5523.0,persons,all_blocks,unique_person,,,headline,,,,
retain,2,cumulative_newly_affected_population,70379.0,persons,all_blocks,person_scenario,,,headline,,,,
retain,2,cumulative_newly_affected_population,64856.0,persons,all_blocks,unique_person,,,headline,,,,
retain,3,cumulative_newly_affected_population,349961.0,persons,all_blocks,person_scenario,,,headline,,,,
retain,3,cumulative_newly_affected_population,279582.0,persons,all_blocks,unique_person,,,headline,,,,
retain,4,cumulative_newly_affected_population,898701.0,persons,all_blocks,person_scenario,,,headline,,,,
retain,4,cumulative_newly_affected_population,548740.0,persons,all_blocks,unique_person,,,headline,,,,
retain,5,cumulative_newly_affected_population,1910639.0,persons,all_blocks,person_scenario,,,headline,,,,
retain,5,cumulative_newly_affected_population,1011938.0,persons,all_blocks,unique_person,,,headline,,,,
retain,6,cumulative_newly_affected_population,3971258.0,persons,all_blocks,person_scenario,660000.0,3311258.0,headline,,,,
retain,6,cumulative_newly_affected_population,2060619.0,persons,all_blocks,unique_person,660000.0,1400619.0,headline,,,,
retain,0,baseline_status_redundant_blocks,40439.0,blocks,analysis_universe,not_applicable,,,headline,,,,
retain,0,baseline_status_redundant_population,3714651.0,persons,analysis_universe,person_scenario,,,headline,,,,
retain,0,baseline_status_redundant_population,3714651.0,persons,analysis_universe,unique_person,,,headline,,,,
retain,0,baseline_status_fragile_blocks,14722.0,blocks,analysis_universe,not_applicable,,,headline,,,,
retain,0,baseline_status_fragile_population,2385673.0,persons,analysis_universe,person_scenario,,,headline,,,,
retain,0,baseline_status_fragile_population,2385673.0,persons,analysis_universe,unique_person,,,headline,,,,
retain,0,baseline_status_isolated_blocks,127.0,blocks,analysis_universe,not_applicable,,,headline,,,,
retain,0,baseline_status_isolated_population,15311.0,persons,analysis_universe,person_scenario,,,headline,,,,
retain,0,baseline_status_isolated_population,15311.0,persons,analysis_universe,unique_person,,,headline,,,,
retain,0,baseline_status_inundated_blocks,93.0,blocks,analysis_universe,not_applicable,,,headline,,,,
retain,0,baseline_status_inundated_population,20053.0,persons,analysis_universe,person_scenario,,,headline,,,,
retain,0,baseline_status_inundated_population,20053.0,persons,analysis_universe,unique_person,,,headline,,,,
retain,0,baseline_status_unclassified_blocks,0.0,blocks,analysis_universe,not_applicable,,,headline,,,,
retain,0,baseline_status_unclassified_population,0.0,persons,analysis_universe,person_scenario,,,headline,,,,
retain,0,baseline_status_unclassified_population,0.0,persons,analysis_universe,unique_person,,,headline,,,,
retain,0,baseline_fragile_share,0.265831241761615,share,analysis_universe,not_applicable,0.247,0.018831241761614992,headline,,,,
retain,0,new_fragile_blocks,0.0,blocks,analysis_universe,not_applicable,,,headline,,,,
retain,0,new_fragile_population,0.0,persons,analysis_universe,person_scenario,,,headline,,,,
retain,0,new_fragile_population,0.0,persons,analysis_universe,unique_person,,,headline,,,,
retain,0,new_isolated_blocks,0.0,blocks,analysis_universe,not_applicable,,,headline,,,,
retain,0,new_isolated_population,0.0,persons,analysis_universe,person_scenario,,,headline,,,,
retain,0,new_isolated_population,0.0,persons,analysis_universe,unique_person,,,headline,,,,
retain,0,new_inundated_blocks,0.0,blocks,analysis_universe,not_applicable,,,headline,,,,
retain,0,new_inundated_population,0.0,persons,analysis_universe,person_scenario,,,headline,,,,
retain,0,new_inundated_population,0.0,persons,analysis_universe,unique_person,,,headline,,,,
retain,1,new_fragile_blocks,3.0,blocks,analysis_universe,not_applicable,,,headline,,,,
retain,1,new_fragile_population,56.0,persons,analysis_universe,person_scenario,,,headline,,,,
retain,1,new_fragile_population,56.0,persons,analysis_universe,unique_person,,,headline,,,,
retain,1,new_isolated_blocks,13.0,blocks,analysis_universe,not_applicable,,,headline,,,,
retain,1,new_isolated_population,614.0,persons,analysis_universe,person_scenario,,,headline,,,,
retain,1,new_isolated_population,614.0,persons,analysis_universe,unique_person,,,headline,,,,
retain,1,new_inundated_blocks,27.0,blocks,analysis_universe,not_applicable,,,headline,,,,
retain,1,new_inundated_population,4853.0,persons,analysis_universe,person_scenario,,,headline,,,,
retain,1,new_inundated_population,4853.0,persons,analysis_universe,unique_person,,,headline,,,,
retain,2,new_fragile_blocks,160.0,blocks,analysis_universe,not_applicable,,,headline,,,,
retain,2,new_fragile_population,12988.0,persons,analysis_universe,person_scenario,,,headline,,,,
retain,2,new_fragile_population,12988.0,persons,analysis_universe,unique_person,,,headline,,,,
retain,2,new_isolated_blocks,328.0,blocks,analysis_universe,not_applicable,,,headline,,,,
retain,2,new_isolated_population,34433.0,persons,analysis_universe,person_scenario,,,headline,,,,
retain,2,new_isolated_population,34433.0,persons,analysis_universe,unique_person,,,headline,,,,
retain,2,new_inundated_blocks,155.0,blocks,analysis_universe,not_applicable,,,headline,,,,
retain,2,new_inundated_population,17435.0,persons,analysis_universe,person_scenario,,,headline,,,,
retain,2,new_inundated_population,17435.0,persons,analysis_universe,unique_person,,,headline,,,,
retain,3,new_fragile_blocks,381.0,blocks,analysis_universe,not_applicable,,,headline,,,,
retain,3,new_fragile_population,41683.0,persons,analysis_universe,person_scenario,,,headline,,,,
retain,3,new_fragile_population,41683.0,persons,analysis_universe,unique_person,,,headline,,,,
retain,3,new_isolated_blocks,1054.0,blocks,analysis_universe,not_applicable,,,headline,,,,
retain,3,new_isolated_population,151594.0,persons,analysis_universe,person_scenario,,,headline,,,,
retain,3,new_isolated_population,151594.0,persons,analysis_universe,unique_person,,,headline,,,,
retain,3,new_inundated_blocks,758.0,blocks,analysis_universe,not_applicable,,,headline,,,,
retain,3,new_inundated_population,86305.0,persons,analysis_universe,person_scenario,,,headline,,,,
retain,3,new_inundated_population,86305.0,persons,analysis_universe,unique_person,,,headline,,,,
retain,4,new_fragile_blocks,561.0,blocks,analysis_universe,not_applicable,,,headline,,,,
retain,4,new_fragile_population,58613.0,persons,analysis_universe,person_scenario,,,headline,,,,
retain,4,new_fragile_population,58613.0,persons,analysis_universe,unique_person,,,headline,,,,
retain,4,new_isolated_blocks,1642.0,blocks,analysis_universe,not_applicable,,,headline,,,,
retain,4,new_isolated_population,238730.0,persons,analysis_universe,person_scenario,,,headline,,,,
retain,4,new_isolated_population,238730.0,persons,analysis_universe,unique_person,,,headline,,,,
retain,4,new_inundated_blocks,2001.0,blocks,analysis_universe,not_applicable,,,headline,,,,
retain,4,new_inundated_population,251366.0,persons,analysis_universe,person_scenario,,,headline,,,,
retain,4,new_inundated_population,251366.0,persons,analysis_universe,unique_person,,,headline,,,,
retain,5,new_fragile_blocks,897.0,blocks,analysis_universe,not_applicable,,,headline,,,,
retain,5,new_fragile_population,82979.0,persons,analysis_universe,person_scenario,,,headline,,,,
retain,5,new_fragile_population,82979.0,persons,analysis_universe,unique_person,,,headline,,,,
retain,5,new_isolated_blocks,2868.0,blocks,analysis_universe,not_applicable,,,headline,,,,
retain,5,new_isolated_population,353658.0,persons,analysis_universe,person_scenario,,,headline,,,,
retain,5,new_isolated_population,353658.0,persons,analysis_universe,unique_person,,,headline,,,,
retain,5,new_inundated_blocks,4690.0,blocks,analysis_universe,not_applicable,,,headline,,,,
retain,5,new_inundated_population,575265.0,persons,analysis_universe,person_scenario,,,headline,,,,
retain,5,new_inundated_population,575265.0,persons,analysis_universe,unique_person,,,headline,,,,
retain,6,new_fragile_blocks,923.0,blocks,analysis_universe,not_applicable,,,headline,,,,
retain,6,new_fragile_population,90028.0,persons,analysis_universe,person_scenario,,,headline,,,,
retain,6,new_fragile_population,90028.0,persons,analysis_universe,unique_person,,,headline,,,,
retain,6,new_isolated_blocks,5409.0,blocks,analysis_universe,not_applicable,,,headline,,,,
retain,6,new_isolated_population,641821.0,persons,analysis_universe,person_scenario,,,headline,,,,
retain,6,new_isolated_population,641821.0,persons,analysis_universe,unique_person,,,headline,,,,
retain,6,new_inundated_blocks,10301.0,blocks,analysis_universe,not_applicable,,,headline,,,,
retain,6,new_inundated_population,1326887.0,persons,analysis_universe,person_scenario,,,headline,,,,
retain,6,new_inundated_population,1326887.0,persons,analysis_universe,unique_person,,,headline,,,,
retain,1,cumulative_newly_affected_population,5523.0,persons,analysis_universe,person_scenario,,,headline,,,,
retain,1,cumulative_newly_affected_population,5523.0,persons,analysis_universe,unique_person,,,headline,,,,
retain,2,cumulative_newly_affected_population,70379.0,persons,analysis_universe,person_scenario,,,headline,,,,
retain,2,cumulative_newly_affected_population,64856.0,persons,analysis_universe,unique_person,,,headline,,,,
retain,3,cumulative_newly_affected_population,349961.0,persons,analysis_universe,person_scenario,,,headline,,,,
retain,3,cumulative_newly_affected_population,279582.0,persons,analysis_universe,unique_person,,,headline,,,,
retain,4,cumulative_newly_affected_population,898670.0,persons,analysis_universe,person_scenario,,,headline,,,,
retain,4,cumulative_newly_affected_population,548709.0,persons,analysis_universe,unique_person,,,headline,,,,
retain,5,cumulative_newly_affected_population,1910572.0,persons,analysis_universe,person_scenario,,,headline,,,,
retain,5,cumulative_newly_affected_population,1011902.0,persons,analysis_universe,unique_person,,,headline,,,,
retain,6,cumulative_newly_affected_population,3969308.0,persons,analysis_universe,person_scenario,660000.0,3309308.0,headline,,,,
retain,6,cumulative_newly_affected_population,2058736.0,persons,analysis_universe,unique_person,660000.0,1398736.0,headline,,,,
intersect,0,,,,all_blocks,person_scenario,,,transition,fragile,fragile,17989.0,2392367.0
intersect,0,,,,all_blocks,unique_person,,,transition,fragile,fragile,17989.0,2392367.0
intersect,0,,,,all_blocks,person_scenario,,,transition,inundated,inundated,1178.0,20155.0
intersect,0,,,,all_blocks,unique_person,,,transition,inundated,inundated,1178.0,20155.0
intersect,0,,,,all_blocks,person_scenario,,,transition,isolated,isolated,439.0,40532.0
intersect,0,,,,all_blocks,unique_person,,,transition,isolated,isolated,439.0,40532.0
intersect,0,,,,all_blocks,person_scenario,,,transition,redundant,redundant,50918.0,3683432.0
intersect,0,,,,all_blocks,unique_person,,,transition,redundant,redundant,50918.0,3683432.0
intersect,0,,,,all_blocks,person_scenario,,,transition,unclassified,unclassified,171.0,1847.0
intersect,0,,,,all_blocks,unique_person,,,transition,unclassified,unclassified,171.0,1847.0
intersect,1,,,,all_blocks,person_scenario,,,transition,fragile,fragile,17922.0,2389066.0
intersect,1,,,,all_blocks,unique_person,,,transition,fragile,fragile,17922.0,2389066.0
intersect,1,,,,all_blocks,person_scenario,,,transition,fragile,inundated,64.0,3217.0
intersect,1,,,,all_blocks,unique_person,,,transition,fragile,inundated,64.0,3217.0
intersect,1,,,,all_blocks,person_scenario,,,transition,fragile,isolated,3.0,84.0
intersect,1,,,,all_blocks,unique_person,,,transition,fragile,isolated,3.0,84.0
intersect,1,,,,all_blocks,person_scenario,,,transition,inundated,inundated,1178.0,20155.0
intersect,1,,,,all_blocks,unique_person,,,transition,inundated,inundated,1178.0,20155.0
intersect,1,,,,all_blocks,person_scenario,,,transition,isolated,inundated,6.0,372.0
intersect,1,,,,all_blocks,unique_person,,,transition,isolated,inundated,6.0,372.0
intersect,1,,,,all_blocks,person_scenario,,,transition,isolated,isolated,433.0,40160.0
intersect,1,,,,all_blocks,unique_person,,,transition,isolated,isolated,433.0,40160.0
intersect,1,,,,all_blocks,person_scenario,,,transition,redundant,fragile,11.0,150.0
intersect,1,,,,all_blocks,unique_person,,,transition,redundant,fragile,11.0,150.0
intersect,1,,,,all_blocks,person_scenario,,,transition,redundant,inundated,28.0,1264.0
intersect,1,,,,all_blocks,unique_person,,,transition,redundant,inundated,28.0,1264.0
intersect,1,,,,all_blocks,person_scenario,,,transition,redundant,isolated,10.0,262.0
intersect,1,,,,all_blocks,unique_person,,,transition,redundant,isolated,10.0,262.0
intersect,1,,,,all_blocks,person_scenario,,,transition,redundant,redundant,50869.0,3681756.0
intersect,1,,,,all_blocks,unique_person,,,transition,redundant,redundant,50869.0,3681756.0
intersect,1,,,,all_blocks,person_scenario,,,transition,unclassified,inundated,15.0,0.0
intersect,1,,,,all_blocks,unique_person,,,transition,unclassified,inundated,15.0,0.0
intersect,1,,,,all_blocks,person_scenario,,,transition,unclassified,unclassified,156.0,1847.0
intersect,1,,,,all_blocks,unique_person,,,transition,unclassified,unclassified,156.0,1847.0
intersect,2,,,,all_blocks,person_scenario,,,transition,fragile,fragile,17688.0,2369740.0
intersect,2,,,,all_blocks,unique_person,,,transition,fragile,fragile,17688.0,2369740.0
intersect,2,,,,all_blocks,person_scenario,,,transition,fragile,inundated,132.0,8692.0
intersect,2,,,,all_blocks,unique_person,,,transition,fragile,inundated,132.0,8692.0
intersect,2,,,,all_blocks,person_scenario,,,transition,fragile,isolated,169.0,13935.0
intersect,2,,,,all_blocks,unique_person,,,transition,fragile,isolated,169.0,13935.0
intersect,2,,,,all_blocks,person_scenario,,,transition,inundated,inundated,1178.0,20155.0
intersect,2,,,,all_blocks,unique_person,,,transition,inundated,inundated,1178.0,20155.0
intersect,2,,,,all_blocks,person_scenario,,,transition,isolated,inundated,22.0,2440.0
intersect,2,,,,all_blocks,unique_person,,,transition,isolated,inundated,22.0,2440.0
intersect,2,,,,all_blocks,person_scenario,,,transition,isolated,isolated,417.0,38092.0
intersect,2,,,,all_blocks,unique_person,,,transition,isolated,isolated,417.0,38092.0
intersect,2,,,,all_blocks,person_scenario,,,transition,redundant,fragile,214.0,12494.0
intersect,2,,,,all_blocks,unique_person,,,transition,redundant,fragile,214.0,12494.0
intersect,2,,,,all_blocks,person_scenario,,,transition,redundant,inundated,137.0,6303.0
intersect,2,,,,all_blocks,unique_person,,,transition,redundant,inundated,137.0,6303.0
intersect,2,,,,all_blocks,person_scenario,,,transition,redundant,isolated,173.0,14476.0
intersect,2,,,,all_blocks,unique_person,,,transition,redundant,isolated,173.0,14476.0
intersect,2,,,,all_blocks,person_scenario,,,transition,redundant,redundant,50394.0,3650159.0
intersect,2,,,,all_blocks,unique_person,,,transition,redundant,redundant,50394.0,3650159.0
intersect,2,,,,all_blocks,person_scenario,,,transition,unclassified,inundated,21.0,0.0
intersect,2,,,,all_blocks,unique_person,,,transition,unclassified,inundated,21.0,0.0
intersect,2,,,,all_blocks,person_scenario,,,transition,unclassified,unclassified,150.0,1847.0
intersect,2,,,,all_blocks,unique_person,,,transition,unclassified,unclassified,150.0,1847.0
intersect,3,,,,all_blocks,person_scenario,,,transition,fragile,fragile,17156.0,2273573.0
intersect,3,,,,all_blocks,unique_person,,,transition,fragile,fragile,17156.0,2273573.0
intersect,3,,,,all_blocks,person_scenario,,,transition,fragile,inundated,353.0,29198.0
intersect,3,,,,all_blocks,unique_person,,,transition,fragile,inundated,353.0,29198.0
intersect,3,,,,all_blocks,person_scenario,,,transition,fragile,isolated,480.0,89596.0
intersect,3,,,,all_blocks,unique_person,,,transition,fragile,isolated,480.0,89596.0
intersect,3,,,,all_blocks,person_scenario,,,transition,inundated,inundated,1178.0,20155.0
intersect,3,,,,all_blocks,unique_person,,,transition,inundated,inundated,1178.0,20155.0
intersect,3,,,,all_blocks,person_scenario,,,transition,isolated,inundated,95.0,9844.0
intersect,3,,,,all_blocks,unique_person,,,transition,isolated,inundated,95.0,9844.0
intersect,3,,,,all_blocks,person_scenario,,,transition,isolated,isolated,344.0,30688.0
intersect,3,,,,all_blocks,unique_person,,,transition,isolated,isolated,344.0,30688.0
intersect,3,,,,all_blocks,person_scenario,,,transition,redundant,fragile,482.0,33977.0
intersect,3,,,,all_blocks,unique_person,,,transition,redundant,fragile,482.0,33977.0
intersect,3,,,,all_blocks,person_scenario,,,transition,redundant,inundated,647.0,47263.0
intersect,3,,,,all_blocks,unique_person,,,transition,redundant,inundated,647.0,47263.0
intersect,3,,,,all_blocks,person_scenario,,,transition,redundant,isolated,669.0,66772.0
intersect,3,,,,all_blocks,unique_person,,,transition,redundant,isolated,669.0,66772.0
intersect,3,,,,all_blocks,person_scenario,,,transition,redundant,redundant,49120.0,3535420.0
intersect,3,,,,all_blocks,unique_person,,,transition,redundant,redundant,49120.0,3535420.0
intersect,3,,,,all_blocks,person_scenario,,,transition,unclassified,inundated,29.0,0.0
intersect,3,,,,all_blocks,unique_person,,,transition,unclassified,inundated,29.0,0.0
intersect,3,,,,all_blocks,person_scenario,,,transition,unclassified,unclassified,142.0,1847.0
intersect,3,,,,all_blocks,unique_person,,,transition,unclassified,unclassified,142.0,1847.0
intersect,4,,,,all_blocks,person_scenario,,,transition,fragile,fragile,16314.0,2151525.0
intersect,4,,,,all_blocks,unique_person,,,transition,fragile,fragile,16314.0,2151525.0
intersect,4,,,,all_blocks,person_scenario,,,transition,fragile,inundated,853.0,103687.0
intersect,4,,,,all_blocks,unique_person,,,transition,fragile,inundated,853.0,103687.0
intersect,4,,,,all_blocks,person_scenario,,,transition,fragile,isolated,822.0,137155.0
intersect,4,,,,all_blocks,unique_person,,,transition,fragile,isolated,822.0,137155.0
intersect,4,,,,all_blocks,person_scenario,,,transition,inundated,inundated,1178.0,20155.0
intersect,4,,,,all_blocks,unique_person,,,transition,inundated,inundated,1178.0,20155.0
intersect,4,,,,all_blocks,person_scenario,,,transition,isolated,inundated,197.0,17619.0
intersect,4,,,,all_blocks,unique_person,,,transition,isolated,inundated,197.0,17619.0
intersect,4,,,,all_blocks,person_scenario,,,transition,isolated,isolated,242.0,22913.0
intersect,4,,,,all_blocks,unique_person,,,transition,isolated,isolated,242.0,22913.0
intersect,4,,,,all_blocks,person_scenario,,,transition,redundant,fragile,783.0,54298.0
intersect,4,,,,all_blocks,unique_person,,,transition,redundant,fragile,783.0,54298.0
intersect,4,,,,all_blocks,person_scenario,,,transition,redundant,inundated,1743.0,130091.0
intersect,4,,,,all_blocks,unique_person,,,transition,redundant,inundated,1743.0,130091.0
intersect,4,,,,all_blocks,person_scenario,,,transition,redundant,isolated,1229.0,99862.0
intersect,4,,,,all_blocks,unique_person,,,transition,redundant,isolated,1229.0,99862.0
intersect,4,,,,all_blocks,person_scenario,,,transition,redundant,redundant,47163.0,3399181.0
intersect,4,,,,all_blocks,unique_person,,,transition,redundant,redundant,47163.0,3399181.0
intersect,4,,,,all_blocks,person_scenario,,,transition,unclassified,inundated,30.0,0.0
intersect,4,,,,all_blocks,unique_person,,,transition,unclassified,inundated,30.0,0.0
intersect,4,,,,all_blocks,person_scenario,,,transition,unclassified,unclassified,141.0,1847.0
intersect,4,,,,all_blocks,unique_person,,,transition,unclassified,unclassified,141.0,1847.0
intersect,5,,,,all_blocks,person_scenario,,,transition,fragile,fragile,14975.0,1971560.0
intersect,5,,,,all_blocks,unique_person,,,transition,fragile,fragile,14975.0,1971560.0
intersect,5,,,,all_blocks,person_scenario,,,transition,fragile,inundated,1814.0,244096.0
intersect,5,,,,all_blocks,unique_person,,,transition,fragile,inundated,1814.0,244096.0
intersect,5,,,,all_blocks,person_scenario,,,transition,fragile,isolated,1200.0,176711.0
intersect,5,,,,all_blocks,unique_person,,,transition,fragile,isolated,1200.0,176711.0
intersect,5,,,,all_blocks,person_scenario,,,transition,inundated,inundated,1178.0,20155.0
intersect,5,,,,all_blocks,unique_person,,,transition,inundated,inundated,1178.0,20155.0
intersect,5,,,,all_blocks,person_scenario,,,transition,isolated,inundated,297.0,24425.0
intersect,5,,,,all_blocks,unique_person,,,transition,isolated,inundated,297.0,24425.0
intersect,5,,,,all_blocks,person_scenario,,,transition,isolated,isolated,142.0,16107.0
intersect,5,,,,all_blocks,unique_person,,,transition,isolated,isolated,142.0,16107.0
intersect,5,,,,all_blocks,person_scenario,,,transition,redundant,fragile,1366.0,87930.0
intersect,5,,,,all_blocks,unique_person,,,transition,redundant,fragile,1366.0,87930.0
intersect,5,,,,all_blocks,person_scenario,,,transition,redundant,inundated,4250.0,306780.0
intersect,5,,,,all_blocks,unique_person,,,transition,redundant,inundated,4250.0,306780.0
intersect,5,,,,all_blocks,person_scenario,,,transition,redundant,isolated,2432.0,179376.0
intersect,5,,,,all_blocks,unique_person,,,transition,redundant,isolated,2432.0,179376.0
intersect,5,,,,all_blocks,person_scenario,,,transition,redundant,redundant,42870.0,3109346.0
intersect,5,,,,all_blocks,unique_person,,,transition,redundant,redundant,42870.0,3109346.0
intersect,5,,,,all_blocks,person_scenario,,,transition,unclassified,inundated,39.0,0.0
intersect,5,,,,all_blocks,unique_person,,,transition,unclassified,inundated,39.0,0.0
intersect,5,,,,all_blocks,person_scenario,,,transition,unclassified,unclassified,132.0,1847.0
intersect,5,,,,all_blocks,unique_person,,,transition,unclassified,unclassified,132.0,1847.0
intersect,6,,,,all_blocks,person_scenario,,,transition,fragile,fragile,12662.0,1594872.0
intersect,6,,,,all_blocks,unique_person,,,transition,fragile,fragile,12662.0,1594872.0
intersect,6,,,,all_blocks,person_scenario,,,transition,fragile,inundated,3628.0,545170.0
intersect,6,,,,all_blocks,unique_person,,,transition,fragile,inundated,3628.0,545170.0
intersect,6,,,,all_blocks,person_scenario,,,transition,fragile,isolated,1699.0,252325.0
intersect,6,,,,all_blocks,unique_person,,,transition,fragile,isolated,1699.0,252325.0
intersect,6,,,,all_blocks,person_scenario,,,transition,inundated,inundated,1178.0,20155.0
intersect,6,,,,all_blocks,unique_person,,,transition,inundated,inundated,1178.0,20155.0
intersect,6,,,,all_blocks,person_scenario,,,transition,isolated,inundated,353.0,26743.0
intersect,6,,,,all_blocks,unique_person,,,transition,isolated,inundated,353.0,26743.0
intersect,6,,,,all_blocks,person_scenario,,,transition,isolated,isolated,86.0,13789.0
intersect,6,,,,all_blocks,unique_person,,,transition,isolated,isolated,86.0,13789.0
intersect,6,,,,all_blocks,person_scenario,,,transition,redundant,fragile,1326.0,88320.0
intersect,6,,,,all_blocks,unique_person,,,transition,redundant,fragile,1326.0,88320.0
intersect,6,,,,all_blocks,person_scenario,,,transition,redundant,inundated,9514.0,755529.0
intersect,6,,,,all_blocks,unique_person,,,transition,redundant,inundated,9514.0,755529.0
intersect,6,,,,all_blocks,person_scenario,,,transition,redundant,isolated,5172.0,398951.0
intersect,6,,,,all_blocks,unique_person,,,transition,redundant,isolated,5172.0,398951.0
intersect,6,,,,all_blocks,person_scenario,,,transition,redundant,redundant,34906.0,2440632.0
intersect,6,,,,all_blocks,unique_person,,,transition,redundant,redundant,34906.0,2440632.0
intersect,6,,,,all_blocks,person_scenario,,,transition,unclassified,inundated,56.0,1328.0
intersect,6,,,,all_blocks,unique_person,,,transition,unclassified,inundated,56.0,1328.0
intersect,6,,,,all_blocks,person_scenario,,,transition,unclassified,unclassified,115.0,519.0
intersect,6,,,,all_blocks,unique_person,,,transition,unclassified,unclassified,115.0,519.0
intersect,0,,,,analysis_universe,person_scenario,,,transition,fragile,fragile,14801.0,2391791.0
intersect,0,,,,analysis_universe,unique_person,,,transition,fragile,fragile,14801.0,2391791.0
intersect,0,,,,analysis_universe,person_scenario,,,transition,inundated,inundated,93.0,20053.0
intersect,0,,,,analysis_universe,unique_person,,,transition,inundated,inundated,93.0,20053.0
intersect,0,,,,analysis_universe,person_scenario,,,transition,isolated,isolated,375.0,40532.0
intersect,0,,,,analysis_universe,unique_person,,,transition,isolated,isolated,375.0,40532.0
intersect,0,,,,analysis_universe,person_scenario,,,transition,redundant,redundant,40112.0,3683312.0
intersect,0,,,,analysis_universe,unique_person,,,transition,redundant,redundant,40112.0,3683312.0
intersect,1,,,,analysis_universe,person_scenario,,,transition,fragile,fragile,14784.0,2388490.0
intersect,1,,,,analysis_universe,unique_person,,,transition,fragile,fragile,14784.0,2388490.0
intersect,1,,,,analysis_universe,person_scenario,,,transition,fragile,inundated,15.0,3217.0
intersect,1,,,,analysis_universe,unique_person,,,transition,fragile,inundated,15.0,3217.0
intersect,1,,,,analysis_universe,person_scenario,,,transition,fragile,isolated,2.0,84.0
intersect,1,,,,analysis_universe,unique_person,,,transition,fragile,isolated,2.0,84.0
intersect,1,,,,analysis_universe,person_scenario,,,transition,inundated,inundated,93.0,20053.0
intersect,1,,,,analysis_universe,unique_person,,,transition,inundated,inundated,93.0,20053.0
intersect,1,,,,analysis_universe,person_scenario,,,transition,isolated,inundated,3.0,372.0
intersect,1,,,,analysis_universe,unique_person,,,transition,isolated,inundated,3.0,372.0
intersect,1,,,,analysis_universe,person_scenario,,,transition,isolated,isolated,372.0,40160.0
intersect,1,,,,analysis_universe,unique_person,,,transition,isolated,isolated,372.0,40160.0
intersect,1,,,,analysis_universe,person_scenario,,,transition,redundant,fragile,5.0,150.0
intersect,1,,,,analysis_universe,unique_person,,,transition,redundant,fragile,5.0,150.0
intersect,1,,,,analysis_universe,person_scenario,,,transition,redundant,inundated,9.0,1264.0
intersect,1,,,,analysis_universe,unique_person,,,transition,redundant,inundated,9.0,1264.0
intersect,1,,,,analysis_universe,person_scenario,,,transition,redundant,isolated,9.0,262.0
intersect,1,,,,analysis_universe,unique_person,,,transition,redundant,isolated,9.0,262.0
intersect,1,,,,analysis_universe,person_scenario,,,transition,redundant,redundant,40089.0,3681636.0
intersect,1,,,,analysis_universe,unique_person,,,transition,redundant,redundant,40089.0,3681636.0
intersect,2,,,,analysis_universe,person_scenario,,,transition,fragile,fragile,14636.0,2369164.0
intersect,2,,,,analysis_universe,unique_person,,,transition,fragile,fragile,14636.0,2369164.0
intersect,2,,,,analysis_universe,person_scenario,,,transition,fragile,inundated,50.0,8692.0
intersect,2,,,,analysis_universe,unique_person,,,transition,fragile,inundated,50.0,8692.0
intersect,2,,,,analysis_universe,person_scenario,,,transition,fragile,isolated,115.0,13935.0
intersect,2,,,,analysis_universe,unique_person,,,transition,fragile,isolated,115.0,13935.0
intersect,2,,,,analysis_universe,person_scenario,,,transition,inundated,inundated,93.0,20053.0
intersect,2,,,,analysis_universe,unique_person,,,transition,inundated,inundated,93.0,20053.0
intersect,2,,,,analysis_universe,person_scenario,,,transition,isolated,inundated,15.0,2440.0
intersect,2,,,,analysis_universe,unique_person,,,transition,isolated,inundated,15.0,2440.0
intersect,2,,,,analysis_universe,person_scenario,,,transition,isolated,isolated,360.0,38092.0
intersect,2,,,,analysis_universe,unique_person,,,transition,isolated,isolated,360.0,38092.0
intersect,2,,,,analysis_universe,person_scenario,,,transition,redundant,fragile,170.0,12494.0
intersect,2,,,,analysis_universe,unique_person,,,transition,redundant,fragile,170.0,12494.0
intersect,2,,,,analysis_universe,person_scenario,,,transition,redundant,inundated,90.0,6303.0
intersect,2,,,,analysis_universe,unique_person,,,transition,redundant,inundated,90.0,6303.0
intersect,2,,,,analysis_universe,person_scenario,,,transition,redundant,isolated,158.0,14476.0
intersect,2,,,,analysis_universe,unique_person,,,transition,redundant,isolated,158.0,14476.0
intersect,2,,,,analysis_universe,person_scenario,,,transition,redundant,redundant,39694.0,3650039.0
intersect,2,,,,analysis_universe,unique_person,,,transition,redundant,redundant,39694.0,3650039.0
intersect,3,,,,analysis_universe,person_scenario,,,transition,fragile,fragile,14205.0,2272997.0
intersect,3,,,,analysis_universe,unique_person,,,transition,fragile,fragile,14205.0,2272997.0
intersect,3,,,,analysis_universe,person_scenario,,,transition,fragile,inundated,192.0,29198.0
intersect,3,,,,analysis_universe,unique_person,,,transition,fragile,inundated,192.0,29198.0
intersect,3,,,,analysis_universe,person_scenario,,,transition,fragile,isolated,404.0,89596.0
intersect,3,,,,analysis_universe,unique_person,,,transition,fragile,isolated,404.0,89596.0
intersect,3,,,,analysis_universe,person_scenario,,,transition,inundated,inundated,93.0,20053.0
intersect,3,,,,analysis_universe,unique_person,,,transition,inundated,inundated,93.0,20053.0
intersect,3,,,,analysis_universe,person_scenario,,,transition,isolated,inundated,72.0,9844.0
intersect,3,,,,analysis_universe,unique_person,,,transition,isolated,inundated,72.0,9844.0
intersect,3,,,,analysis_universe,person_scenario,,,transition,isolated,isolated,303.0,30688.0
intersect,3,,,,analysis_universe,unique_person,,,transition,isolated,isolated,303.0,30688.0
intersect,3,,,,analysis_universe,person_scenario,,,transition,redundant,fragile,387.0,33977.0
intersect,3,,,,analysis_universe,unique_person,,,transition,redundant,fragile,387.0,33977.0
intersect,3,,,,analysis_universe,person_scenario,,,transition,redundant,inundated,494.0,47263.0
intersect,3,,,,analysis_universe,unique_person,,,transition,redundant,inundated,494.0,47263.0
intersect,3,,,,analysis_universe,person_scenario,,,transition,redundant,isolated,576.0,66772.0
intersect,3,,,,analysis_universe,unique_person,,,transition,redundant,isolated,576.0,66772.0
intersect,3,,,,analysis_universe,person_scenario,,,transition,redundant,redundant,38655.0,3535300.0
intersect,3,,,,analysis_universe,unique_person,,,transition,redundant,redundant,38655.0,3535300.0
intersect,4,,,,analysis_universe,person_scenario,,,transition,fragile,fragile,13592.0,2150980.0
intersect,4,,,,analysis_universe,unique_person,,,transition,fragile,fragile,13592.0,2150980.0
intersect,4,,,,analysis_universe,person_scenario,,,transition,fragile,inundated,559.0,103656.0
intersect,4,,,,analysis_universe,unique_person,,,transition,fragile,inundated,559.0,103656.0
intersect,4,,,,analysis_universe,person_scenario,,,transition,fragile,isolated,650.0,137155.0
intersect,4,,,,analysis_universe,unique_person,,,transition,fragile,isolated,650.0,137155.0
intersect,4,,,,analysis_universe,person_scenario,,,transition,inundated,inundated,93.0,20053.0
intersect,4,,,,analysis_universe,unique_person,,,transition,inundated,inundated,93.0,20053.0
intersect,4,,,,analysis_universe,person_scenario,,,transition,isolated,inundated,160.0,17619.0
intersect,4,,,,analysis_universe,unique_person,,,transition,isolated,inundated,160.0,17619.0
intersect,4,,,,analysis_universe,person_scenario,,,transition,isolated,isolated,215.0,22913.0
intersect,4,,,,analysis_universe,unique_person,,,transition,isolated,isolated,215.0,22913.0
intersect,4,,,,analysis_universe,person_scenario,,,transition,redundant,fragile,558.0,54298.0
intersect,4,,,,analysis_universe,unique_person,,,transition,redundant,fragile,558.0,54298.0
intersect,4,,,,analysis_universe,person_scenario,,,transition,redundant,inundated,1282.0,130091.0
intersect,4,,,,analysis_universe,unique_person,,,transition,redundant,inundated,1282.0,130091.0
intersect,4,,,,analysis_universe,person_scenario,,,transition,redundant,isolated,965.0,99862.0
intersect,4,,,,analysis_universe,unique_person,,,transition,redundant,isolated,965.0,99862.0
intersect,4,,,,analysis_universe,person_scenario,,,transition,redundant,redundant,37307.0,3399061.0
intersect,4,,,,analysis_universe,unique_person,,,transition,redundant,redundant,37307.0,3399061.0
intersect,5,,,,analysis_universe,person_scenario,,,transition,fragile,fragile,12582.0,1971015.0
intersect,5,,,,analysis_universe,unique_person,,,transition,fragile,fragile,12582.0,1971015.0
intersect,5,,,,analysis_universe,person_scenario,,,transition,fragile,inundated,1261.0,244065.0
intersect,5,,,,analysis_universe,unique_person,,,transition,fragile,inundated,1261.0,244065.0
intersect,5,,,,analysis_universe,person_scenario,,,transition,fragile,isolated,958.0,176711.0
intersect,5,,,,analysis_universe,unique_person,,,transition,fragile,isolated,958.0,176711.0
intersect,5,,,,analysis_universe,person_scenario,,,transition,inundated,inundated,93.0,20053.0
intersect,5,,,,analysis_universe,unique_person,,,transition,inundated,inundated,93.0,20053.0
intersect,5,,,,analysis_universe,person_scenario,,,transition,isolated,inundated,256.0,24425.0
intersect,5,,,,analysis_universe,unique_person,,,transition,isolated,inundated,256.0,24425.0
intersect,5,,,,analysis_universe,person_scenario,,,transition,isolated,isolated,119.0,16107.0
intersect,5,,,,analysis_universe,unique_person,,,transition,isolated,isolated,119.0,16107.0
intersect,5,,,,analysis_universe,person_scenario,,,transition,redundant,fragile,952.0,87930.0
intersect,5,,,,analysis_universe,unique_person,,,transition,redundant,fragile,952.0,87930.0
intersect,5,,,,analysis_universe,person_scenario,,,transition,redundant,inundated,3173.0,306775.0
intersect,5,,,,analysis_universe,unique_person,,,transition,redundant,inundated,3173.0,306775.0
intersect,5,,,,analysis_universe,person_scenario,,,transition,redundant,isolated,1931.0,179376.0
intersect,5,,,,analysis_universe,unique_person,,,transition,redundant,isolated,1931.0,179376.0
intersect,5,,,,analysis_universe,person_scenario,,,transition,redundant,redundant,34056.0,3109231.0
intersect,5,,,,analysis_universe,unique_person,,,transition,redundant,redundant,34056.0,3109231.0
intersect,6,,,,analysis_universe,person_scenario,,,transition,fragile,fragile,10719.0,1594846.0
intersect,6,,,,analysis_universe,unique_person,,,transition,fragile,fragile,10719.0,1594846.0
intersect,6,,,,analysis_universe,person_scenario,,,transition,fragile,inundated,2707.0,544620.0
intersect,6,,,,analysis_universe,unique_person,,,transition,fragile,inundated,2707.0,544620.0
intersect,6,,,,analysis_universe,person_scenario,,,transition,fragile,isolated,1375.0,252325.0
intersect,6,,,,analysis_universe,unique_person,,,transition,fragile,isolated,1375.0,252325.0
intersect,6,,,,analysis_universe,person_scenario,,,transition,inundated,inundated,93.0,20053.0
intersect,6,,,,analysis_universe,unique_person,,,transition,inundated,inundated,93.0,20053.0
intersect,6,,,,analysis_universe,person_scenario,,,transition,isolated,inundated,307.0,26743.0
intersect,6,,,,analysis_universe,unique_person,,,transition,isolated,inundated,307.0,26743.0
intersect,6,,,,analysis_universe,person_scenario,,,transition,isolated,isolated,68.0,13789.0
intersect,6,,,,analysis_universe,unique_person,,,transition,isolated,isolated,68.0,13789.0
intersect,6,,,,analysis_universe,person_scenario,,,transition,redundant,fragile,922.0,88320.0
intersect,6,,,,analysis_universe,unique_person,,,transition,redundant,fragile,922.0,88320.0
intersect,6,,,,analysis_universe,person_scenario,,,transition,redundant,inundated,7287.0,755524.0
intersect,6,,,,analysis_universe,unique_person,,,transition,redundant,inundated,7287.0,755524.0
intersect,6,,,,analysis_universe,person_scenario,,,transition,redundant,isolated,4072.0,398951.0
intersect,6,,,,analysis_universe,unique_person,,,transition,redundant,isolated,4072.0,398951.0
intersect,6,,,,analysis_universe,person_scenario,,,transition,redundant,redundant,27831.0,2440517.0
intersect,6,,,,analysis_universe,unique_person,,,transition,redundant,redundant,27831.0,2440517.0
approach,0,,,,all_blocks,person_scenario,,,transition,fragile,fragile,17714.0,2381718.0
approach,0,,,,all_blocks,unique_person,,,transition,fragile,fragile,17714.0,2381718.0
approach,0,,,,all_blocks,person_scenario,,,transition,inundated,inundated,1178.0,20155.0
approach,0,,,,all_blocks,unique_person,,,transition,inundated,inundated,1178.0,20155.0
approach,0,,,,all_blocks,person_scenario,,,transition,isolated,isolated,176.0,19842.0
approach,0,,,,all_blocks,unique_person,,,transition,isolated,isolated,176.0,19842.0
approach,0,,,,all_blocks,person_scenario,,,transition,redundant,redundant,51456.0,3714771.0
approach,0,,,,all_blocks,unique_person,,,transition,redundant,redundant,51456.0,3714771.0
approach,0,,,,all_blocks,person_scenario,,,transition,unclassified,unclassified,171.0,1847.0
approach,0,,,,all_blocks,unique_person,,,transition,unclassified,unclassified,171.0,1847.0
approach,1,,,,all_blocks,person_scenario,,,transition,fragile,fragile,17644.0,2377777.0
approach,1,,,,all_blocks,unique_person,,,transition,fragile,fragile,17644.0,2377777.0
approach,1,,,,all_blocks,person_scenario,,,transition,fragile,inundated,65.0,3589.0
approach,1,,,,all_blocks,unique_person,,,transition,fragile,inundated,65.0,3589.0
approach,1,,,,all_blocks,person_scenario,,,transition,fragile,isolated,5.0,352.0
approach,1,,,,all_blocks,unique_person,,,transition,fragile,isolated,5.0,352.0
approach,1,,,,all_blocks,person_scenario,,,transition,inundated,inundated,1178.0,20155.0
approach,1,,,,all_blocks,unique_person,,,transition,inundated,inundated,1178.0,20155.0
approach,1,,,,all_blocks,person_scenario,,,transition,isolated,inundated,2.0,0.0
approach,1,,,,all_blocks,unique_person,,,transition,isolated,inundated,2.0,0.0
approach,1,,,,all_blocks,person_scenario,,,transition,isolated,isolated,174.0,19842.0
approach,1,,,,all_blocks,unique_person,,,transition,isolated,isolated,174.0,19842.0
approach,1,,,,all_blocks,person_scenario,,,transition,redundant,fragile,5.0,56.0
approach,1,,,,all_blocks,unique_person,,,transition,redundant,fragile,5.0,56.0
approach,1,,,,all_blocks,person_scenario,,,transition,redundant,inundated,31.0,1264.0
approach,1,,,,all_blocks,unique_person,,,transition,redundant,inundated,31.0,1264.0
approach,1,,,,all_blocks,person_scenario,,,transition,redundant,isolated,9.0,262.0
approach,1,,,,all_blocks,unique_person,,,transition,redundant,isolated,9.0,262.0
approach,1,,,,all_blocks,person_scenario,,,transition,redundant,redundant,51411.0,3713189.0
approach,1,,,,all_blocks,unique_person,,,transition,redundant,redundant,51411.0,3713189.0
approach,1,,,,all_blocks,person_scenario,,,transition,unclassified,inundated,15.0,0.0
approach,1,,,,all_blocks,unique_person,,,transition,unclassified,inundated,15.0,0.0
approach,1,,,,all_blocks,person_scenario,,,transition,unclassified,unclassified,156.0,1847.0
approach,1,,,,all_blocks,unique_person,,,transition,unclassified,unclassified,156.0,1847.0
approach,2,,,,all_blocks,person_scenario,,,transition,fragile,fragile,17428.0,2354060.0
approach,2,,,,all_blocks,unique_person,,,transition,fragile,fragile,17428.0,2354060.0
approach,2,,,,all_blocks,person_scenario,,,transition,fragile,inundated,128.0,9254.0
approach,2,,,,all_blocks,unique_person,,,transition,fragile,inundated,128.0,9254.0
approach,2,,,,all_blocks,person_scenario,,,transition,fragile,isolated,158.0,18404.0
approach,2,,,,all_blocks,unique_person,,,transition,fragile,isolated,158.0,18404.0
approach,2,,,,all_blocks,person_scenario,,,transition,inundated,inundated,1178.0,20155.0
approach,2,,,,all_blocks,unique_person,,,transition,inundated,inundated,1178.0,20155.0
approach,2,,,,all_blocks,person_scenario,,,transition,isolated,inundated,11.0,1655.0
approach,2,,,,all_blocks,unique_person,,,transition,isolated,inundated,11.0,1655.0
approach,2,,,,all_blocks,person_scenario,,,transition,isolated,isolated,165.0,18187.0
approach,2,,,,all_blocks,unique_person,,,transition,isolated,isolated,165.0,18187.0
approach,2,,,,all_blocks,person_scenario,,,transition,redundant,fragile,204.0,12988.0
approach,2,,,,all_blocks,unique_person,,,transition,redundant,fragile,204.0,12988.0
approach,2,,,,all_blocks,person_scenario,,,transition,redundant,inundated,152.0,6526.0
approach,2,,,,all_blocks,unique_person,,,transition,redundant,inundated,152.0,6526.0
approach,2,,,,all_blocks,person_scenario,,,transition,redundant,isolated,215.0,15945.0
approach,2,,,,all_blocks,unique_person,,,transition,redundant,isolated,215.0,15945.0
approach,2,,,,all_blocks,person_scenario,,,transition,redundant,redundant,50885.0,3679312.0
approach,2,,,,all_blocks,unique_person,,,transition,redundant,redundant,50885.0,3679312.0
approach,2,,,,all_blocks,person_scenario,,,transition,unclassified,inundated,21.0,0.0
approach,2,,,,all_blocks,unique_person,,,transition,unclassified,inundated,21.0,0.0
approach,2,,,,all_blocks,person_scenario,,,transition,unclassified,unclassified,150.0,1847.0
approach,2,,,,all_blocks,unique_person,,,transition,unclassified,unclassified,150.0,1847.0
approach,3,,,,all_blocks,person_scenario,,,transition,fragile,fragile,16913.0,2261600.0
approach,3,,,,all_blocks,unique_person,,,transition,fragile,fragile,16913.0,2261600.0
approach,3,,,,all_blocks,person_scenario,,,transition,fragile,inundated,351.0,32319.0
approach,3,,,,all_blocks,unique_person,,,transition,fragile,inundated,351.0,32319.0
approach,3,,,,all_blocks,person_scenario,,,transition,fragile,isolated,450.0,87799.0
approach,3,,,,all_blocks,unique_person,,,transition,fragile,isolated,450.0,87799.0
approach,3,,,,all_blocks,person_scenario,,,transition,inundated,inundated,1178.0,20155.0
approach,3,,,,all_blocks,unique_person,,,transition,inundated,inundated,1178.0,20155.0
approach,3,,,,all_blocks,person_scenario,,,transition,isolated,inundated,38.0,4898.0
approach,3,,,,all_blocks,unique_person,,,transition,isolated,inundated,38.0,4898.0
approach,3,,,,all_blocks,person_scenario,,,transition,isolated,isolated,138.0,14944.0
approach,3,,,,all_blocks,unique_person,,,transition,isolated,isolated,138.0,14944.0
approach,3,,,,all_blocks,person_scenario,,,transition,redundant,fragile,477.0,40500.0
approach,3,,,,all_blocks,unique_person,,,transition,redundant,fragile,477.0,40500.0
approach,3,,,,all_blocks,person_scenario,,,transition,redundant,inundated,706.0,49088.0
approach,3,,,,all_blocks,unique_person,,,transition,redundant,inundated,706.0,49088.0
approach,3,,,,all_blocks,person_scenario,,,transition,redundant,isolated,751.0,64761.0
approach,3,,,,all_blocks,unique_person,,,transition,redundant,isolated,751.0,64761.0
approach,3,,,,all_blocks,person_scenario,,,transition,redundant,redundant,49522.0,3560422.0
approach,3,,,,all_blocks,unique_person,,,transition,redundant,redundant,49522.0,3560422.0
approach,3,,,,all_blocks,person_scenario,,,transition,unclassified,inundated,29.0,0.0
approach,3,,,,all_blocks,unique_person,,,transition,unclassified,inundated,29.0,0.0
approach,3,,,,all_blocks,person_scenario,,,transition,unclassified,unclassified,142.0,1847.0
approach,3,,,,all_blocks,unique_person,,,transition,unclassified,unclassified,142.0,1847.0
approach,4,,,,all_blocks,person_scenario,,,transition,fragile,fragile,16155.0,2139606.0
approach,4,,,,all_blocks,unique_person,,,transition,fragile,fragile,16155.0,2139606.0
approach,4,,,,all_blocks,person_scenario,,,transition,fragile,inundated,842.0,107677.0
approach,4,,,,all_blocks,unique_person,,,transition,fragile,inundated,842.0,107677.0
approach,4,,,,all_blocks,person_scenario,,,transition,fragile,isolated,717.0,134435.0
approach,4,,,,all_blocks,unique_person,,,transition,fragile,isolated,717.0,134435.0
approach,4,,,,all_blocks,person_scenario,,,transition,inundated,inundated,1178.0,20155.0
approach,4,,,,all_blocks,unique_person,,,transition,inundated,inundated,1178.0,20155.0
approach,4,,,,all_blocks,person_scenario,,,transition,isolated,inundated,75.0,8139.0
approach,4,,,,all_blocks,unique_person,,,transition,isolated,inundated,75.0,8139.0
approach,4,,,,all_blocks,person_scenario,,,transition,isolated,isolated,101.0,11703.0
approach,4,,,,all_blocks,unique_person,,,transition,isolated,isolated,101.0,11703.0
approach,4,,,,all_blocks,person_scenario,,,transition,redundant,fragile,734.0,57430.0
approach,4,,,,all_blocks,unique_person,,,transition,redundant,fragile,734.0,57430.0
approach,4,,,,all_blocks,person_scenario,,,transition,redundant,inundated,1876.0,135581.0
approach,4,,,,all_blocks,unique_person,,,transition,redundant,inundated,1876.0,135581.0
approach,4,,,,all_blocks,person_scenario,,,transition,redundant,isolated,1264.0,105277.0
approach,4,,,,all_blocks,unique_person,,,transition,redundant,isolated,1264.0,105277.0
approach,4,,,,all_blocks,person_scenario,,,transition,redundant,redundant,47582.0,3416483.0
approach,4,,,,all_blocks,unique_person,,,transition,redundant,redundant,47582.0,3416483.0
approach,4,,,,all_blocks,person_scenario,,,transition,unclassified,inundated,30.0,0.0
approach,4,,,,all_blocks,unique_person,,,transition,unclassified,inundated,30.0,0.0
approach,4,,,,all_blocks,person_scenario,,,transition,unclassified,unclassified,141.0,1847.0
approach,4,,,,all_blocks,unique_person,,,transition,unclassified,unclassified,141.0,1847.0
approach,5,,,,all_blocks,person_scenario,,,transition,fragile,fragile,14858.0,1963438.0
approach,5,,,,all_blocks,unique_person,,,transition,fragile,fragile,14858.0,1963438.0
approach,5,,,,all_blocks,person_scenario,,,transition,fragile,inundated,1795.0,246653.0
approach,5,,,,all_blocks,unique_person,,,transition,fragile,inundated,1795.0,246653.0
approach,5,,,,all_blocks,person_scenario,,,transition,fragile,isolated,1061.0,171627.0
approach,5,,,,all_blocks,unique_person,,,transition,fragile,isolated,1061.0,171627.0
approach,5,,,,all_blocks,person_scenario,,,transition,inundated,inundated,1178.0,20155.0
approach,5,,,,all_blocks,unique_person,,,transition,inundated,inundated,1178.0,20155.0
approach,5,,,,all_blocks,person_scenario,,,transition,isolated,inundated,115.0,10307.0
approach,5,,,,all_blocks,unique_person,,,transition,isolated,inundated,115.0,10307.0
approach,5,,,,all_blocks,person_scenario,,,transition,isolated,isolated,61.0,9535.0
approach,5,,,,all_blocks,unique_person,,,transition,isolated,isolated,61.0,9535.0
approach,5,,,,all_blocks,person_scenario,,,transition,redundant,fragile,1215.0,82627.0
approach,5,,,,all_blocks,unique_person,,,transition,redundant,fragile,1215.0,82627.0
approach,5,,,,all_blocks,person_scenario,,,transition,redundant,inundated,4451.0,318341.0
approach,5,,,,all_blocks,unique_person,,,transition,redundant,inundated,4451.0,318341.0
approach,5,,,,all_blocks,person_scenario,,,transition,redundant,isolated,2364.0,182212.0
approach,5,,,,all_blocks,unique_person,,,transition,redundant,isolated,2364.0,182212.0
approach,5,,,,all_blocks,person_scenario,,,transition,redundant,redundant,43426.0,3131591.0
approach,5,,,,all_blocks,unique_person,,,transition,redundant,redundant,43426.0,3131591.0
approach,5,,,,all_blocks,person_scenario,,,transition,unclassified,inundated,39.0,0.0
approach,5,,,,all_blocks,unique_person,,,transition,unclassified,inundated,39.0,0.0
approach,5,,,,all_blocks,person_scenario,,,transition,unclassified,unclassified,132.0,1847.0
approach,5,,,,all_blocks,unique_person,,,transition,unclassified,unclassified,132.0,1847.0
approach,6,,,,all_blocks,person_scenario,,,transition,fragile,fragile,12577.0,1589914.0
approach,6,,,,all_blocks,unique_person,,,transition,fragile,fragile,12577.0,1589914.0
approach,6,,,,all_blocks,person_scenario,,,transition,fragile,inundated,3583.0,546455.0
approach,6,,,,all_blocks,unique_person,,,transition,fragile,inundated,3583.0,546455.0
approach,6,,,,all_blocks,person_scenario,,,transition,fragile,isolated,1554.0,245349.0
approach,6,,,,all_blocks,unique_person,,,transition,fragile,isolated,1554.0,245349.0
approach,6,,,,all_blocks,person_scenario,,,transition,inundated,inundated,1178.0,20155.0
approach,6,,,,all_blocks,unique_person,,,transition,inundated,inundated,1178.0,20155.0
approach,6,,,,all_blocks,person_scenario,,,transition,isolated,inundated,138.0,11161.0
approach,6,,,,all_blocks,unique_person,,,transition,isolated,inundated,138.0,11161.0
approach,6,,,,all_blocks,person_scenario,,,transition,isolated,isolated,38.0,8681.0
approach,6,,,,all_blocks,unique_person,,,transition,isolated,isolated,38.0,8681.0
approach,6,,,,all_blocks,person_scenario,,,transition,redundant,fragile,1380.0,90028.0
approach,6,,,,all_blocks,unique_person,,,transition,redundant,fragile,1380.0,90028.0
approach,6,,,,all_blocks,person_scenario,,,transition,redundant,inundated,9774.0,769826.0
approach,6,,,,all_blocks,unique_person,,,transition,redundant,inundated,9774.0,769826.0
approach,6,,,,all_blocks,person_scenario,,,transition,redundant,isolated,4904.0,396417.0
approach,6,,,,all_blocks,unique_person,,,transition,redundant,isolated,4904.0,396417.0
approach,6,,,,all_blocks,person_scenario,,,transition,redundant,redundant,35398.0,2458500.0
approach,6,,,,all_blocks,unique_person,,,transition,redundant,redundant,35398.0,2458500.0
approach,6,,,,all_blocks,person_scenario,,,transition,unclassified,inundated,56.0,1328.0
approach,6,,,,all_blocks,unique_person,,,transition,unclassified,inundated,56.0,1328.0
approach,6,,,,all_blocks,person_scenario,,,transition,unclassified,unclassified,115.0,519.0
approach,6,,,,all_blocks,unique_person,,,transition,unclassified,unclassified,115.0,519.0
approach,0,,,,analysis_universe,person_scenario,,,transition,fragile,fragile,14697.0,2381142.0
approach,0,,,,analysis_universe,unique_person,,,transition,fragile,fragile,14697.0,2381142.0
approach,0,,,,analysis_universe,person_scenario,,,transition,inundated,inundated,93.0,20053.0
approach,0,,,,analysis_universe,unique_person,,,transition,inundated,inundated,93.0,20053.0
approach,0,,,,analysis_universe,person_scenario,,,transition,isolated,isolated,152.0,19842.0
approach,0,,,,analysis_universe,unique_person,,,transition,isolated,isolated,152.0,19842.0
approach,0,,,,analysis_universe,person_scenario,,,transition,redundant,redundant,40439.0,3714651.0
approach,0,,,,analysis_universe,unique_person,,,transition,redundant,redundant,40439.0,3714651.0
approach,1,,,,analysis_universe,person_scenario,,,transition,fragile,fragile,14675.0,2377201.0
approach,1,,,,analysis_universe,unique_person,,,transition,fragile,fragile,14675.0,2377201.0
approach,1,,,,analysis_universe,person_scenario,,,transition,fragile,inundated,18.0,3589.0
approach,1,,,,analysis_universe,unique_person,,,transition,fragile,inundated,18.0,3589.0
approach,1,,,,analysis_universe,person_scenario,,,transition,fragile,isolated,4.0,352.0
approach,1,,,,analysis_universe,unique_person,,,transition,fragile,isolated,4.0,352.0
approach,1,,,,analysis_universe,person_scenario,,,transition,inundated,inundated,93.0,20053.0
approach,1,,,,analysis_universe,unique_person,,,transition,inundated,inundated,93.0,20053.0
approach,1,,,,analysis_universe,person_scenario,,,transition,isolated,isolated,152.0,19842.0
approach,1,,,,analysis_universe,unique_person,,,transition,isolated,isolated,152.0,19842.0
approach,1,,,,analysis_universe,person_scenario,,,transition,redundant,fragile,3.0,56.0
approach,1,,,,analysis_universe,unique_person,,,transition,redundant,fragile,3.0,56.0
approach,1,,,,analysis_universe,person_scenario,,,transition,redundant,inundated,9.0,1264.0
approach,1,,,,analysis_universe,unique_person,,,transition,redundant,inundated,9.0,1264.0
approach,1,,,,analysis_universe,person_scenario,,,transition,redundant,isolated,9.0,262.0
approach,1,,,,analysis_universe,unique_person,,,transition,redundant,isolated,9.0,262.0
approach,1,,,,analysis_universe,person_scenario,,,transition,redundant,redundant,40418.0,3713069.0
approach,1,,,,analysis_universe,unique_person,,,transition,redundant,redundant,40418.0,3713069.0
approach,2,,,,analysis_universe,person_scenario,,,transition,fragile,fragile,14511.0,2353484.0
approach,2,,,,analysis_universe,unique_person,,,transition,fragile,fragile,14511.0,2353484.0
approach,2,,,,analysis_universe,person_scenario,,,transition,fragile,inundated,50.0,9254.0
approach,2,,,,analysis_universe,unique_person,,,transition,fragile,inundated,50.0,9254.0
approach,2,,,,analysis_universe,person_scenario,,,transition,fragile,isolated,136.0,18404.0
approach,2,,,,analysis_universe,unique_person,,,transition,fragile,isolated,136.0,18404.0
approach,2,,,,analysis_universe,person_scenario,,,transition,inundated,inundated,93.0,20053.0
approach,2,,,,analysis_universe,unique_person,,,transition,inundated,inundated,93.0,20053.0
approach,2,,,,analysis_universe,person_scenario,,,transition,isolated,inundated,7.0,1655.0
approach,2,,,,analysis_universe,unique_person,,,transition,isolated,inundated,7.0,1655.0
approach,2,,,,analysis_universe,person_scenario,,,transition,isolated,isolated,145.0,18187.0
approach,2,,,,analysis_universe,unique_person,,,transition,isolated,isolated,145.0,18187.0
approach,2,,,,analysis_universe,person_scenario,,,transition,redundant,fragile,160.0,12988.0
approach,2,,,,analysis_universe,unique_person,,,transition,redundant,fragile,160.0,12988.0
approach,2,,,,analysis_universe,person_scenario,,,transition,redundant,inundated,98.0,6526.0
approach,2,,,,analysis_universe,unique_person,,,transition,redundant,inundated,98.0,6526.0
approach,2,,,,analysis_universe,person_scenario,,,transition,redundant,isolated,187.0,15945.0
approach,2,,,,analysis_universe,unique_person,,,transition,redundant,isolated,187.0,15945.0
approach,2,,,,analysis_universe,person_scenario,,,transition,redundant,redundant,39994.0,3679192.0
approach,2,,,,analysis_universe,unique_person,,,transition,redundant,redundant,39994.0,3679192.0
approach,3,,,,analysis_universe,person_scenario,,,transition,fragile,fragile,14092.0,2261024.0
approach,3,,,,analysis_universe,unique_person,,,transition,fragile,fragile,14092.0,2261024.0
approach,3,,,,analysis_universe,person_scenario,,,transition,fragile,inundated,197.0,32319.0
approach,3,,,,analysis_universe,unique_person,,,transition,fragile,inundated,197.0,32319.0
approach,3,,,,analysis_universe,person_scenario,,,transition,fragile,isolated,408.0,87799.0
approach,3,,,,analysis_universe,unique_person,,,transition,fragile,isolated,408.0,87799.0
approach,3,,,,analysis_universe,person_scenario,,,transition,inundated,inundated,93.0,20053.0
approach,3,,,,analysis_universe,unique_person,,,transition,inundated,inundated,93.0,20053.0
approach,3,,,,analysis_universe,person_scenario,,,transition,isolated,inundated,29.0,4898.0
approach,3,,,,analysis_universe,unique_person,,,transition,isolated,inundated,29.0,4898.0
approach,3,,,,analysis_universe,person_scenario,,,transition,isolated,isolated,123.0,14944.0
approach,3,,,,analysis_universe,unique_person,,,transition,isolated,isolated,123.0,14944.0
approach,3,,,,analysis_universe,person_scenario,,,transition,redundant,fragile,380.0,40500.0
approach,3,,,,analysis_universe,unique_person,,,transition,redundant,fragile,380.0,40500.0
approach,3,,,,analysis_universe,person_scenario,,,transition,redundant,inundated,532.0,49088.0
approach,3,,,,analysis_universe,unique_person,,,transition,redundant,inundated,532.0,49088.0
approach,3,,,,analysis_universe,person_scenario,,,transition,redundant,isolated,642.0,64761.0
approach,3,,,,analysis_universe,unique_person,,,transition,redundant,isolated,642.0,64761.0
approach,3,,,,analysis_universe,person_scenario,,,transition,redundant,redundant,38885.0,3560302.0
approach,3,,,,analysis_universe,unique_person,,,transition,redundant,redundant,38885.0,3560302.0
approach,4,,,,analysis_universe,person_scenario,,,transition,fragile,fragile,13518.0,2139061.0
approach,4,,,,analysis_universe,unique_person,,,transition,fragile,fragile,13518.0,2139061.0
approach,4,,,,analysis_universe,person_scenario,,,transition,fragile,inundated,565.0,107646.0
approach,4,,,,analysis_universe,unique_person,,,transition,fragile,inundated,565.0,107646.0
approach,4,,,,analysis_universe,person_scenario,,,transition,fragile,isolated,614.0,134435.0
approach,4,,,,analysis_universe,unique_person,,,transition,fragile,isolated,614.0,134435.0
approach,4,,,,analysis_universe,person_scenario,,,transition,inundated,inundated,93.0,20053.0
approach,4,,,,analysis_universe,unique_person,,,transition,inundated,inundated,93.0,20053.0
approach,4,,,,analysis_universe,person_scenario,,,transition,isolated,inundated,60.0,8139.0
approach,4,,,,analysis_universe,unique_person,,,transition,isolated,inundated,60.0,8139.0
approach,4,,,,analysis_universe,person_scenario,,,transition,isolated,isolated,92.0,11703.0
approach,4,,,,analysis_universe,unique_person,,,transition,isolated,isolated,92.0,11703.0
approach,4,,,,analysis_universe,person_scenario,,,transition,redundant,fragile,560.0,57430.0
approach,4,,,,analysis_universe,unique_person,,,transition,redundant,fragile,560.0,57430.0
approach,4,,,,analysis_universe,person_scenario,,,transition,redundant,inundated,1376.0,135581.0
approach,4,,,,analysis_universe,unique_person,,,transition,redundant,inundated,1376.0,135581.0
approach,4,,,,analysis_universe,person_scenario,,,transition,redundant,isolated,1025.0,105277.0
approach,4,,,,analysis_universe,unique_person,,,transition,redundant,isolated,1025.0,105277.0
approach,4,,,,analysis_universe,person_scenario,,,transition,redundant,redundant,37478.0,3416363.0
approach,4,,,,analysis_universe,unique_person,,,transition,redundant,redundant,37478.0,3416363.0
approach,5,,,,analysis_universe,person_scenario,,,transition,fragile,fragile,12517.0,1962893.0
approach,5,,,,analysis_universe,unique_person,,,transition,fragile,fragile,12517.0,1962893.0
approach,5,,,,analysis_universe,person_scenario,,,transition,fragile,inundated,1282.0,246622.0
approach,5,,,,analysis_universe,unique_person,,,transition,fragile,inundated,1282.0,246622.0
approach,5,,,,analysis_universe,person_scenario,,,transition,fragile,isolated,898.0,171627.0
approach,5,,,,analysis_universe,unique_person,,,transition,fragile,isolated,898.0,171627.0
approach,5,,,,analysis_universe,person_scenario,,,transition,inundated,inundated,93.0,20053.0
approach,5,,,,analysis_universe,unique_person,,,transition,inundated,inundated,93.0,20053.0
approach,5,,,,analysis_universe,person_scenario,,,transition,isolated,inundated,100.0,10307.0
approach,5,,,,analysis_universe,unique_person,,,transition,isolated,inundated,100.0,10307.0
approach,5,,,,analysis_universe,person_scenario,,,transition,isolated,isolated,52.0,9535.0
approach,5,,,,analysis_universe,unique_person,,,transition,isolated,isolated,52.0,9535.0
approach,5,,,,analysis_universe,person_scenario,,,transition,redundant,fragile,896.0,82627.0
approach,5,,,,analysis_universe,unique_person,,,transition,redundant,fragile,896.0,82627.0
approach,5,,,,analysis_universe,person_scenario,,,transition,redundant,inundated,3308.0,318336.0
approach,5,,,,analysis_universe,unique_person,,,transition,redundant,inundated,3308.0,318336.0
approach,5,,,,analysis_universe,person_scenario,,,transition,redundant,isolated,1969.0,182212.0
approach,5,,,,analysis_universe,unique_person,,,transition,redundant,isolated,1969.0,182212.0
approach,5,,,,analysis_universe,person_scenario,,,transition,redundant,redundant,34266.0,3131476.0
approach,5,,,,analysis_universe,unique_person,,,transition,redundant,redundant,34266.0,3131476.0
approach,6,,,,analysis_universe,person_scenario,,,transition,fragile,fragile,10669.0,1589888.0
approach,6,,,,analysis_universe,unique_person,,,transition,fragile,fragile,10669.0,1589888.0
approach,6,,,,analysis_universe,person_scenario,,,transition,fragile,inundated,2719.0,545905.0
approach,6,,,,analysis_universe,unique_person,,,transition,fragile,inundated,2719.0,545905.0
approach,6,,,,analysis_universe,person_scenario,,,transition,fragile,isolated,1309.0,245349.0
approach,6,,,,analysis_universe,unique_person,,,transition,fragile,isolated,1309.0,245349.0
approach,6,,,,analysis_universe,person_scenario,,,transition,inundated,inundated,93.0,20053.0
approach,6,,,,analysis_universe,unique_person,,,transition,inundated,inundated,93.0,20053.0
approach,6,,,,analysis_universe,person_scenario,,,transition,isolated,inundated,119.0,11161.0
approach,6,,,,analysis_universe,unique_person,,,transition,isolated,inundated,119.0,11161.0
approach,6,,,,analysis_universe,person_scenario,,,transition,isolated,isolated,33.0,8681.0
approach,6,,,,analysis_universe,unique_person,,,transition,isolated,isolated,33.0,8681.0
approach,6,,,,analysis_universe,person_scenario,,,transition,redundant,fragile,923.0,90028.0
approach,6,,,,analysis_universe,unique_person,,,transition,redundant,fragile,923.0,90028.0
approach,6,,,,analysis_universe,person_scenario,,,transition,redundant,inundated,7463.0,769821.0
approach,6,,,,analysis_universe,unique_person,,,transition,redundant,inundated,7463.0,769821.0
approach,6,,,,analysis_universe,person_scenario,,,transition,redundant,isolated,4099.0,396417.0
approach,6,,,,analysis_universe,unique_person,,,transition,redundant,isolated,4099.0,396417.0
approach,6,,,,analysis_universe,person_scenario,,,transition,redundant,redundant,27954.0,2458385.0
approach,6,,,,analysis_universe,unique_person,,,transition,redundant,redundant,27954.0,2458385.0
retain,0,,,,all_blocks,person_scenario,,,transition,fragile,fragile,17747.0,2386249.0
retain,0,,,,all_blocks,unique_person,,,transition,fragile,fragile,17747.0,2386249.0
retain,0,,,,all_blocks,person_scenario,,,transition,inundated,inundated,1178.0,20155.0
retain,0,,,,all_blocks,unique_person,,,transition,inundated,inundated,1178.0,20155.0
retain,0,,,,all_blocks,person_scenario,,,transition,isolated,isolated,143.0,15311.0
retain,0,,,,all_blocks,unique_person,,,transition,isolated,isolated,143.0,15311.0
retain,0,,,,all_blocks,person_scenario,,,transition,redundant,redundant,51456.0,3714771.0
retain,0,,,,all_blocks,unique_person,,,transition,redundant,redundant,51456.0,3714771.0
retain,0,,,,all_blocks,person_scenario,,,transition,unclassified,unclassified,171.0,1847.0
retain,0,,,,all_blocks,unique_person,,,transition,unclassified,unclassified,171.0,1847.0
retain,1,,,,all_blocks,person_scenario,,,transition,fragile,fragile,17676.0,2382308.0
retain,1,,,,all_blocks,unique_person,,,transition,fragile,fragile,17676.0,2382308.0
retain,1,,,,all_blocks,person_scenario,,,transition,fragile,inundated,66.0,3589.0
retain,1,,,,all_blocks,unique_person,,,transition,fragile,inundated,66.0,3589.0
retain,1,,,,all_blocks,person_scenario,,,transition,fragile,isolated,5.0,352.0
retain,1,,,,all_blocks,unique_person,,,transition,fragile,isolated,5.0,352.0
retain,1,,,,all_blocks,person_scenario,,,transition,inundated,inundated,1178.0,20155.0
retain,1,,,,all_blocks,unique_person,,,transition,inundated,inundated,1178.0,20155.0
retain,1,,,,all_blocks,person_scenario,,,transition,isolated,inundated,1.0,0.0
retain,1,,,,all_blocks,unique_person,,,transition,isolated,inundated,1.0,0.0
retain,1,,,,all_blocks,person_scenario,,,transition,isolated,isolated,142.0,15311.0
retain,1,,,,all_blocks,unique_person,,,transition,isolated,isolated,142.0,15311.0
retain,1,,,,all_blocks,person_scenario,,,transition,redundant,fragile,5.0,56.0
retain,1,,,,all_blocks,unique_person,,,transition,redundant,fragile,5.0,56.0
retain,1,,,,all_blocks,person_scenario,,,transition,redundant,inundated,31.0,1264.0
retain,1,,,,all_blocks,unique_person,,,transition,redundant,inundated,31.0,1264.0
retain,1,,,,all_blocks,person_scenario,,,transition,redundant,isolated,9.0,262.0
retain,1,,,,all_blocks,unique_person,,,transition,redundant,isolated,9.0,262.0
retain,1,,,,all_blocks,person_scenario,,,transition,redundant,redundant,51411.0,3713189.0
retain,1,,,,all_blocks,unique_person,,,transition,redundant,redundant,51411.0,3713189.0
retain,1,,,,all_blocks,person_scenario,,,transition,unclassified,inundated,15.0,0.0
retain,1,,,,all_blocks,unique_person,,,transition,unclassified,inundated,15.0,0.0
retain,1,,,,all_blocks,person_scenario,,,transition,unclassified,unclassified,156.0,1847.0
retain,1,,,,all_blocks,unique_person,,,transition,unclassified,unclassified,156.0,1847.0
retain,2,,,,all_blocks,person_scenario,,,transition,fragile,fragile,17454.0,2358507.0
retain,2,,,,all_blocks,unique_person,,,transition,fragile,fragile,17454.0,2358507.0
retain,2,,,,all_blocks,person_scenario,,,transition,fragile,inundated,129.0,9254.0
retain,2,,,,all_blocks,unique_person,,,transition,fragile,inundated,129.0,9254.0
retain,2,,,,all_blocks,person_scenario,,,transition,fragile,isolated,164.0,18488.0
retain,2,,,,all_blocks,unique_person,,,transition,fragile,isolated,164.0,18488.0
retain,2,,,,all_blocks,person_scenario,,,transition,inundated,inundated,1178.0,20155.0
retain,2,,,,all_blocks,unique_person,,,transition,inundated,inundated,1178.0,20155.0
retain,2,,,,all_blocks,person_scenario,,,transition,isolated,inundated,10.0,1655.0
retain,2,,,,all_blocks,unique_person,,,transition,isolated,inundated,10.0,1655.0
retain,2,,,,all_blocks,person_scenario,,,transition,isolated,isolated,133.0,13656.0
retain,2,,,,all_blocks,unique_person,,,transition,isolated,isolated,133.0,13656.0
retain,2,,,,all_blocks,person_scenario,,,transition,redundant,fragile,204.0,12988.0
retain,2,,,,all_blocks,unique_person,,,transition,redundant,fragile,204.0,12988.0
retain,2,,,,all_blocks,person_scenario,,,transition,redundant,inundated,152.0,6526.0
retain,2,,,,all_blocks,unique_person,,,transition,redundant,inundated,152.0,6526.0
retain,2,,,,all_blocks,person_scenario,,,transition,redundant,isolated,215.0,15945.0
retain,2,,,,all_blocks,unique_person,,,transition,redundant,isolated,215.0,15945.0
retain,2,,,,all_blocks,person_scenario,,,transition,redundant,redundant,50885.0,3679312.0
retain,2,,,,all_blocks,unique_person,,,transition,redundant,redundant,50885.0,3679312.0
retain,2,,,,all_blocks,person_scenario,,,transition,unclassified,inundated,21.0,0.0
retain,2,,,,all_blocks,unique_person,,,transition,unclassified,inundated,21.0,0.0
retain,2,,,,all_blocks,person_scenario,,,transition,unclassified,unclassified,150.0,1847.0
retain,2,,,,all_blocks,unique_person,,,transition,unclassified,unclassified,150.0,1847.0
retain,3,,,,all_blocks,person_scenario,,,transition,fragile,fragile,16934.0,2265588.0
retain,3,,,,all_blocks,unique_person,,,transition,fragile,fragile,16934.0,2265588.0
retain,3,,,,all_blocks,person_scenario,,,transition,fragile,inundated,357.0,32645.0
retain,3,,,,all_blocks,unique_person,,,transition,fragile,inundated,357.0,32645.0
retain,3,,,,all_blocks,person_scenario,,,transition,fragile,isolated,456.0,88016.0
retain,3,,,,all_blocks,unique_person,,,transition,fragile,isolated,456.0,88016.0
retain,3,,,,all_blocks,person_scenario,,,transition,inundated,inundated,1178.0,20155.0
retain,3,,,,all_blocks,unique_person,,,transition,inundated,inundated,1178.0,20155.0
retain,3,,,,all_blocks,person_scenario,,,transition,isolated,inundated,32.0,4572.0
retain,3,,,,all_blocks,unique_person,,,transition,isolated,inundated,32.0,4572.0
retain,3,,,,all_blocks,person_scenario,,,transition,isolated,isolated,111.0,10739.0
retain,3,,,,all_blocks,unique_person,,,transition,isolated,isolated,111.0,10739.0
retain,3,,,,all_blocks,person_scenario,,,transition,redundant,fragile,478.0,41683.0
retain,3,,,,all_blocks,unique_person,,,transition,redundant,fragile,478.0,41683.0
retain,3,,,,all_blocks,person_scenario,,,transition,redundant,inundated,706.0,49088.0
retain,3,,,,all_blocks,unique_person,,,transition,redundant,inundated,706.0,49088.0
retain,3,,,,all_blocks,person_scenario,,,transition,redundant,isolated,750.0,63578.0
retain,3,,,,all_blocks,unique_person,,,transition,redundant,isolated,750.0,63578.0
retain,3,,,,all_blocks,person_scenario,,,transition,redundant,redundant,49522.0,3560422.0
retain,3,,,,all_blocks,unique_person,,,transition,redundant,redundant,49522.0,3560422.0
retain,3,,,,all_blocks,person_scenario,,,transition,unclassified,inundated,29.0,0.0
retain,3,,,,all_blocks,unique_person,,,transition,unclassified,inundated,29.0,0.0
retain,3,,,,all_blocks,person_scenario,,,transition,unclassified,unclassified,142.0,1847.0
retain,3,,,,all_blocks,unique_person,,,transition,unclassified,unclassified,142.0,1847.0
retain,4,,,,all_blocks,person_scenario,,,transition,fragile,fragile,16170.0,2141750.0
retain,4,,,,all_blocks,unique_person,,,transition,fragile,fragile,16170.0,2141750.0
retain,4,,,,all_blocks,person_scenario,,,transition,fragile,inundated,854.0,109863.0
retain,4,,,,all_blocks,unique_person,,,transition,fragile,inundated,854.0,109863.0
retain,4,,,,all_blocks,person_scenario,,,transition,fragile,isolated,723.0,134636.0
retain,4,,,,all_blocks,unique_person,,,transition,fragile,isolated,723.0,134636.0
retain,4,,,,all_blocks,person_scenario,,,transition,inundated,inundated,1178.0,20155.0
retain,4,,,,all_blocks,unique_person,,,transition,inundated,inundated,1178.0,20155.0
retain,4,,,,all_blocks,person_scenario,,,transition,isolated,inundated,63.0,5953.0
retain,4,,,,all_blocks,unique_person,,,transition,isolated,inundated,63.0,5953.0
retain,4,,,,all_blocks,person_scenario,,,transition,isolated,isolated,80.0,9358.0
retain,4,,,,all_blocks,unique_person,,,transition,isolated,isolated,80.0,9358.0
retain,4,,,,all_blocks,person_scenario,,,transition,redundant,fragile,735.0,58613.0
retain,4,,,,all_blocks,unique_person,,,transition,redundant,fragile,735.0,58613.0
retain,4,,,,all_blocks,person_scenario,,,transition,redundant,inundated,1876.0,135581.0
retain,4,,,,all_blocks,unique_person,,,transition,redundant,inundated,1876.0,135581.0
retain,4,,,,all_blocks,person_scenario,,,transition,redundant,isolated,1263.0,104094.0
retain,4,,,,all_blocks,unique_person,,,transition,redundant,isolated,1263.0,104094.0
retain,4,,,,all_blocks,person_scenario,,,transition,redundant,redundant,47582.0,3416483.0
retain,4,,,,all_blocks,unique_person,,,transition,redundant,redundant,47582.0,3416483.0
retain,4,,,,all_blocks,person_scenario,,,transition,unclassified,inundated,30.0,0.0
retain,4,,,,all_blocks,unique_person,,,transition,unclassified,inundated,30.0,0.0
retain,4,,,,all_blocks,person_scenario,,,transition,unclassified,unclassified,141.0,1847.0
retain,4,,,,all_blocks,unique_person,,,transition,unclassified,unclassified,141.0,1847.0
retain,5,,,,all_blocks,person_scenario,,,transition,fragile,fragile,14870.0,1964781.0
retain,5,,,,all_blocks,unique_person,,,transition,fragile,fragile,14870.0,1964781.0
retain,5,,,,all_blocks,person_scenario,,,transition,fragile,inundated,1811.0,249670.0
retain,5,,,,all_blocks,unique_person,,,transition,fragile,inundated,1811.0,249670.0
retain,5,,,,all_blocks,person_scenario,,,transition,fragile,isolated,1066.0,171798.0
retain,5,,,,all_blocks,unique_person,,,transition,fragile,isolated,1066.0,171798.0
retain,5,,,,all_blocks,person_scenario,,,transition,inundated,inundated,1178.0,20155.0
retain,5,,,,all_blocks,unique_person,,,transition,inundated,inundated,1178.0,20155.0
retain,5,,,,all_blocks,person_scenario,,,transition,isolated,inundated,99.0,7290.0
retain,5,,,,all_blocks,unique_person,,,transition,isolated,inundated,99.0,7290.0
retain,5,,,,all_blocks,person_scenario,,,transition,isolated,isolated,44.0,8021.0
retain,5,,,,all_blocks,unique_person,,,transition,isolated,isolated,44.0,8021.0
retain,5,,,,all_blocks,person_scenario,,,transition,redundant,fragile,1217.0,82979.0
retain,5,,,,all_blocks,unique_person,,,transition,redundant,fragile,1217.0,82979.0
retain,5,,,,all_blocks,person_scenario,,,transition,redundant,inundated,4451.0,318341.0
retain,5,,,,all_blocks,unique_person,,,transition,redundant,inundated,4451.0,318341.0
retain,5,,,,all_blocks,person_scenario,,,transition,redundant,isolated,2362.0,181860.0
retain,5,,,,all_blocks,unique_person,,,transition,redundant,isolated,2362.0,181860.0
retain,5,,,,all_blocks,person_scenario,,,transition,redundant,redundant,43426.0,3131591.0
retain,5,,,,all_blocks,unique_person,,,transition,redundant,redundant,43426.0,3131591.0
retain,5,,,,all_blocks,person_scenario,,,transition,unclassified,inundated,39.0,0.0
retain,5,,,,all_blocks,unique_person,,,transition,unclassified,inundated,39.0,0.0
retain,5,,,,all_blocks,person_scenario,,,transition,unclassified,unclassified,132.0,1847.0
retain,5,,,,all_blocks,unique_person,,,transition,unclassified,unclassified,132.0,1847.0
retain,6,,,,all_blocks,person_scenario,,,transition,fragile,fragile,12589.0,1591257.0
retain,6,,,,all_blocks,unique_person,,,transition,fragile,fragile,12589.0,1591257.0
retain,6,,,,all_blocks,person_scenario,,,transition,fragile,inundated,3602.0,549588.0
retain,6,,,,all_blocks,unique_person,,,transition,fragile,inundated,3602.0,549588.0
retain,6,,,,all_blocks,person_scenario,,,transition,fragile,isolated,1556.0,245404.0
retain,6,,,,all_blocks,unique_person,,,transition,fragile,isolated,1556.0,245404.0
retain,6,,,,all_blocks,person_scenario,,,transition,inundated,inundated,1178.0,20155.0
retain,6,,,,all_blocks,unique_person,,,transition,inundated,inundated,1178.0,20155.0
retain,6,,,,all_blocks,person_scenario,,,transition,isolated,inundated,119.0,8028.0
retain,6,,,,all_blocks,unique_person,,,transition,isolated,inundated,119.0,8028.0
retain,6,,,,all_blocks,person_scenario,,,transition,isolated,isolated,24.0,7283.0
retain,6,,,,all_blocks,unique_person,,,transition,isolated,isolated,24.0,7283.0
retain,6,,,,all_blocks,person_scenario,,,transition,redundant,fragile,1381.0,90028.0
retain,6,,,,all_blocks,unique_person,,,transition,redundant,fragile,1381.0,90028.0
retain,6,,,,all_blocks,person_scenario,,,transition,redundant,inundated,9774.0,769826.0
retain,6,,,,all_blocks,unique_person,,,transition,redundant,inundated,9774.0,769826.0
retain,6,,,,all_blocks,person_scenario,,,transition,redundant,isolated,4903.0,396417.0
retain,6,,,,all_blocks,unique_person,,,transition,redundant,isolated,4903.0,396417.0
retain,6,,,,all_blocks,person_scenario,,,transition,redundant,redundant,35398.0,2458500.0
retain,6,,,,all_blocks,unique_person,,,transition,redundant,redundant,35398.0,2458500.0
retain,6,,,,all_blocks,person_scenario,,,transition,unclassified,inundated,56.0,1328.0
retain,6,,,,all_blocks,unique_person,,,transition,unclassified,inundated,56.0,1328.0
retain,6,,,,all_blocks,person_scenario,,,transition,unclassified,unclassified,115.0,519.0
retain,6,,,,all_blocks,unique_person,,,transition,unclassified,unclassified,115.0,519.0
retain,0,,,,analysis_universe,person_scenario,,,transition,fragile,fragile,14722.0,2385673.0
retain,0,,,,analysis_universe,unique_person,,,transition,fragile,fragile,14722.0,2385673.0
retain,0,,,,analysis_universe,person_scenario,,,transition,inundated,inundated,93.0,20053.0
retain,0,,,,analysis_universe,unique_person,,,transition,inundated,inundated,93.0,20053.0
retain,0,,,,analysis_universe,person_scenario,,,transition,isolated,isolated,127.0,15311.0
retain,0,,,,analysis_universe,unique_person,,,transition,isolated,isolated,127.0,15311.0
retain,0,,,,analysis_universe,person_scenario,,,transition,redundant,redundant,40439.0,3714651.0
retain,0,,,,analysis_universe,unique_person,,,transition,redundant,redundant,40439.0,3714651.0
retain,1,,,,analysis_universe,person_scenario,,,transition,fragile,fragile,14700.0,2381732.0
retain,1,,,,analysis_universe,unique_person,,,transition,fragile,fragile,14700.0,2381732.0
retain,1,,,,analysis_universe,person_scenario,,,transition,fragile,inundated,18.0,3589.0
retain,1,,,,analysis_universe,unique_person,,,transition,fragile,inundated,18.0,3589.0
retain,1,,,,analysis_universe,person_scenario,,,transition,fragile,isolated,4.0,352.0
retain,1,,,,analysis_universe,unique_person,,,transition,fragile,isolated,4.0,352.0
retain,1,,,,analysis_universe,person_scenario,,,transition,inundated,inundated,93.0,20053.0
retain,1,,,,analysis_universe,unique_person,,,transition,inundated,inundated,93.0,20053.0
retain,1,,,,analysis_universe,person_scenario,,,transition,isolated,isolated,127.0,15311.0
retain,1,,,,analysis_universe,unique_person,,,transition,isolated,isolated,127.0,15311.0
retain,1,,,,analysis_universe,person_scenario,,,transition,redundant,fragile,3.0,56.0
retain,1,,,,analysis_universe,unique_person,,,transition,redundant,fragile,3.0,56.0
retain,1,,,,analysis_universe,person_scenario,,,transition,redundant,inundated,9.0,1264.0
retain,1,,,,analysis_universe,unique_person,,,transition,redundant,inundated,9.0,1264.0
retain,1,,,,analysis_universe,person_scenario,,,transition,redundant,isolated,9.0,262.0
retain,1,,,,analysis_universe,unique_person,,,transition,redundant,isolated,9.0,262.0
retain,1,,,,analysis_universe,person_scenario,,,transition,redundant,redundant,40418.0,3713069.0
retain,1,,,,analysis_universe,unique_person,,,transition,redundant,redundant,40418.0,3713069.0
retain,2,,,,analysis_universe,person_scenario,,,transition,fragile,fragile,14531.0,2357931.0
retain,2,,,,analysis_universe,unique_person,,,transition,fragile,fragile,14531.0,2357931.0
retain,2,,,,analysis_universe,person_scenario,,,transition,fragile,inundated,50.0,9254.0
retain,2,,,,analysis_universe,unique_person,,,transition,fragile,inundated,50.0,9254.0
retain,2,,,,analysis_universe,person_scenario,,,transition,fragile,isolated,141.0,18488.0
retain,2,,,,analysis_universe,unique_person,,,transition,fragile,isolated,141.0,18488.0
retain,2,,,,analysis_universe,person_scenario,,,transition,inundated,inundated,93.0,20053.0
retain,2,,,,analysis_universe,unique_person,,,transition,inundated,inundated,93.0,20053.0
retain,2,,,,analysis_universe,person_scenario,,,transition,isolated,inundated,7.0,1655.0
retain,2,,,,analysis_universe,unique_person,,,transition,isolated,inundated,7.0,1655.0
retain,2,,,,analysis_universe,person_scenario,,,transition,isolated,isolated,120.0,13656.0
retain,2,,,,analysis_universe,unique_person,,,transition,isolated,isolated,120.0,13656.0
retain,2,,,,analysis_universe,person_scenario,,,transition,redundant,fragile,160.0,12988.0
retain,2,,,,analysis_universe,unique_person,,,transition,redundant,fragile,160.0,12988.0
retain,2,,,,analysis_universe,person_scenario,,,transition,redundant,inundated,98.0,6526.0
retain,2,,,,analysis_universe,unique_person,,,transition,redundant,inundated,98.0,6526.0
retain,2,,,,analysis_universe,person_scenario,,,transition,redundant,isolated,187.0,15945.0
retain,2,,,,analysis_universe,unique_person,,,transition,redundant,isolated,187.0,15945.0
retain,2,,,,analysis_universe,person_scenario,,,transition,redundant,redundant,39994.0,3679192.0
retain,2,,,,analysis_universe,unique_person,,,transition,redundant,redundant,39994.0,3679192.0
retain,3,,,,analysis_universe,person_scenario,,,transition,fragile,fragile,14107.0,2265012.0
retain,3,,,,analysis_universe,unique_person,,,transition,fragile,fragile,14107.0,2265012.0
retain,3,,,,analysis_universe,person_scenario,,,transition,fragile,inundated,202.0,32645.0
retain,3,,,,analysis_universe,unique_person,,,transition,fragile,inundated,202.0,32645.0
retain,3,,,,analysis_universe,person_scenario,,,transition,fragile,isolated,413.0,88016.0
retain,3,,,,analysis_universe,unique_person,,,transition,fragile,isolated,413.0,88016.0
retain,3,,,,analysis_universe,person_scenario,,,transition,inundated,inundated,93.0,20053.0
retain,3,,,,analysis_universe,unique_person,,,transition,inundated,inundated,93.0,20053.0
retain,3,,,,analysis_universe,person_scenario,,,transition,isolated,inundated,24.0,4572.0
retain,3,,,,analysis_universe,unique_person,,,transition,isolated,inundated,24.0,4572.0
retain,3,,,,analysis_universe,person_scenario,,,transition,isolated,isolated,103.0,10739.0
retain,3,,,,analysis_universe,unique_person,,,transition,isolated,isolated,103.0,10739.0
retain,3,,,,analysis_universe,person_scenario,,,transition,redundant,fragile,381.0,41683.0
retain,3,,,,analysis_universe,unique_person,,,transition,redundant,fragile,381.0,41683.0
retain,3,,,,analysis_universe,person_scenario,,,transition,redundant,inundated,532.0,49088.0
retain,3,,,,analysis_universe,unique_person,,,transition,redundant,inundated,532.0,49088.0
retain,3,,,,analysis_universe,person_scenario,,,transition,redundant,isolated,641.0,63578.0
retain,3,,,,analysis_universe,unique_person,,,transition,redundant,isolated,641.0,63578.0
retain,3,,,,analysis_universe,person_scenario,,,transition,redundant,redundant,38885.0,3560302.0
retain,3,,,,analysis_universe,unique_person,,,transition,redundant,redundant,38885.0,3560302.0
retain,4,,,,analysis_universe,person_scenario,,,transition,fragile,fragile,13530.0,2141205.0
retain,4,,,,analysis_universe,unique_person,,,transition,fragile,fragile,13530.0,2141205.0
retain,4,,,,analysis_universe,person_scenario,,,transition,fragile,inundated,574.0,109832.0
retain,4,,,,analysis_universe,unique_person,,,transition,fragile,inundated,574.0,109832.0
retain,4,,,,analysis_universe,person_scenario,,,transition,fragile,isolated,618.0,134636.0
retain,4,,,,analysis_universe,unique_person,,,transition,fragile,isolated,618.0,134636.0
retain,4,,,,analysis_universe,person_scenario,,,transition,inundated,inundated,93.0,20053.0
retain,4,,,,analysis_universe,unique_person,,,transition,inundated,inundated,93.0,20053.0
retain,4,,,,analysis_universe,person_scenario,,,transition,isolated,inundated,51.0,5953.0
retain,4,,,,analysis_universe,unique_person,,,transition,isolated,inundated,51.0,5953.0
retain,4,,,,analysis_universe,person_scenario,,,transition,isolated,isolated,76.0,9358.0
retain,4,,,,analysis_universe,unique_person,,,transition,isolated,isolated,76.0,9358.0
retain,4,,,,analysis_universe,person_scenario,,,transition,redundant,fragile,561.0,58613.0
retain,4,,,,analysis_universe,unique_person,,,transition,redundant,fragile,561.0,58613.0
retain,4,,,,analysis_universe,person_scenario,,,transition,redundant,inundated,1376.0,135581.0
retain,4,,,,analysis_universe,unique_person,,,transition,redundant,inundated,1376.0,135581.0
retain,4,,,,analysis_universe,person_scenario,,,transition,redundant,isolated,1024.0,104094.0
retain,4,,,,analysis_universe,unique_person,,,transition,redundant,isolated,1024.0,104094.0
retain,4,,,,analysis_universe,person_scenario,,,transition,redundant,redundant,37478.0,3416363.0
retain,4,,,,analysis_universe,unique_person,,,transition,redundant,redundant,37478.0,3416363.0
retain,5,,,,analysis_universe,person_scenario,,,transition,fragile,fragile,12527.0,1964236.0
retain,5,,,,analysis_universe,unique_person,,,transition,fragile,fragile,12527.0,1964236.0
retain,5,,,,analysis_universe,person_scenario,,,transition,fragile,inundated,1295.0,249639.0
retain,5,,,,analysis_universe,unique_person,,,transition,fragile,inundated,1295.0,249639.0
retain,5,,,,analysis_universe,person_scenario,,,transition,fragile,isolated,900.0,171798.0
retain,5,,,,analysis_universe,unique_person,,,transition,fragile,isolated,900.0,171798.0
retain,5,,,,analysis_universe,person_scenario,,,transition,inundated,inundated,93.0,20053.0
retain,5,,,,analysis_universe,unique_person,,,transition,inundated,inundated,93.0,20053.0
retain,5,,,,analysis_universe,person_scenario,,,transition,isolated,inundated,87.0,7290.0
retain,5,,,,analysis_universe,unique_person,,,transition,isolated,inundated,87.0,7290.0
retain,5,,,,analysis_universe,person_scenario,,,transition,isolated,isolated,40.0,8021.0
retain,5,,,,analysis_universe,unique_person,,,transition,isolated,isolated,40.0,8021.0
retain,5,,,,analysis_universe,person_scenario,,,transition,redundant,fragile,897.0,82979.0
retain,5,,,,analysis_universe,unique_person,,,transition,redundant,fragile,897.0,82979.0
retain,5,,,,analysis_universe,person_scenario,,,transition,redundant,inundated,3308.0,318336.0
retain,5,,,,analysis_universe,unique_person,,,transition,redundant,inundated,3308.0,318336.0
retain,5,,,,analysis_universe,person_scenario,,,transition,redundant,isolated,1968.0,181860.0
retain,5,,,,analysis_universe,unique_person,,,transition,redundant,isolated,1968.0,181860.0
retain,5,,,,analysis_universe,person_scenario,,,transition,redundant,redundant,34266.0,3131476.0
retain,5,,,,analysis_universe,unique_person,,,transition,redundant,redundant,34266.0,3131476.0
retain,6,,,,analysis_universe,person_scenario,,,transition,fragile,fragile,10679.0,1591231.0
retain,6,,,,analysis_universe,unique_person,,,transition,fragile,fragile,10679.0,1591231.0
retain,6,,,,analysis_universe,person_scenario,,,transition,fragile,inundated,2733.0,549038.0
retain,6,,,,analysis_universe,unique_person,,,transition,fragile,inundated,2733.0,549038.0
retain,6,,,,analysis_universe,person_scenario,,,transition,fragile,isolated,1310.0,245404.0
retain,6,,,,analysis_universe,unique_person,,,transition,fragile,isolated,1310.0,245404.0
retain,6,,,,analysis_universe,person_scenario,,,transition,inundated,inundated,93.0,20053.0
retain,6,,,,analysis_universe,unique_person,,,transition,inundated,inundated,93.0,20053.0
retain,6,,,,analysis_universe,person_scenario,,,transition,isolated,inundated,105.0,8028.0
retain,6,,,,analysis_universe,unique_person,,,transition,isolated,inundated,105.0,8028.0
retain,6,,,,analysis_universe,person_scenario,,,transition,isolated,isolated,22.0,7283.0
retain,6,,,,analysis_universe,unique_person,,,transition,isolated,isolated,22.0,7283.0
retain,6,,,,analysis_universe,person_scenario,,,transition,redundant,fragile,923.0,90028.0
retain,6,,,,analysis_universe,unique_person,,,transition,redundant,fragile,923.0,90028.0
retain,6,,,,analysis_universe,person_scenario,,,transition,redundant,inundated,7463.0,769821.0
retain,6,,,,analysis_universe,unique_person,,,transition,redundant,inundated,7463.0,769821.0
retain,6,,,,analysis_universe,person_scenario,,,transition,redundant,isolated,4099.0,396417.0
retain,6,,,,analysis_universe,unique_person,,,transition,redundant,isolated,4099.0,396417.0
retain,6,,,,analysis_universe,person_scenario,,,transition,redundant,redundant,27954.0,2458385.0
retain,6,,,,analysis_universe,unique_person,,,transition,redundant,redundant,27954.0,2458385.0
