comparison,other_arm,slr_ft,approach_status,other_status,block_count,pop20,share_of_eligible_blocks,share_of_eligible_pop20,is_disagreement,direction,eligible_blocks,eligible_pop20,source_approach,source_other,direction_order_definition
approach_vs_intersect,intersect,0,unclassified,unclassified,0,0,0,0,False,not_applicable_unclassified,68521,6135688,data/processed/access/edited/della_runs/positive_layer_20260814_approach/block_access_flags_long.parquet,data/processed/access/edited/della_runs/positive_layer_20260814_intersect/block_access_flags_long.parquet,inundated < isolated < fragile < redundant; unclassified is not comparable
approach_vs_intersect,intersect,0,unclassified,inundated,0,0,0,0,True,not_applicable_unclassified,68521,6135688,data/processed/access/edited/della_runs/positive_layer_20260814_approach/block_access_flags_long.parquet,data/processed/access/edited/della_runs/positive_layer_20260814_intersect/block_access_flags_long.parquet,inundated < isolated < fragile < redundant; unclassified is not comparable
approach_vs_intersect,intersect,0,unclassified,isolated,0,0,0,0,True,not_applicable_unclassified,68521,6135688,data/processed/access/edited/della_runs/positive_layer_20260814_approach/block_access_flags_long.parquet,data/processed/access/edited/della_runs/positive_layer_20260814_intersect/block_access_flags_long.parquet,inundated < isolated < fragile < redundant; unclassified is not comparable
approach_vs_intersect,intersect,0,unclassified,fragile,0,0,0,0,True,not_applicable_unclassified,68521,6135688,data/processed/access/edited/della_runs/positive_layer_20260814_approach/block_access_flags_long.parquet,data/processed/access/edited/della_runs/positive_layer_20260814_intersect/block_access_flags_long.parquet,inundated < isolated < fragile < redundant; unclassified is not comparable
approach_vs_intersect,intersect,0,unclassified,redundant,0,0,0,0,True,not_applicable_unclassified,68521,6135688,data/processed/access/edited/della_runs/positive_layer_20260814_approach/block_access_flags_long.parquet,data/processed/access/edited/della_runs/positive_layer_20260814_intersect/block_access_flags_long.parquet,inundated < isolated < fragile < redundant; unclassified is not comparable
approach_vs_intersect,intersect,0,inundated,unclassified,0,0,0,0,True,not_applicable_unclassified,68521,6135688,data/processed/access/edited/della_runs/positive_layer_20260814_approach/block_access_flags_long.parquet,data/processed/access/edited/della_runs/positive_layer_20260814_intersect/block_access_flags_long.parquet,inundated < isolated < fragile < redundant; unclassified is not comparable
approach_vs_intersect,intersect,0,inundated,inundated,188,20053,0.00274368441792,0.0032682561434,False,same,68521,6135688,data/processed/access/edited/della_runs/positive_layer_20260814_approach/block_access_flags_long.parquet,data/processed/access/edited/della_runs/positive_layer_20260814_intersect/block_access_flags_long.parquet,inundated < isolated < fragile < redundant; unclassified is not comparable
approach_vs_intersect,intersect,0,inundated,isolated,0,0,0,0,True,approach_worse,68521,6135688,data/processed/access/edited/della_runs/positive_layer_20260814_approach/block_access_flags_long.parquet,data/processed/access/edited/della_runs/positive_layer_20260814_intersect/block_access_flags_long.parquet,inundated < isolated < fragile < redundant; unclassified is not comparable
approach_vs_intersect,intersect,0,inundated,fragile,0,0,0,0,True,approach_worse,68521,6135688,data/processed/access/edited/della_runs/positive_layer_20260814_approach/block_access_flags_long.parquet,data/processed/access/edited/della_runs/positive_layer_20260814_intersect/block_access_flags_long.parquet,inundated < isolated < fragile < redundant; unclassified is not comparable
approach_vs_intersect,intersect,0,inundated,redundant,0,0,0,0,True,approach_worse,68521,6135688,data/processed/access/edited/della_runs/positive_layer_20260814_approach/block_access_flags_long.parquet,data/processed/access/edited/della_runs/positive_layer_20260814_intersect/block_access_flags_long.parquet,inundated < isolated < fragile < redundant; unclassified is not comparable
approach_vs_intersect,intersect,0,isolated,unclassified,0,0,0,0,True,not_applicable_unclassified,68521,6135688,data/processed/access/edited/della_runs/positive_layer_20260814_approach/block_access_flags_long.parquet,data/processed/access/edited/della_runs/positive_layer_20260814_intersect/block_access_flags_long.parquet,inundated < isolated < fragile < redundant; unclassified is not comparable
approach_vs_intersect,intersect,0,isolated,inundated,0,0,0,0,True,approach_better,68521,6135688,data/processed/access/edited/della_runs/positive_layer_20260814_approach/block_access_flags_long.parquet,data/processed/access/edited/della_runs/positive_layer_20260814_intersect/block_access_flags_long.parquet,inundated < isolated < fragile < redundant; unclassified is not comparable
approach_vs_intersect,intersect,0,isolated,isolated,151,17225,0.00220370397396,0.00280734613624,False,same,68521,6135688,data/processed/access/edited/della_runs/positive_layer_20260814_approach/block_access_flags_long.parquet,data/processed/access/edited/della_runs/positive_layer_20260814_intersect/block_access_flags_long.parquet,inundated < isolated < fragile < redundant; unclassified is not comparable
approach_vs_intersect,intersect,0,isolated,fragile,12,901,0.000175128792633,0.000146845797896,True,approach_worse,68521,6135688,data/processed/access/edited/della_runs/positive_layer_20260814_approach/block_access_flags_long.parquet,data/processed/access/edited/della_runs/positive_layer_20260814_intersect/block_access_flags_long.parquet,inundated < isolated < fragile < redundant; unclassified is not comparable
approach_vs_intersect,intersect,0,isolated,redundant,0,0,0,0,True,approach_worse,68521,6135688,data/processed/access/edited/della_runs/positive_layer_20260814_approach/block_access_flags_long.parquet,data/processed/access/edited/della_runs/positive_layer_20260814_intersect/block_access_flags_long.parquet,inundated < isolated < fragile < redundant; unclassified is not comparable
approach_vs_intersect,intersect,0,fragile,unclassified,0,0,0,0,True,not_applicable_unclassified,68521,6135688,data/processed/access/edited/della_runs/positive_layer_20260814_approach/block_access_flags_long.parquet,data/processed/access/edited/della_runs/positive_layer_20260814_intersect/block_access_flags_long.parquet,inundated < isolated < fragile < redundant; unclassified is not comparable
approach_vs_intersect,intersect,0,fragile,inundated,0,0,0,0,True,approach_better,68521,6135688,data/processed/access/edited/della_runs/positive_layer_20260814_approach/block_access_flags_long.parquet,data/processed/access/edited/della_runs/positive_layer_20260814_intersect/block_access_flags_long.parquet,inundated < isolated < fragile < redundant; unclassified is not comparable
approach_vs_intersect,intersect,0,fragile,isolated,200,19286,0.00291881321055,0.00314324978715,True,approach_better,68521,6135688,data/processed/access/edited/della_runs/positive_layer_20260814_approach/block_access_flags_long.parquet,data/processed/access/edited/della_runs/positive_layer_20260814_intersect/block_access_flags_long.parquet,inundated < isolated < fragile < redundant; unclassified is not comparable
approach_vs_intersect,intersect,0,fragile,fragile,17135,2363572,0.250069321814,0.385217110127,False,same,68521,6135688,data/processed/access/edited/della_runs/positive_layer_20260814_approach/block_access_flags_long.parquet,data/processed/access/edited/della_runs/positive_layer_20260814_intersect/block_access_flags_long.parquet,inundated < isolated < fragile < redundant; unclassified is not comparable
approach_vs_intersect,intersect,0,fragile,redundant,0,0,0,0,True,approach_worse,68521,6135688,data/processed/access/edited/della_runs/positive_layer_20260814_approach/block_access_flags_long.parquet,data/processed/access/edited/della_runs/positive_layer_20260814_intersect/block_access_flags_long.parquet,inundated < isolated < fragile < redundant; unclassified is not comparable
approach_vs_intersect,intersect,0,redundant,unclassified,0,0,0,0,True,not_applicable_unclassified,68521,6135688,data/processed/access/edited/della_runs/positive_layer_20260814_approach/block_access_flags_long.parquet,data/processed/access/edited/della_runs/positive_layer_20260814_intersect/block_access_flags_long.parquet,inundated < isolated < fragile < redundant; unclassified is not comparable
approach_vs_intersect,intersect,0,redundant,inundated,0,0,0,0,True,approach_better,68521,6135688,data/processed/access/edited/della_runs/positive_layer_20260814_approach/block_access_flags_long.parquet,data/processed/access/edited/della_runs/positive_layer_20260814_intersect/block_access_flags_long.parquet,inundated < isolated < fragile < redundant; unclassified is not comparable
approach_vs_intersect,intersect,0,redundant,isolated,85,4021,0.00124049561448,0.000655346230121,True,approach_better,68521,6135688,data/processed/access/edited/della_runs/positive_layer_20260814_approach/block_access_flags_long.parquet,data/processed/access/edited/della_runs/positive_layer_20260814_intersect/block_access_flags_long.parquet,inundated < isolated < fragile < redundant; unclassified is not comparable
approach_vs_intersect,intersect,0,redundant,fragile,447,27318,0.00652354752558,0.00445231243831,True,approach_better,68521,6135688,data/processed/access/edited/della_runs/positive_layer_20260814_approach/block_access_flags_long.parquet,data/processed/access/edited/della_runs/positive_layer_20260814_intersect/block_access_flags_long.parquet,inundated < isolated < fragile < redundant; unclassified is not comparable
approach_vs_intersect,intersect,0,redundant,redundant,50303,3683312,0.734125304651,0.60030953334,False,same,68521,6135688,data/processed/access/edited/della_runs/positive_layer_20260814_approach/block_access_flags_long.parquet,data/processed/access/edited/della_runs/positive_layer_20260814_intersect/block_access_flags_long.parquet,inundated < isolated < fragile < redundant; unclassified is not comparable
approach_vs_intersect,intersect,1,unclassified,unclassified,0,0,0,0,False,not_applicable_unclassified,68521,6135688,data/processed/access/edited/della_runs/positive_layer_20260814_approach/block_access_flags_long.parquet,data/processed/access/edited/della_runs/positive_layer_20260814_intersect/block_access_flags_long.parquet,inundated < isolated < fragile < redundant; unclassified is not comparable
approach_vs_intersect,intersect,1,unclassified,inundated,0,0,0,0,True,not_applicable_unclassified,68521,6135688,data/processed/access/edited/della_runs/positive_layer_20260814_approach/block_access_flags_long.parquet,data/processed/access/edited/della_runs/positive_layer_20260814_intersect/block_access_flags_long.parquet,inundated < isolated < fragile < redundant; unclassified is not comparable
approach_vs_intersect,intersect,1,unclassified,isolated,0,0,0,0,True,not_applicable_unclassified,68521,6135688,data/processed/access/edited/della_runs/positive_layer_20260814_approach/block_access_flags_long.parquet,data/processed/access/edited/della_runs/positive_layer_20260814_intersect/block_access_flags_long.parquet,inundated < isolated < fragile < redundant; unclassified is not comparable
approach_vs_intersect,intersect,1,unclassified,fragile,0,0,0,0,True,not_applicable_unclassified,68521,6135688,data/processed/access/edited/della_runs/positive_layer_20260814_approach/block_access_flags_long.parquet,data/processed/access/edited/della_runs/positive_layer_20260814_intersect/block_access_flags_long.parquet,inundated < isolated < fragile < redundant; unclassified is not comparable
approach_vs_intersect,intersect,1,unclassified,redundant,0,0,0,0,True,not_applicable_unclassified,68521,6135688,data/processed/access/edited/della_runs/positive_layer_20260814_approach/block_access_flags_long.parquet,data/processed/access/edited/della_runs/positive_layer_20260814_intersect/block_access_flags_long.parquet,inundated < isolated < fragile < redundant; unclassified is not comparable
approach_vs_intersect,intersect,1,inundated,unclassified,0,0,0,0,True,not_applicable_unclassified,68521,6135688,data/processed/access/edited/della_runs/positive_layer_20260814_approach/block_access_flags_long.parquet,data/processed/access/edited/della_runs/positive_layer_20260814_intersect/block_access_flags_long.parquet,inundated < isolated < fragile < redundant; unclassified is not comparable
approach_vs_intersect,intersect,1,inundated,inundated,273,24906,0.0039841800324,0.00405920248878,False,same,68521,6135688,data/processed/access/edited/della_runs/positive_layer_20260814_approach/block_access_flags_long.parquet,data/processed/access/edited/della_runs/positive_layer_20260814_intersect/block_access_flags_long.parquet,inundated < isolated < fragile < redundant; unclassified is not comparable
approach_vs_intersect,intersect,1,inundated,isolated,0,0,0,0,True,approach_worse,68521,6135688,data/processed/access/edited/della_runs/positive_layer_20260814_approach/block_access_flags_long.parquet,data/processed/access/edited/della_runs/positive_layer_20260814_intersect/block_access_flags_long.parquet,inundated < isolated < fragile < redundant; unclassified is not comparable
approach_vs_intersect,intersect,1,inundated,fragile,0,0,0,0,True,approach_worse,68521,6135688,data/processed/access/edited/della_runs/positive_layer_20260814_approach/block_access_flags_long.parquet,data/processed/access/edited/della_runs/positive_layer_20260814_intersect/block_access_flags_long.parquet,inundated < isolated < fragile < redundant; unclassified is not comparable
approach_vs_intersect,intersect,1,inundated,redundant,0,0,0,0,True,approach_worse,68521,6135688,data/processed/access/edited/della_runs/positive_layer_20260814_approach/block_access_flags_long.parquet,data/processed/access/edited/della_runs/positive_layer_20260814_intersect/block_access_flags_long.parquet,inundated < isolated < fragile < redundant; unclassified is not comparable
approach_vs_intersect,intersect,1,isolated,unclassified,0,0,0,0,True,not_applicable_unclassified,68521,6135688,data/processed/access/edited/della_runs/positive_layer_20260814_approach/block_access_flags_long.parquet,data/processed/access/edited/della_runs/positive_layer_20260814_intersect/block_access_flags_long.parquet,inundated < isolated < fragile < redundant; unclassified is not comparable
approach_vs_intersect,intersect,1,isolated,inundated,0,0,0,0,True,approach_better,68521,6135688,data/processed/access/edited/della_runs/positive_layer_20260814_approach/block_access_flags_long.parquet,data/processed/access/edited/della_runs/positive_layer_20260814_intersect/block_access_flags_long.parquet,inundated < isolated < fragile < redundant; unclassified is not comparable
approach_vs_intersect,intersect,1,isolated,isolated,163,17839,0.0023788327666,0.00290741641361,False,same,68521,6135688,data/processed/access/edited/della_runs/positive_layer_20260814_approach/block_access_flags_long.parquet,data/processed/access/edited/della_runs/positive_layer_20260814_intersect/block_access_flags_long.parquet,inundated < isolated < fragile < redundant; unclassified is not comparable
approach_vs_intersect,intersect,1,isolated,fragile,12,901,0.000175128792633,0.000146845797896,True,approach_worse,68521,6135688,data/processed/access/edited/della_runs/positive_layer_20260814_approach/block_access_flags_long.parquet,data/processed/access/edited/della_runs/positive_layer_20260814_intersect/block_access_flags_long.parquet,inundated < isolated < fragile < redundant; unclassified is not comparable
approach_vs_intersect,intersect,1,isolated,redundant,0,0,0,0,True,approach_worse,68521,6135688,data/processed/access/edited/della_runs/positive_layer_20260814_approach/block_access_flags_long.parquet,data/processed/access/edited/della_runs/positive_layer_20260814_intersect/block_access_flags_long.parquet,inundated < isolated < fragile < redundant; unclassified is not comparable
approach_vs_intersect,intersect,1,fragile,unclassified,0,0,0,0,True,not_applicable_unclassified,68521,6135688,data/processed/access/edited/della_runs/positive_layer_20260814_approach/block_access_flags_long.parquet,data/processed/access/edited/della_runs/positive_layer_20260814_intersect/block_access_flags_long.parquet,inundated < isolated < fragile < redundant; unclassified is not comparable
approach_vs_intersect,intersect,1,fragile,inundated,0,0,0,0,True,approach_better,68521,6135688,data/processed/access/edited/della_runs/positive_layer_20260814_approach/block_access_flags_long.parquet,data/processed/access/edited/della_runs/positive_layer_20260814_intersect/block_access_flags_long.parquet,inundated < isolated < fragile < redundant; unclassified is not comparable
approach_vs_intersect,intersect,1,fragile,isolated,195,18646,0.00284584288028,0.00303894200618,True,approach_better,68521,6135688,data/processed/access/edited/della_runs/positive_layer_20260814_approach/block_access_flags_long.parquet,data/processed/access/edited/della_runs/positive_layer_20260814_intersect/block_access_flags_long.parquet,inundated < isolated < fragile < redundant; unclassified is not comparable
approach_vs_intersect,intersect,1,fragile,fragile,17081,2360327,0.249281242247,0.384688237081,False,same,68521,6135688,data/processed/access/edited/della_runs/positive_layer_20260814_approach/block_access_flags_long.parquet,data/processed/access/edited/della_runs/positive_layer_20260814_intersect/block_access_flags_long.parquet,inundated < isolated < fragile < redundant; unclassified is not comparable
approach_vs_intersect,intersect,1,fragile,redundant,0,0,0,0,True,approach_worse,68521,6135688,data/processed/access/edited/della_runs/positive_layer_20260814_approach/block_access_flags_long.parquet,data/processed/access/edited/della_runs/positive_layer_20260814_intersect/block_access_flags_long.parquet,inundated < isolated < fragile < redundant; unclassified is not comparable
approach_vs_intersect,intersect,1,redundant,unclassified,0,0,0,0,True,not_applicable_unclassified,68521,6135688,data/processed/access/edited/della_runs/positive_layer_20260814_approach/block_access_flags_long.parquet,data/processed/access/edited/della_runs/positive_layer_20260814_intersect/block_access_flags_long.parquet,inundated < isolated < fragile < redundant; unclassified is not comparable
approach_vs_intersect,intersect,1,redundant,inundated,0,0,0,0,True,approach_better,68521,6135688,data/processed/access/edited/della_runs/positive_layer_20260814_approach/block_access_flags_long.parquet,data/processed/access/edited/della_runs/positive_layer_20260814_intersect/block_access_flags_long.parquet,inundated < isolated < fragile < redundant; unclassified is not comparable
approach_vs_intersect,intersect,1,redundant,isolated,85,4021,0.00124049561448,0.000655346230121,True,approach_better,68521,6135688,data/processed/access/edited/della_runs/positive_layer_20260814_approach/block_access_flags_long.parquet,data/processed/access/edited/della_runs/positive_layer_20260814_intersect/block_access_flags_long.parquet,inundated < isolated < fragile < redundant; unclassified is not comparable
approach_vs_intersect,intersect,1,redundant,fragile,452,27412,0.00659651785584,0.00446763264364,True,approach_better,68521,6135688,data/processed/access/edited/della_runs/positive_layer_20260814_approach/block_access_flags_long.parquet,data/processed/access/edited/della_runs/positive_layer_20260814_intersect/block_access_flags_long.parquet,inundated < isolated < fragile < redundant; unclassified is not comparable
approach_vs_intersect,intersect,1,redundant,redundant,50260,3681636,0.733497759811,0.600036377339,False,same,68521,6135688,data/processed/access/edited/della_runs/positive_layer_20260814_approach/block_access_flags_long.parquet,data/processed/access/edited/della_runs/positive_layer_20260814_intersect/block_access_flags_long.parquet,inundated < isolated < fragile < redundant; unclassified is not comparable
approach_vs_intersect,intersect,2,unclassified,unclassified,0,0,0,0,False,not_applicable_unclassified,68521,6135688,data/processed/access/edited/della_runs/positive_layer_20260814_approach/block_access_flags_long.parquet,data/processed/access/edited/della_runs/positive_layer_20260814_intersect/block_access_flags_long.parquet,inundated < isolated < fragile < redundant; unclassified is not comparable
approach_vs_intersect,intersect,2,unclassified,inundated,0,0,0,0,True,not_applicable_unclassified,68521,6135688,data/processed/access/edited/della_runs/positive_layer_20260814_approach/block_access_flags_long.parquet,data/processed/access/edited/della_runs/positive_layer_20260814_intersect/block_access_flags_long.parquet,inundated < isolated < fragile < redundant; unclassified is not comparable
approach_vs_intersect,intersect,2,unclassified,isolated,0,0,0,0,True,not_applicable_unclassified,68521,6135688,data/processed/access/edited/della_runs/positive_layer_20260814_approach/block_access_flags_long.parquet,data/processed/access/edited/della_runs/positive_layer_20260814_intersect/block_access_flags_long.parquet,inundated < isolated < fragile < redundant; unclassified is not comparable
approach_vs_intersect,intersect,2,unclassified,fragile,0,0,0,0,True,not_applicable_unclassified,68521,6135688,data/processed/access/edited/della_runs/positive_layer_20260814_approach/block_access_flags_long.parquet,data/processed/access/edited/della_runs/positive_layer_20260814_intersect/block_access_flags_long.parquet,inundated < isolated < fragile < redundant; unclassified is not comparable
approach_vs_intersect,intersect,2,unclassified,redundant,0,0,0,0,True,not_applicable_unclassified,68521,6135688,data/processed/access/edited/della_runs/positive_layer_20260814_approach/block_access_flags_long.parquet,data/processed/access/edited/della_runs/positive_layer_20260814_intersect/block_access_flags_long.parquet,inundated < isolated < fragile < redundant; unclassified is not comparable
approach_vs_intersect,intersect,2,inundated,unclassified,0,0,0,0,True,not_applicable_unclassified,68521,6135688,data/processed/access/edited/della_runs/positive_layer_20260814_approach/block_access_flags_long.parquet,data/processed/access/edited/della_runs/positive_layer_20260814_intersect/block_access_flags_long.parquet,inundated < isolated < fragile < redundant; unclassified is not comparable
approach_vs_intersect,intersect,2,inundated,inundated,437,37488,0.00637760686505,0.00610982827028,False,same,68521,6135688,data/processed/access/edited/della_runs/positive_layer_20260814_approach/block_access_flags_long.parquet,data/processed/access/edited/della_runs/positive_layer_20260814_intersect/block_access_flags_long.parquet,inundated < isolated < fragile < redundant; unclassified is not comparable
approach_vs_intersect,intersect,2,inundated,isolated,0,0,0,0,True,approach_worse,68521,6135688,data/processed/access/edited/della_runs/positive_layer_20260814_approach/block_access_flags_long.parquet,data/processed/access/edited/della_runs/positive_layer_20260814_intersect/block_access_flags_long.parquet,inundated < isolated < fragile < redundant; unclassified is not comparable
approach_vs_intersect,intersect,2,inundated,fragile,0,0,0,0,True,approach_worse,68521,6135688,data/processed/access/edited/della_runs/positive_layer_20260814_approach/block_access_flags_long.parquet,data/processed/access/edited/della_runs/positive_layer_20260814_intersect/block_access_flags_long.parquet,inundated < isolated < fragile < redundant; unclassified is not comparable
approach_vs_intersect,intersect,2,inundated,redundant,0,0,0,0,True,approach_worse,68521,6135688,data/processed/access/edited/della_runs/positive_layer_20260814_approach/block_access_flags_long.parquet,data/processed/access/edited/della_runs/positive_layer_20260814_intersect/block_access_flags_long.parquet,inundated < isolated < fragile < redundant; unclassified is not comparable
approach_vs_intersect,intersect,2,isolated,unclassified,0,0,0,0,True,not_applicable_unclassified,68521,6135688,data/processed/access/edited/della_runs/positive_layer_20260814_approach/block_access_flags_long.parquet,data/processed/access/edited/della_runs/positive_layer_20260814_intersect/block_access_flags_long.parquet,inundated < isolated < fragile < redundant; unclassified is not comparable
approach_vs_intersect,intersect,2,isolated,inundated,0,0,0,0,True,approach_better,68521,6135688,data/processed/access/edited/della_runs/positive_layer_20260814_approach/block_access_flags_long.parquet,data/processed/access/edited/della_runs/positive_layer_20260814_intersect/block_access_flags_long.parquet,inundated < isolated < fragile < redundant; unclassified is not comparable
approach_vs_intersect,intersect,2,isolated,isolated,513,49919,0.00748675588506,0.0081358439347,False,same,68521,6135688,data/processed/access/edited/della_runs/positive_layer_20260814_approach/block_access_flags_long.parquet,data/processed/access/edited/della_runs/positive_layer_20260814_intersect/block_access_flags_long.parquet,inundated < isolated < fragile < redundant; unclassified is not comparable
approach_vs_intersect,intersect,2,isolated,fragile,12,901,0.000175128792633,0.000146845797896,True,approach_worse,68521,6135688,data/processed/access/edited/della_runs/positive_layer_20260814_approach/block_access_flags_long.parquet,data/processed/access/edited/della_runs/positive_layer_20260814_intersect/block_access_flags_long.parquet,inundated < isolated < fragile < redundant; unclassified is not comparable
approach_vs_intersect,intersect,2,isolated,redundant,0,0,0,0,True,approach_worse,68521,6135688,data/processed/access/edited/della_runs/positive_layer_20260814_approach/block_access_flags_long.parquet,data/processed/access/edited/della_runs/positive_layer_20260814_intersect/block_access_flags_long.parquet,inundated < isolated < fragile < redundant; unclassified is not comparable
approach_vs_intersect,intersect,2,fragile,unclassified,0,0,0,0,True,not_applicable_unclassified,68521,6135688,data/processed/access/edited/della_runs/positive_layer_20260814_approach/block_access_flags_long.parquet,data/processed/access/edited/della_runs/positive_layer_20260814_intersect/block_access_flags_long.parquet,inundated < isolated < fragile < redundant; unclassified is not comparable
approach_vs_intersect,intersect,2,fragile,inundated,0,0,0,0,True,approach_better,68521,6135688,data/processed/access/edited/della_runs/positive_layer_20260814_approach/block_access_flags_long.parquet,data/processed/access/edited/della_runs/positive_layer_20260814_intersect/block_access_flags_long.parquet,inundated < isolated < fragile < redundant; unclassified is not comparable
approach_vs_intersect,intersect,2,fragile,isolated,167,13251,0.00243720903081,0.00215966000879,True,approach_better,68521,6135688,data/processed/access/edited/della_runs/positive_layer_20260814_approach/block_access_flags_long.parquet,data/processed/access/edited/della_runs/positive_layer_20260814_intersect/block_access_flags_long.parquet,inundated < isolated < fragile < redundant; unclassified is not comparable
approach_vs_intersect,intersect,2,fragile,fragile,17109,2354937,0.249689876096,0.383809769988,False,same,68521,6135688,data/processed/access/edited/della_runs/positive_layer_20260814_approach/block_access_flags_long.parquet,data/processed/access/edited/della_runs/positive_layer_20260814_intersect/block_access_flags_long.parquet,inundated < isolated < fragile < redundant; unclassified is not comparable
approach_vs_intersect,intersect,2,fragile,redundant,0,0,0,0,True,approach_worse,68521,6135688,data/processed/access/edited/della_runs/positive_layer_20260814_approach/block_access_flags_long.parquet,data/processed/access/edited/della_runs/positive_layer_20260814_intersect/block_access_flags_long.parquet,inundated < isolated < fragile < redundant; unclassified is not comparable
approach_vs_intersect,intersect,2,redundant,unclassified,0,0,0,0,True,not_applicable_unclassified,68521,6135688,data/processed/access/edited/della_runs/positive_layer_20260814_approach/block_access_flags_long.parquet,data/processed/access/edited/della_runs/positive_layer_20260814_intersect/block_access_flags_long.parquet,inundated < isolated < fragile < redundant; unclassified is not comparable
approach_vs_intersect,intersect,2,redundant,inundated,0,0,0,0,True,approach_better,68521,6135688,data/processed/access/edited/della_runs/positive_layer_20260814_approach/block_access_flags_long.parquet,data/processed/access/edited/della_runs/positive_layer_20260814_intersect/block_access_flags_long.parquet,inundated < isolated < fragile < redundant; unclassified is not comparable
approach_vs_intersect,intersect,2,redundant,isolated,76,3333,0.00110914902001,0.000543215365579,True,approach_better,68521,6135688,data/processed/access/edited/della_runs/positive_layer_20260814_approach/block_access_flags_long.parquet,data/processed/access/edited/della_runs/positive_layer_20260814_intersect/block_access_flags_long.parquet,inundated < isolated < fragile < redundant; unclassified is not comparable
approach_vs_intersect,intersect,2,redundant,fragile,411,25820,0.00599816114768,0.00420816703848,True,approach_better,68521,6135688,data/processed/access/edited/della_runs/positive_layer_20260814_approach/block_access_flags_long.parquet,data/processed/access/edited/della_runs/positive_layer_20260814_intersect/block_access_flags_long.parquet,inundated < isolated < fragile < redundant; unclassified is not comparable
approach_vs_intersect,intersect,2,redundant,redundant,49796,3650039,0.726726113162,0.594886669596,False,same,68521,6135688,data/processed/access/edited/della_runs/positive_layer_20260814_approach/block_access_flags_long.parquet,data/processed/access/edited/della_runs/positive_layer_20260814_intersect/block_access_flags_long.parquet,inundated < isolated < fragile < redundant; unclassified is not comparable
approach_vs_intersect,intersect,3,unclassified,unclassified,0,0,0,0,False,not_applicable_unclassified,68521,6135688,data/processed/access/edited/della_runs/positive_layer_20260814_approach/block_access_flags_long.parquet,data/processed/access/edited/della_runs/positive_layer_20260814_intersect/block_access_flags_long.parquet,inundated < isolated < fragile < redundant; unclassified is not comparable
approach_vs_intersect,intersect,3,unclassified,inundated,0,0,0,0,True,not_applicable_unclassified,68521,6135688,data/processed/access/edited/della_runs/positive_layer_20260814_approach/block_access_flags_long.parquet,data/processed/access/edited/della_runs/positive_layer_20260814_intersect/block_access_flags_long.parquet,inundated < isolated < fragile < redundant; unclassified is not comparable
approach_vs_intersect,intersect,3,unclassified,isolated,0,0,0,0,True,not_applicable_unclassified,68521,6135688,data/processed/access/edited/della_runs/positive_layer_20260814_approach/block_access_flags_long.parquet,data/processed/access/edited/della_runs/positive_layer_20260814_intersect/block_access_flags_long.parquet,inundated < isolated < fragile < redundant; unclassified is not comparable
approach_vs_intersect,intersect,3,unclassified,fragile,0,0,0,0,True,not_applicable_unclassified,68521,6135688,data/processed/access/edited/della_runs/positive_layer_20260814_approach/block_access_flags_long.parquet,data/processed/access/edited/della_runs/positive_layer_20260814_intersect/block_access_flags_long.parquet,inundated < isolated < fragile < redundant; unclassified is not comparable
approach_vs_intersect,intersect,3,unclassified,redundant,0,0,0,0,True,not_applicable_unclassified,68521,6135688,data/processed/access/edited/della_runs/positive_layer_20260814_approach/block_access_flags_long.parquet,data/processed/access/edited/della_runs/positive_layer_20260814_intersect/block_access_flags_long.parquet,inundated < isolated < fragile < redundant; unclassified is not comparable
approach_vs_intersect,intersect,3,inundated,unclassified,0,0,0,0,True,not_applicable_unclassified,68521,6135688,data/processed/access/edited/della_runs/positive_layer_20260814_approach/block_access_flags_long.parquet,data/processed/access/edited/della_runs/positive_layer_20260814_intersect/block_access_flags_long.parquet,inundated < isolated < fragile < redundant; unclassified is not comparable
approach_vs_intersect,intersect,3,inundated,inundated,1211,106358,0.0176734139899,0.017334323388,False,same,68521,6135688,data/processed/access/edited/della_runs/positive_layer_20260814_approach/block_access_flags_long.parquet,data/processed/access/edited/della_runs/positive_layer_20260814_intersect/block_access_flags_long.parquet,inundated < isolated < fragile < redundant; unclassified is not comparable
approach_vs_intersect,intersect,3,inundated,isolated,0,0,0,0,True,approach_worse,68521,6135688,data/processed/access/edited/della_runs/positive_layer_20260814_approach/block_access_flags_long.parquet,data/processed/access/edited/della_runs/positive_layer_20260814_intersect/block_access_flags_long.parquet,inundated < isolated < fragile < redundant; unclassified is not comparable
approach_vs_intersect,intersect,3,inundated,fragile,0,0,0,0,True,approach_worse,68521,6135688,data/processed/access/edited/della_runs/positive_layer_20260814_approach/block_access_flags_long.parquet,data/processed/access/edited/della_runs/positive_layer_20260814_intersect/block_access_flags_long.parquet,inundated < isolated < fragile < redundant; unclassified is not comparable
approach_vs_intersect,intersect,3,inundated,redundant,0,0,0,0,True,approach_worse,68521,6135688,data/processed/access/edited/della_runs/positive_layer_20260814_approach/block_access_flags_long.parquet,data/processed/access/edited/della_runs/positive_layer_20260814_intersect/block_access_flags_long.parquet,inundated < isolated < fragile < redundant; unclassified is not comparable
approach_vs_intersect,intersect,3,isolated,unclassified,0,0,0,0,True,not_applicable_unclassified,68521,6135688,data/processed/access/edited/della_runs/positive_layer_20260814_approach/block_access_flags_long.parquet,data/processed/access/edited/della_runs/positive_layer_20260814_intersect/block_access_flags_long.parquet,inundated < isolated < fragile < redundant; unclassified is not comparable
approach_vs_intersect,intersect,3,isolated,inundated,0,0,0,0,True,approach_better,68521,6135688,data/processed/access/edited/della_runs/positive_layer_20260814_approach/block_access_flags_long.parquet,data/processed/access/edited/della_runs/positive_layer_20260814_intersect/block_access_flags_long.parquet,inundated < isolated < fragile < redundant; unclassified is not comparable
approach_vs_intersect,intersect,3,isolated,isolated,1317,165346,0.0192203849915,0.0269482411752,False,same,68521,6135688,data/processed/access/edited/della_runs/positive_layer_20260814_approach/block_access_flags_long.parquet,data/processed/access/edited/della_runs/positive_layer_20260814_intersect/block_access_flags_long.parquet,inundated < isolated < fragile < redundant; unclassified is not comparable
approach_vs_intersect,intersect,3,isolated,fragile,10,768,0.000145940660527,0.000125169337163,True,approach_worse,68521,6135688,data/processed/access/edited/della_runs/positive_layer_20260814_approach/block_access_flags_long.parquet,data/processed/access/edited/della_runs/positive_layer_20260814_intersect/block_access_flags_long.parquet,inundated < isolated < fragile < redundant; unclassified is not comparable
approach_vs_intersect,intersect,3,isolated,redundant,0,0,0,0,True,approach_worse,68521,6135688,data/processed/access/edited/della_runs/positive_layer_20260814_approach/block_access_flags_long.parquet,data/processed/access/edited/della_runs/positive_layer_20260814_intersect/block_access_flags_long.parquet,inundated < isolated < fragile < redundant; unclassified is not comparable
approach_vs_intersect,intersect,3,fragile,unclassified,0,0,0,0,True,not_applicable_unclassified,68521,6135688,data/processed/access/edited/della_runs/positive_layer_20260814_approach/block_access_flags_long.parquet,data/processed/access/edited/della_runs/positive_layer_20260814_intersect/block_access_flags_long.parquet,inundated < isolated < fragile < redundant; unclassified is not comparable
approach_vs_intersect,intersect,3,fragile,inundated,0,0,0,0,True,approach_better,68521,6135688,data/processed/access/edited/della_runs/positive_layer_20260814_approach/block_access_flags_long.parquet,data/processed/access/edited/della_runs/positive_layer_20260814_intersect/block_access_flags_long.parquet,inundated < isolated < fragile < redundant; unclassified is not comparable
approach_vs_intersect,intersect,3,fragile,isolated,137,20379,0.00199938704923,0.00332138791933,True,approach_better,68521,6135688,data/processed/access/edited/della_runs/positive_layer_20260814_approach/block_access_flags_long.parquet,data/processed/access/edited/della_runs/positive_layer_20260814_intersect/block_access_flags_long.parquet,inundated < isolated < fragile < redundant; unclassified is not comparable
approach_vs_intersect,intersect,3,fragile,fragile,16909,2282535,0.246771062886,0.372009626304,False,same,68521,6135688,data/processed/access/edited/della_runs/positive_layer_20260814_approach/block_access_flags_long.parquet,data/processed/access/edited/della_runs/positive_layer_20260814_intersect/block_access_flags_long.parquet,inundated < isolated < fragile < redundant; unclassified is not comparable
approach_vs_intersect,intersect,3,fragile,redundant,0,0,0,0,True,approach_worse,68521,6135688,data/processed/access/edited/della_runs/positive_layer_20260814_approach/block_access_flags_long.parquet,data/processed/access/edited/della_runs/positive_layer_20260814_intersect/block_access_flags_long.parquet,inundated < isolated < fragile < redundant; unclassified is not comparable
approach_vs_intersect,intersect,3,redundant,unclassified,0,0,0,0,True,not_applicable_unclassified,68521,6135688,data/processed/access/edited/della_runs/positive_layer_20260814_approach/block_access_flags_long.parquet,data/processed/access/edited/della_runs/positive_layer_20260814_intersect/block_access_flags_long.parquet,inundated < isolated < fragile < redundant; unclassified is not comparable
approach_vs_intersect,intersect,3,redundant,inundated,0,0,0,0,True,approach_better,68521,6135688,data/processed/access/edited/della_runs/positive_layer_20260814_approach/block_access_flags_long.parquet,data/processed/access/edited/della_runs/positive_layer_20260814_intersect/block_access_flags_long.parquet,inundated < isolated < fragile < redundant; unclassified is not comparable
approach_vs_intersect,intersect,3,redundant,isolated,34,1331,0.000496198245793,0.000216927588235,True,approach_better,68521,6135688,data/processed/access/edited/della_runs/positive_layer_20260814_approach/block_access_flags_long.parquet,data/processed/access/edited/della_runs/positive_layer_20260814_intersect/block_access_flags_long.parquet,inundated < isolated < fragile < redundant; unclassified is not comparable
approach_vs_intersect,intersect,3,redundant,fragile,364,23671,0.0053122400432,0.00385792106769,True,approach_better,68521,6135688,data/processed/access/edited/della_runs/positive_layer_20260814_approach/block_access_flags_long.parquet,data/processed/access/edited/della_runs/positive_layer_20260814_intersect/block_access_flags_long.parquet,inundated < isolated < fragile < redundant; unclassified is not comparable
approach_vs_intersect,intersect,3,redundant,redundant,48539,3535300,0.708381372134,0.57618640322,False,same,68521,6135688,data/processed/access/edited/della_runs/positive_layer_20260814_approach/block_access_flags_long.parquet,data/processed/access/edited/della_runs/positive_layer_20260814_intersect/block_access_flags_long.parquet,inundated < isolated < fragile < redundant; unclassified is not comparable
approach_vs_intersect,intersect,4,unclassified,unclassified,0,0,0,0,False,not_applicable_unclassified,68521,6135688,data/processed/access/edited/della_runs/positive_layer_20260814_approach/block_access_flags_long.parquet,data/processed/access/edited/della_runs/positive_layer_20260814_intersect/block_access_flags_long.parquet,inundated < isolated < fragile < redundant; unclassified is not comparable
approach_vs_intersect,intersect,4,unclassified,inundated,0,0,0,0,True,not_applicable_unclassified,68521,6135688,data/processed/access/edited/della_runs/positive_layer_20260814_approach/block_access_flags_long.parquet,data/processed/access/edited/della_runs/positive_layer_20260814_intersect/block_access_flags_long.parquet,inundated < isolated < fragile < redundant; unclassified is not comparable
approach_vs_intersect,intersect,4,unclassified,isolated,0,0,0,0,True,not_applicable_unclassified,68521,6135688,data/processed/access/edited/della_runs/positive_layer_20260814_approach/block_access_flags_long.parquet,data/processed/access/edited/della_runs/positive_layer_20260814_intersect/block_access_flags_long.parquet,inundated < isolated < fragile < redundant; unclassified is not comparable
approach_vs_intersect,intersect,4,unclassified,fragile,0,0,0,0,True,not_applicable_unclassified,68521,6135688,data/processed/access/edited/della_runs/positive_layer_20260814_approach/block_access_flags_long.parquet,data/processed/access/edited/della_runs/positive_layer_20260814_intersect/block_access_flags_long.parquet,inundated < isolated < fragile < redundant; unclassified is not comparable
approach_vs_intersect,intersect,4,unclassified,redundant,0,0,0,0,True,not_applicable_unclassified,68521,6135688,data/processed/access/edited/della_runs/positive_layer_20260814_approach/block_access_flags_long.parquet,data/processed/access/edited/della_runs/positive_layer_20260814_intersect/block_access_flags_long.parquet,inundated < isolated < fragile < redundant; unclassified is not comparable
approach_vs_intersect,intersect,4,inundated,unclassified,0,0,0,0,True,not_applicable_unclassified,68521,6135688,data/processed/access/edited/della_runs/positive_layer_20260814_approach/block_access_flags_long.parquet,data/processed/access/edited/della_runs/positive_layer_20260814_intersect/block_access_flags_long.parquet,inundated < isolated < fragile < redundant; unclassified is not comparable
approach_vs_intersect,intersect,4,inundated,inundated,2789,271419,0.0407028502211,0.0442361150045,False,same,68521,6135688,data/processed/access/edited/della_runs/positive_layer_20260814_approach/block_access_flags_long.parquet,data/processed/access/edited/della_runs/positive_layer_20260814_intersect/block_access_flags_long.parquet,inundated < isolated < fragile < redundant; unclassified is not comparable
approach_vs_intersect,intersect,4,inundated,isolated,0,0,0,0,True,approach_worse,68521,6135688,data/processed/access/edited/della_runs/positive_layer_20260814_approach/block_access_flags_long.parquet,data/processed/access/edited/della_runs/positive_layer_20260814_intersect/block_access_flags_long.parquet,inundated < isolated < fragile < redundant; unclassified is not comparable
approach_vs_intersect,intersect,4,inundated,fragile,0,0,0,0,True,approach_worse,68521,6135688,data/processed/access/edited/della_runs/positive_layer_20260814_approach/block_access_flags_long.parquet,data/processed/access/edited/della_runs/positive_layer_20260814_intersect/block_access_flags_long.parquet,inundated < isolated < fragile < redundant; unclassified is not comparable
approach_vs_intersect,intersect,4,inundated,redundant,0,0,0,0,True,approach_worse,68521,6135688,data/processed/access/edited/della_runs/positive_layer_20260814_approach/block_access_flags_long.parquet,data/processed/access/edited/della_runs/positive_layer_20260814_intersect/block_access_flags_long.parquet,inundated < isolated < fragile < redundant; unclassified is not comparable
approach_vs_intersect,intersect,4,isolated,unclassified,0,0,0,0,True,not_applicable_unclassified,68521,6135688,data/processed/access/edited/della_runs/positive_layer_20260814_approach/block_access_flags_long.parquet,data/processed/access/edited/della_runs/positive_layer_20260814_intersect/block_access_flags_long.parquet,inundated < isolated < fragile < redundant; unclassified is not comparable
approach_vs_intersect,intersect,4,isolated,inundated,0,0,0,0,True,approach_better,68521,6135688,data/processed/access/edited/della_runs/positive_layer_20260814_approach/block_access_flags_long.parquet,data/processed/access/edited/della_runs/positive_layer_20260814_intersect/block_access_flags_long.parquet,inundated < isolated < fragile < redundant; unclassified is not comparable
approach_vs_intersect,intersect,4,isolated,isolated,2063,249271,0.0301075582668,0.0406264138594,False,same,68521,6135688,data/processed/access/edited/della_runs/positive_layer_20260814_approach/block_access_flags_long.parquet,data/processed/access/edited/della_runs/positive_layer_20260814_intersect/block_access_flags_long.parquet,inundated < isolated < fragile < redundant; unclassified is not comparable
approach_vs_intersect,intersect,4,isolated,fragile,10,768,0.000145940660527,0.000125169337163,True,approach_worse,68521,6135688,data/processed/access/edited/della_runs/positive_layer_20260814_approach/block_access_flags_long.parquet,data/processed/access/edited/della_runs/positive_layer_20260814_intersect/block_access_flags_long.parquet,inundated < isolated < fragile < redundant; unclassified is not comparable
approach_vs_intersect,intersect,4,isolated,redundant,0,0,0,0,True,approach_worse,68521,6135688,data/processed/access/edited/della_runs/positive_layer_20260814_approach/block_access_flags_long.parquet,data/processed/access/edited/della_runs/positive_layer_20260814_intersect/block_access_flags_long.parquet,inundated < isolated < fragile < redundant; unclassified is not comparable
approach_vs_intersect,intersect,4,fragile,unclassified,0,0,0,0,True,not_applicable_unclassified,68521,6135688,data/processed/access/edited/della_runs/positive_layer_20260814_approach/block_access_flags_long.parquet,data/processed/access/edited/della_runs/positive_layer_20260814_intersect/block_access_flags_long.parquet,inundated < isolated < fragile < redundant; unclassified is not comparable
approach_vs_intersect,intersect,4,fragile,inundated,0,0,0,0,True,approach_better,68521,6135688,data/processed/access/edited/della_runs/positive_layer_20260814_approach/block_access_flags_long.parquet,data/processed/access/edited/della_runs/positive_layer_20260814_intersect/block_access_flags_long.parquet,inundated < isolated < fragile < redundant; unclassified is not comparable
approach_vs_intersect,intersect,4,fragile,isolated,134,8150,0.00195560485107,0.00132829439828,True,approach_better,68521,6135688,data/processed/access/edited/della_runs/positive_layer_20260814_approach/block_access_flags_long.parquet,data/processed/access/edited/della_runs/positive_layer_20260814_intersect/block_access_flags_long.parquet,inundated < isolated < fragile < redundant; unclassified is not comparable
approach_vs_intersect,intersect,4,fragile,fragile,16444,2189717,0.239984822171,0.356882064407,False,same,68521,6135688,data/processed/access/edited/della_runs/positive_layer_20260814_approach/block_access_flags_long.parquet,data/processed/access/edited/della_runs/positive_layer_20260814_intersect/block_access_flags_long.parquet,inundated < isolated < fragile < redundant; unclassified is not comparable
approach_vs_intersect,intersect,4,fragile,redundant,0,0,0,0,True,approach_worse,68521,6135688,data/processed/access/edited/della_runs/positive_layer_20260814_approach/block_access_flags_long.parquet,data/processed/access/edited/della_runs/positive_layer_20260814_intersect/block_access_flags_long.parquet,inundated < isolated < fragile < redundant; unclassified is not comparable
approach_vs_intersect,intersect,4,redundant,unclassified,0,0,0,0,True,not_applicable_unclassified,68521,6135688,data/processed/access/edited/della_runs/positive_layer_20260814_approach/block_access_flags_long.parquet,data/processed/access/edited/della_runs/positive_layer_20260814_intersect/block_access_flags_long.parquet,inundated < isolated < fragile < redundant; unclassified is not comparable
approach_vs_intersect,intersect,4,redundant,inundated,0,0,0,0,True,approach_better,68521,6135688,data/processed/access/edited/della_runs/positive_layer_20260814_approach/block_access_flags_long.parquet,data/processed/access/edited/della_runs/positive_layer_20260814_intersect/block_access_flags_long.parquet,inundated < isolated < fragile < redundant; unclassified is not comparable
approach_vs_intersect,intersect,4,redundant,isolated,90,2509,0.00131346594475,0.000408919097581,True,approach_better,68521,6135688,data/processed/access/edited/della_runs/positive_layer_20260814_approach/block_access_flags_long.parquet,data/processed/access/edited/della_runs/positive_layer_20260814_intersect/block_access_flags_long.parquet,inundated < isolated < fragile < redundant; unclassified is not comparable
approach_vs_intersect,intersect,4,redundant,fragile,324,14793,0.00472847740109,0.00241097656856,True,approach_better,68521,6135688,data/processed/access/edited/della_runs/positive_layer_20260814_approach/block_access_flags_long.parquet,data/processed/access/edited/della_runs/positive_layer_20260814_intersect/block_access_flags_long.parquet,inundated < isolated < fragile < redundant; unclassified is not comparable
approach_vs_intersect,intersect,4,redundant,redundant,46667,3399061,0.681061280483,0.553982047327,False,same,68521,6135688,data/processed/access/edited/della_runs/positive_layer_20260814_approach/block_access_flags_long.parquet,data/processed/access/edited/della_runs/positive_layer_20260814_intersect/block_access_flags_long.parquet,inundated < isolated < fragile < redundant; unclassified is not comparable
approach_vs_intersect,intersect,5,unclassified,unclassified,0,0,0,0,False,not_applicable_unclassified,68521,6135688,data/processed/access/edited/della_runs/positive_layer_20260814_approach/block_access_flags_long.parquet,data/processed/access/edited/della_runs/positive_layer_20260814_intersect/block_access_flags_long.parquet,inundated < isolated < fragile < redundant; unclassified is not comparable
approach_vs_intersect,intersect,5,unclassified,inundated,0,0,0,0,True,not_applicable_unclassified,68521,6135688,data/processed/access/edited/della_runs/positive_layer_20260814_approach/block_access_flags_long.parquet,data/processed/access/edited/della_runs/positive_layer_20260814_intersect/block_access_flags_long.parquet,inundated < isolated < fragile < redundant; unclassified is not comparable
approach_vs_intersect,intersect,5,unclassified,isolated,0,0,0,0,True,not_applicable_unclassified,68521,6135688,data/processed/access/edited/della_runs/positive_layer_20260814_approach/block_access_flags_long.parquet,data/processed/access/edited/della_runs/positive_layer_20260814_intersect/block_access_flags_long.parquet,inundated < isolated < fragile < redundant; unclassified is not comparable
approach_vs_intersect,intersect,5,unclassified,fragile,0,0,0,0,True,not_applicable_unclassified,68521,6135688,data/processed/access/edited/della_runs/positive_layer_20260814_approach/block_access_flags_long.parquet,data/processed/access/edited/della_runs/positive_layer_20260814_intersect/block_access_flags_long.parquet,inundated < isolated < fragile < redundant; unclassified is not comparable
approach_vs_intersect,intersect,5,unclassified,redundant,0,0,0,0,True,not_applicable_unclassified,68521,6135688,data/processed/access/edited/della_runs/positive_layer_20260814_approach/block_access_flags_long.parquet,data/processed/access/edited/della_runs/positive_layer_20260814_intersect/block_access_flags_long.parquet,inundated < isolated < fragile < redundant; unclassified is not comparable
approach_vs_intersect,intersect,5,inundated,unclassified,0,0,0,0,True,not_applicable_unclassified,68521,6135688,data/processed/access/edited/della_runs/positive_layer_20260814_approach/block_access_flags_long.parquet,data/processed/access/edited/della_runs/positive_layer_20260814_intersect/block_access_flags_long.parquet,inundated < isolated < fragile < redundant; unclassified is not comparable
approach_vs_intersect,intersect,5,inundated,inundated,6197,595318,0.0904394273288,0.0970254680486,False,same,68521,6135688,data/processed/access/edited/della_runs/positive_layer_20260814_approach/block_access_flags_long.parquet,data/processed/access/edited/della_runs/positive_layer_20260814_intersect/block_access_flags_long.parquet,inundated < isolated < fragile < redundant; unclassified is not comparable
approach_vs_intersect,intersect,5,inundated,isolated,0,0,0,0,True,approach_worse,68521,6135688,data/processed/access/edited/della_runs/positive_layer_20260814_approach/block_access_flags_long.parquet,data/processed/access/edited/della_runs/positive_layer_20260814_intersect/block_access_flags_long.parquet,inundated < isolated < fragile < redundant; unclassified is not comparable
approach_vs_intersect,intersect,5,inundated,fragile,0,0,0,0,True,approach_worse,68521,6135688,data/processed/access/edited/della_runs/positive_layer_20260814_approach/block_access_flags_long.parquet,data/processed/access/edited/della_runs/positive_layer_20260814_intersect/block_access_flags_long.parquet,inundated < isolated < fragile < redundant; unclassified is not comparable
approach_vs_intersect,intersect,5,inundated,redundant,0,0,0,0,True,approach_worse,68521,6135688,data/processed/access/edited/della_runs/positive_layer_20260814_approach/block_access_flags_long.parquet,data/processed/access/edited/della_runs/positive_layer_20260814_intersect/block_access_flags_long.parquet,inundated < isolated < fragile < redundant; unclassified is not comparable
approach_vs_intersect,intersect,5,isolated,unclassified,0,0,0,0,True,not_applicable_unclassified,68521,6135688,data/processed/access/edited/della_runs/positive_layer_20260814_approach/block_access_flags_long.parquet,data/processed/access/edited/della_runs/positive_layer_20260814_intersect/block_access_flags_long.parquet,inundated < isolated < fragile < redundant; unclassified is not comparable
approach_vs_intersect,intersect,5,isolated,inundated,0,0,0,0,True,approach_better,68521,6135688,data/processed/access/edited/della_runs/positive_layer_20260814_approach/block_access_flags_long.parquet,data/processed/access/edited/della_runs/positive_layer_20260814_intersect/block_access_flags_long.parquet,inundated < isolated < fragile < redundant; unclassified is not comparable
approach_vs_intersect,intersect,5,isolated,isolated,3469,362031,0.050626815137,0.0590041410189,False,same,68521,6135688,data/processed/access/edited/della_runs/positive_layer_20260814_approach/block_access_flags_long.parquet,data/processed/access/edited/della_runs/positive_layer_20260814_intersect/block_access_flags_long.parquet,inundated < isolated < fragile < redundant; unclassified is not comparable
approach_vs_intersect,intersect,5,isolated,fragile,8,652,0.000116752528422,0.000106263551862,True,approach_worse,68521,6135688,data/processed/access/edited/della_runs/positive_layer_20260814_approach/block_access_flags_long.parquet,data/processed/access/edited/della_runs/positive_layer_20260814_intersect/block_access_flags_long.parquet,inundated < isolated < fragile < redundant; unclassified is not comparable
approach_vs_intersect,intersect,5,isolated,redundant,0,0,0,0,True,approach_worse,68521,6135688,data/processed/access/edited/della_runs/positive_layer_20260814_approach/block_access_flags_long.parquet,data/processed/access/edited/della_runs/positive_layer_20260814_intersect/block_access_flags_long.parquet,inundated < isolated < fragile < redundant; unclassified is not comparable
approach_vs_intersect,intersect,5,fragile,unclassified,0,0,0,0,True,not_applicable_unclassified,68521,6135688,data/processed/access/edited/della_runs/positive_layer_20260814_approach/block_access_flags_long.parquet,data/processed/access/edited/della_runs/positive_layer_20260814_intersect/block_access_flags_long.parquet,inundated < isolated < fragile < redundant; unclassified is not comparable
approach_vs_intersect,intersect,5,fragile,inundated,0,0,0,0,True,approach_better,68521,6135688,data/processed/access/edited/della_runs/positive_layer_20260814_approach/block_access_flags_long.parquet,data/processed/access/edited/della_runs/positive_layer_20260814_intersect/block_access_flags_long.parquet,inundated < isolated < fragile < redundant; unclassified is not comparable
approach_vs_intersect,intersect,5,fragile,isolated,133,7261,0.00194101078501,0.00118340437128,True,approach_better,68521,6135688,data/processed/access/edited/della_runs/positive_layer_20260814_approach/block_access_flags_long.parquet,data/processed/access/edited/della_runs/positive_layer_20260814_intersect/block_access_flags_long.parquet,inundated < isolated < fragile < redundant; unclassified is not comparable
approach_vs_intersect,intersect,5,fragile,fragile,15686,2038950,0.228922520103,0.332309921887,False,same,68521,6135688,data/processed/access/edited/della_runs/positive_layer_20260814_approach/block_access_flags_long.parquet,data/processed/access/edited/della_runs/positive_layer_20260814_intersect/block_access_flags_long.parquet,inundated < isolated < fragile < redundant; unclassified is not comparable
approach_vs_intersect,intersect,5,fragile,redundant,0,0,0,0,True,approach_worse,68521,6135688,data/processed/access/edited/della_runs/positive_layer_20260814_approach/block_access_flags_long.parquet,data/processed/access/edited/della_runs/positive_layer_20260814_intersect/block_access_flags_long.parquet,inundated < isolated < fragile < redundant; unclassified is not comparable
approach_vs_intersect,intersect,5,redundant,unclassified,0,0,0,0,True,not_applicable_unclassified,68521,6135688,data/processed/access/edited/della_runs/positive_layer_20260814_approach/block_access_flags_long.parquet,data/processed/access/edited/della_runs/positive_layer_20260814_intersect/block_access_flags_long.parquet,inundated < isolated < fragile < redundant; unclassified is not comparable
approach_vs_intersect,intersect,5,redundant,inundated,0,0,0,0,True,approach_better,68521,6135688,data/processed/access/edited/della_runs/positive_layer_20260814_approach/block_access_flags_long.parquet,data/processed/access/edited/della_runs/positive_layer_20260814_intersect/block_access_flags_long.parquet,inundated < isolated < fragile < redundant; unclassified is not comparable
approach_vs_intersect,intersect,5,redundant,isolated,165,2902,0.0024080208987,0.000472970594333,True,approach_better,68521,6135688,data/processed/access/edited/della_runs/positive_layer_20260814_approach/block_access_flags_long.parquet,data/processed/access/edited/della_runs/positive_layer_20260814_intersect/block_access_flags_long.parquet,inundated < isolated < fragile < redundant; unclassified is not comparable
approach_vs_intersect,intersect,5,redundant,fragile,388,19343,0.00566249762846,0.00315253969889,True,approach_better,68521,6135688,data/processed/access/edited/della_runs/positive_layer_20260814_approach/block_access_flags_long.parquet,data/processed/access/edited/della_runs/positive_layer_20260814_intersect/block_access_flags_long.parquet,inundated < isolated < fragile < redundant; unclassified is not comparable
approach_vs_intersect,intersect,5,redundant,redundant,42475,3109231,0.61988295559,0.50674529083,False,same,68521,6135688,data/processed/access/edited/della_runs/positive_layer_20260814_approach/block_access_flags_long.parquet,data/processed/access/edited/della_runs/positive_layer_20260814_intersect/block_access_flags_long.parquet,inundated < isolated < fragile < redundant; unclassified is not comparable
approach_vs_intersect,intersect,6,unclassified,unclassified,0,0,0,0,False,not_applicable_unclassified,68521,6135688,data/processed/access/edited/della_runs/positive_layer_20260814_approach/block_access_flags_long.parquet,data/processed/access/edited/della_runs/positive_layer_20260814_intersect/block_access_flags_long.parquet,inundated < isolated < fragile < redundant; unclassified is not comparable
approach_vs_intersect,intersect,6,unclassified,inundated,0,0,0,0,True,not_applicable_unclassified,68521,6135688,data/processed/access/edited/della_runs/positive_layer_20260814_approach/block_access_flags_long.parquet,data/processed/access/edited/della_runs/positive_layer_20260814_intersect/block_access_flags_long.parquet,inundated < isolated < fragile < redundant; unclassified is not comparable
approach_vs_intersect,intersect,6,unclassified,isolated,0,0,0,0,True,not_applicable_unclassified,68521,6135688,data/processed/access/edited/della_runs/positive_layer_20260814_approach/block_access_flags_long.parquet,data/processed/access/edited/della_runs/positive_layer_20260814_intersect/block_access_flags_long.parquet,inundated < isolated < fragile < redundant; unclassified is not comparable
approach_vs_intersect,intersect,6,unclassified,fragile,0,0,0,0,True,not_applicable_unclassified,68521,6135688,data/processed/access/edited/della_runs/positive_layer_20260814_approach/block_access_flags_long.parquet,data/processed/access/edited/della_runs/positive_layer_20260814_intersect/block_access_flags_long.parquet,inundated < isolated < fragile < redundant; unclassified is not comparable
approach_vs_intersect,intersect,6,unclassified,redundant,0,0,0,0,True,not_applicable_unclassified,68521,6135688,data/processed/access/edited/della_runs/positive_layer_20260814_approach/block_access_flags_long.parquet,data/processed/access/edited/della_runs/positive_layer_20260814_intersect/block_access_flags_long.parquet,inundated < isolated < fragile < redundant; unclassified is not comparable
approach_vs_intersect,intersect,6,inundated,unclassified,0,0,0,0,True,not_applicable_unclassified,68521,6135688,data/processed/access/edited/della_runs/positive_layer_20260814_approach/block_access_flags_long.parquet,data/processed/access/edited/della_runs/positive_layer_20260814_intersect/block_access_flags_long.parquet,inundated < isolated < fragile < redundant; unclassified is not comparable
approach_vs_intersect,intersect,6,inundated,inundated,13202,1346940,0.192670860028,0.219525503904,False,same,68521,6135688,data/processed/access/edited/della_runs/positive_layer_20260814_approach/block_access_flags_long.parquet,data/processed/access/edited/della_runs/positive_layer_20260814_intersect/block_access_flags_long.parquet,inundated < isolated < fragile < redundant; unclassified is not comparable
approach_vs_intersect,intersect,6,inundated,isolated,0,0,0,0,True,approach_worse,68521,6135688,data/processed/access/edited/della_runs/positive_layer_20260814_approach/block_access_flags_long.parquet,data/processed/access/edited/della_runs/positive_layer_20260814_intersect/block_access_flags_long.parquet,inundated < isolated < fragile < redundant; unclassified is not comparable
approach_vs_intersect,intersect,6,inundated,fragile,0,0,0,0,True,approach_worse,68521,6135688,data/processed/access/edited/della_runs/positive_layer_20260814_approach/block_access_flags_long.parquet,data/processed/access/edited/della_runs/positive_layer_20260814_intersect/block_access_flags_long.parquet,inundated < isolated < fragile < redundant; unclassified is not comparable
approach_vs_intersect,intersect,6,inundated,redundant,0,0,0,0,True,approach_worse,68521,6135688,data/processed/access/edited/della_runs/positive_layer_20260814_approach/block_access_flags_long.parquet,data/processed/access/edited/della_runs/positive_layer_20260814_intersect/block_access_flags_long.parquet,inundated < isolated < fragile < redundant; unclassified is not comparable
approach_vs_intersect,intersect,6,isolated,unclassified,0,0,0,0,True,not_applicable_unclassified,68521,6135688,data/processed/access/edited/della_runs/positive_layer_20260814_approach/block_access_flags_long.parquet,data/processed/access/edited/della_runs/positive_layer_20260814_intersect/block_access_flags_long.parquet,inundated < isolated < fragile < redundant; unclassified is not comparable
approach_vs_intersect,intersect,6,isolated,inundated,0,0,0,0,True,approach_better,68521,6135688,data/processed/access/edited/della_runs/positive_layer_20260814_approach/block_access_flags_long.parquet,data/processed/access/edited/della_runs/positive_layer_20260814_intersect/block_access_flags_long.parquet,inundated < isolated < fragile < redundant; unclassified is not comparable
approach_vs_intersect,intersect,6,isolated,isolated,6481,649104,0.0945841420878,0.105791559154,False,same,68521,6135688,data/processed/access/edited/della_runs/positive_layer_20260814_approach/block_access_flags_long.parquet,data/processed/access/edited/della_runs/positive_layer_20260814_intersect/block_access_flags_long.parquet,inundated < isolated < fragile < redundant; unclassified is not comparable
approach_vs_intersect,intersect,6,isolated,fragile,8,652,0.000116752528422,0.000106263551862,True,approach_worse,68521,6135688,data/processed/access/edited/della_runs/positive_layer_20260814_approach/block_access_flags_long.parquet,data/processed/access/edited/della_runs/positive_layer_20260814_intersect/block_access_flags_long.parquet,inundated < isolated < fragile < redundant; unclassified is not comparable
approach_vs_intersect,intersect,6,isolated,redundant,0,0,0,0,True,approach_worse,68521,6135688,data/processed/access/edited/della_runs/positive_layer_20260814_approach/block_access_flags_long.parquet,data/processed/access/edited/della_runs/positive_layer_20260814_intersect/block_access_flags_long.parquet,inundated < isolated < fragile < redundant; unclassified is not comparable
approach_vs_intersect,intersect,6,fragile,unclassified,0,0,0,0,True,not_applicable_unclassified,68521,6135688,data/processed/access/edited/della_runs/positive_layer_20260814_approach/block_access_flags_long.parquet,data/processed/access/edited/della_runs/positive_layer_20260814_intersect/block_access_flags_long.parquet,inundated < isolated < fragile < redundant; unclassified is not comparable
approach_vs_intersect,intersect,6,fragile,inundated,0,0,0,0,True,approach_better,68521,6135688,data/processed/access/edited/della_runs/positive_layer_20260814_approach/block_access_flags_long.parquet,data/processed/access/edited/della_runs/positive_layer_20260814_intersect/block_access_flags_long.parquet,inundated < isolated < fragile < redundant; unclassified is not comparable
approach_vs_intersect,intersect,6,fragile,isolated,189,5568,0.00275827848397,0.000907477694433,True,approach_better,68521,6135688,data/processed/access/edited/della_runs/positive_layer_20260814_approach/block_access_flags_long.parquet,data/processed/access/edited/della_runs/positive_layer_20260814_intersect/block_access_flags_long.parquet,inundated < isolated < fragile < redundant; unclassified is not comparable
approach_vs_intersect,intersect,6,fragile,fragile,13553,1675039,0.197793377213,0.272999376761,False,same,68521,6135688,data/processed/access/edited/della_runs/positive_layer_20260814_approach/block_access_flags_long.parquet,data/processed/access/edited/della_runs/positive_layer_20260814_intersect/block_access_flags_long.parquet,inundated < isolated < fragile < redundant; unclassified is not comparable
approach_vs_intersect,intersect,6,fragile,redundant,0,0,0,0,True,approach_worse,68521,6135688,data/processed/access/edited/della_runs/positive_layer_20260814_approach/block_access_flags_long.parquet,data/processed/access/edited/della_runs/positive_layer_20260814_intersect/block_access_flags_long.parquet,inundated < isolated < fragile < redundant; unclassified is not comparable
approach_vs_intersect,intersect,6,redundant,unclassified,0,0,0,0,True,not_applicable_unclassified,68521,6135688,data/processed/access/edited/della_runs/positive_layer_20260814_approach/block_access_flags_long.parquet,data/processed/access/edited/della_runs/positive_layer_20260814_intersect/block_access_flags_long.parquet,inundated < isolated < fragile < redundant; unclassified is not comparable
approach_vs_intersect,intersect,6,redundant,inundated,0,0,0,0,True,approach_better,68521,6135688,data/processed/access/edited/della_runs/positive_layer_20260814_approach/block_access_flags_long.parquet,data/processed/access/edited/della_runs/positive_layer_20260814_intersect/block_access_flags_long.parquet,inundated < isolated < fragile < redundant; unclassified is not comparable
approach_vs_intersect,intersect,6,redundant,isolated,277,10393,0.00404255629661,0.0016938605744,True,approach_better,68521,6135688,data/processed/access/edited/della_runs/positive_layer_20260814_approach/block_access_flags_long.parquet,data/processed/access/edited/della_runs/positive_layer_20260814_intersect/block_access_flags_long.parquet,inundated < isolated < fragile < redundant; unclassified is not comparable
approach_vs_intersect,intersect,6,redundant,fragile,207,7475,0.00302097167292,0.00121828228554,True,approach_better,68521,6135688,data/processed/access/edited/della_runs/positive_layer_20260814_approach/block_access_flags_long.parquet,data/processed/access/edited/della_runs/positive_layer_20260814_intersect/block_access_flags_long.parquet,inundated < isolated < fragile < redundant; unclassified is not comparable
approach_vs_intersect,intersect,6,redundant,redundant,34604,2440517,0.505013061689,0.397757676075,False,same,68521,6135688,data/processed/access/edited/della_runs/positive_layer_20260814_approach/block_access_flags_long.parquet,data/processed/access/edited/della_runs/positive_layer_20260814_intersect/block_access_flags_long.parquet,inundated < isolated < fragile < redundant; unclassified is not comparable
approach_vs_retain,retain,0,unclassified,unclassified,0,0,0,0,False,not_applicable_unclassified,68521,6135688,data/processed/access/edited/della_runs/positive_layer_20260814_approach/block_access_flags_long.parquet,data/processed/access/edited/della_runs/positive_layer_20260814_retain/block_access_flags_long.parquet,inundated < isolated < fragile < redundant; unclassified is not comparable
approach_vs_retain,retain,0,unclassified,inundated,0,0,0,0,True,not_applicable_unclassified,68521,6135688,data/processed/access/edited/della_runs/positive_layer_20260814_approach/block_access_flags_long.parquet,data/processed/access/edited/della_runs/positive_layer_20260814_retain/block_access_flags_long.parquet,inundated < isolated < fragile < redundant; unclassified is not comparable
approach_vs_retain,retain,0,unclassified,isolated,0,0,0,0,True,not_applicable_unclassified,68521,6135688,data/processed/access/edited/della_runs/positive_layer_20260814_approach/block_access_flags_long.parquet,data/processed/access/edited/della_runs/positive_layer_20260814_retain/block_access_flags_long.parquet,inundated < isolated < fragile < redundant; unclassified is not comparable
approach_vs_retain,retain,0,unclassified,fragile,0,0,0,0,True,not_applicable_unclassified,68521,6135688,data/processed/access/edited/della_runs/positive_layer_20260814_approach/block_access_flags_long.parquet,data/processed/access/edited/della_runs/positive_layer_20260814_retain/block_access_flags_long.parquet,inundated < isolated < fragile < redundant; unclassified is not comparable
approach_vs_retain,retain,0,unclassified,redundant,0,0,0,0,True,not_applicable_unclassified,68521,6135688,data/processed/access/edited/della_runs/positive_layer_20260814_approach/block_access_flags_long.parquet,data/processed/access/edited/della_runs/positive_layer_20260814_retain/block_access_flags_long.parquet,inundated < isolated < fragile < redundant; unclassified is not comparable
approach_vs_retain,retain,0,inundated,unclassified,0,0,0,0,True,not_applicable_unclassified,68521,6135688,data/processed/access/edited/della_runs/positive_layer_20260814_approach/block_access_flags_long.parquet,data/processed/access/edited/della_runs/positive_layer_20260814_retain/block_access_flags_long.parquet,inundated < isolated < fragile < redundant; unclassified is not comparable
approach_vs_retain,retain,0,inundated,inundated,188,20053,0.00274368441792,0.0032682561434,False,same,68521,6135688,data/processed/access/edited/della_runs/positive_layer_20260814_approach/block_access_flags_long.parquet,data/processed/access/edited/della_runs/positive_layer_20260814_retain/block_access_flags_long.parquet,inundated < isolated < fragile < redundant; unclassified is not comparable
approach_vs_retain,retain,0,inundated,isolated,0,0,0,0,True,approach_worse,68521,6135688,data/processed/access/edited/della_runs/positive_layer_20260814_approach/block_access_flags_long.parquet,data/processed/access/edited/della_runs/positive_layer_20260814_retain/block_access_flags_long.parquet,inundated < isolated < fragile < redundant; unclassified is not comparable
approach_vs_retain,retain,0,inundated,fragile,0,0,0,0,True,approach_worse,68521,6135688,data/processed/access/edited/della_runs/positive_layer_20260814_approach/block_access_flags_long.parquet,data/processed/access/edited/della_runs/positive_layer_20260814_retain/block_access_flags_long.parquet,inundated < isolated < fragile < redundant; unclassified is not comparable
approach_vs_retain,retain,0,inundated,redundant,0,0,0,0,True,approach_worse,68521,6135688,data/processed/access/edited/della_runs/positive_layer_20260814_approach/block_access_flags_long.parquet,data/processed/access/edited/della_runs/positive_layer_20260814_retain/block_access_flags_long.parquet,inundated < isolated < fragile < redundant; unclassified is not comparable
approach_vs_retain,retain,0,isolated,unclassified,0,0,0,0,True,not_applicable_unclassified,68521,6135688,data/processed/access/edited/della_runs/positive_layer_20260814_approach/block_access_flags_long.parquet,data/processed/access/edited/della_runs/positive_layer_20260814_retain/block_access_flags_long.parquet,inundated < isolated < fragile < redundant; unclassified is not comparable
approach_vs_retain,retain,0,isolated,inundated,0,0,0,0,True,approach_better,68521,6135688,data/processed/access/edited/della_runs/positive_layer_20260814_approach/block_access_flags_long.parquet,data/processed/access/edited/della_runs/positive_layer_20260814_retain/block_access_flags_long.parquet,inundated < isolated < fragile < redundant; unclassified is not comparable
approach_vs_retain,retain,0,isolated,isolated,142,15311,0.00207235737949,0.00249540067878,False,same,68521,6135688,data/processed/access/edited/della_runs/positive_layer_20260814_approach/block_access_flags_long.parquet,data/processed/access/edited/della_runs/positive_layer_20260814_retain/block_access_flags_long.parquet,inundated < isolated < fragile < redundant; unclassified is not comparable
approach_vs_retain,retain,0,isolated,fragile,21,2815,0.000306475387108,0.000458791255357,True,approach_worse,68521,6135688,data/processed/access/edited/della_runs/positive_layer_20260814_approach/block_access_flags_long.parquet,data/processed/access/edited/della_runs/positive_layer_20260814_retain/block_access_flags_long.parquet,inundated < isolated < fragile < redundant; unclassified is not comparable
approach_vs_retain,retain,0,isolated,redundant,0,0,0,0,True,approach_worse,68521,6135688,data/processed/access/edited/della_runs/positive_layer_20260814_approach/block_access_flags_long.parquet,data/processed/access/edited/della_runs/positive_layer_20260814_retain/block_access_flags_long.parquet,inundated < isolated < fragile < redundant; unclassified is not comparable
approach_vs_retain,retain,0,fragile,unclassified,0,0,0,0,True,not_applicable_unclassified,68521,6135688,data/processed/access/edited/della_runs/positive_layer_20260814_approach/block_access_flags_long.parquet,data/processed/access/edited/della_runs/positive_layer_20260814_retain/block_access_flags_long.parquet,inundated < isolated < fragile < redundant; unclassified is not comparable
approach_vs_retain,retain,0,fragile,inundated,0,0,0,0,True,approach_better,68521,6135688,data/processed/access/edited/della_runs/positive_layer_20260814_approach/block_access_flags_long.parquet,data/processed/access/edited/della_runs/positive_layer_20260814_retain/block_access_flags_long.parquet,inundated < isolated < fragile < redundant; unclassified is not comparable
approach_vs_retain,retain,0,fragile,isolated,0,0,0,0,True,approach_better,68521,6135688,data/processed/access/edited/della_runs/positive_layer_20260814_approach/block_access_flags_long.parquet,data/processed/access/edited/della_runs/positive_layer_20260814_retain/block_access_flags_long.parquet,inundated < isolated < fragile < redundant; unclassified is not comparable
approach_vs_retain,retain,0,fragile,fragile,17335,2382858,0.252988135024,0.388360359914,False,same,68521,6135688,data/processed/access/edited/della_runs/positive_layer_20260814_approach/block_access_flags_long.parquet,data/processed/access/edited/della_runs/positive_layer_20260814_retain/block_access_flags_long.parquet,inundated < isolated < fragile < redundant; unclassified is not comparable
approach_vs_retain,retain,0,fragile,redundant,0,0,0,0,True,approach_worse,68521,6135688,data/processed/access/edited/della_runs/positive_layer_20260814_approach/block_access_flags_long.parquet,data/processed/access/edited/della_runs/positive_layer_20260814_retain/block_access_flags_long.parquet,inundated < isolated < fragile < redundant; unclassified is not comparable
approach_vs_retain,retain,0,redundant,unclassified,0,0,0,0,True,not_applicable_unclassified,68521,6135688,data/processed/access/edited/della_runs/positive_layer_20260814_approach/block_access_flags_long.parquet,data/processed/access/edited/della_runs/positive_layer_20260814_retain/block_access_flags_long.parquet,inundated < isolated < fragile < redundant; unclassified is not comparable
approach_vs_retain,retain,0,redundant,inundated,0,0,0,0,True,approach_better,68521,6135688,data/processed/access/edited/della_runs/positive_layer_20260814_approach/block_access_flags_long.parquet,data/processed/access/edited/della_runs/positive_layer_20260814_retain/block_access_flags_long.parquet,inundated < isolated < fragile < redundant; unclassified is not comparable
approach_vs_retain,retain,0,redundant,isolated,0,0,0,0,True,approach_better,68521,6135688,data/processed/access/edited/della_runs/positive_layer_20260814_approach/block_access_flags_long.parquet,data/processed/access/edited/della_runs/positive_layer_20260814_retain/block_access_flags_long.parquet,inundated < isolated < fragile < redundant; unclassified is not comparable
approach_vs_retain,retain,0,redundant,fragile,0,0,0,0,True,approach_better,68521,6135688,data/processed/access/edited/della_runs/positive_layer_20260814_approach/block_access_flags_long.parquet,data/processed/access/edited/della_runs/positive_layer_20260814_retain/block_access_flags_long.parquet,inundated < isolated < fragile < redundant; unclassified is not comparable
approach_vs_retain,retain,0,redundant,redundant,50835,3714651,0.741889347791,0.605417192008,False,same,68521,6135688,data/processed/access/edited/della_runs/positive_layer_20260814_approach/block_access_flags_long.parquet,data/processed/access/edited/della_runs/positive_layer_20260814_retain/block_access_flags_long.parquet,inundated < isolated < fragile < redundant; unclassified is not comparable
approach_vs_retain,retain,1,unclassified,unclassified,0,0,0,0,False,not_applicable_unclassified,68521,6135688,data/processed/access/edited/della_runs/positive_layer_20260814_approach/block_access_flags_long.parquet,data/processed/access/edited/della_runs/positive_layer_20260814_retain/block_access_flags_long.parquet,inundated < isolated < fragile < redundant; unclassified is not comparable
approach_vs_retain,retain,1,unclassified,inundated,0,0,0,0,True,not_applicable_unclassified,68521,6135688,data/processed/access/edited/della_runs/positive_layer_20260814_approach/block_access_flags_long.parquet,data/processed/access/edited/della_runs/positive_layer_20260814_retain/block_access_flags_long.parquet,inundated < isolated < fragile < redundant; unclassified is not comparable
approach_vs_retain,retain,1,unclassified,isolated,0,0,0,0,True,not_applicable_unclassified,68521,6135688,data/processed/access/edited/della_runs/positive_layer_20260814_approach/block_access_flags_long.parquet,data/processed/access/edited/della_runs/positive_layer_20260814_retain/block_access_flags_long.parquet,inundated < isolated < fragile < redundant; unclassified is not comparable
approach_vs_retain,retain,1,unclassified,fragile,0,0,0,0,True,not_applicable_unclassified,68521,6135688,data/processed/access/edited/della_runs/positive_layer_20260814_approach/block_access_flags_long.parquet,data/processed/access/edited/della_runs/positive_layer_20260814_retain/block_access_flags_long.parquet,inundated < isolated < fragile < redundant; unclassified is not comparable
approach_vs_retain,retain,1,unclassified,redundant,0,0,0,0,True,not_applicable_unclassified,68521,6135688,data/processed/access/edited/della_runs/positive_layer_20260814_approach/block_access_flags_long.parquet,data/processed/access/edited/della_runs/positive_layer_20260814_retain/block_access_flags_long.parquet,inundated < isolated < fragile < redundant; unclassified is not comparable
approach_vs_retain,retain,1,inundated,unclassified,0,0,0,0,True,not_applicable_unclassified,68521,6135688,data/processed/access/edited/della_runs/positive_layer_20260814_approach/block_access_flags_long.parquet,data/processed/access/edited/della_runs/positive_layer_20260814_retain/block_access_flags_long.parquet,inundated < isolated < fragile < redundant; unclassified is not comparable
approach_vs_retain,retain,1,inundated,inundated,273,24906,0.0039841800324,0.00405920248878,False,same,68521,6135688,data/processed/access/edited/della_runs/positive_layer_20260814_approach/block_access_flags_long.parquet,data/processed/access/edited/della_runs/positive_layer_20260814_retain/block_access_flags_long.parquet,inundated < isolated < fragile < redundant; unclassified is not comparable
approach_vs_retain,retain,1,inundated,isolated,0,0,0,0,True,approach_worse,68521,6135688,data/processed/access/edited/della_runs/positive_layer_20260814_approach/block_access_flags_long.parquet,data/processed/access/edited/della_runs/positive_layer_20260814_retain/block_access_flags_long.parquet,inundated < isolated < fragile < redundant; unclassified is not comparable
approach_vs_retain,retain,1,inundated,fragile,0,0,0,0,True,approach_worse,68521,6135688,data/processed/access/edited/della_runs/positive_layer_20260814_approach/block_access_flags_long.parquet,data/processed/access/edited/della_runs/positive_layer_20260814_retain/block_access_flags_long.parquet,inundated < isolated < fragile < redundant; unclassified is not comparable
approach_vs_retain,retain,1,inundated,redundant,0,0,0,0,True,approach_worse,68521,6135688,data/processed/access/edited/della_runs/positive_layer_20260814_approach/block_access_flags_long.parquet,data/processed/access/edited/della_runs/positive_layer_20260814_retain/block_access_flags_long.parquet,inundated < isolated < fragile < redundant; unclassified is not comparable
approach_vs_retain,retain,1,isolated,unclassified,0,0,0,0,True,not_applicable_unclassified,68521,6135688,data/processed/access/edited/della_runs/positive_layer_20260814_approach/block_access_flags_long.parquet,data/processed/access/edited/della_runs/positive_layer_20260814_retain/block_access_flags_long.parquet,inundated < isolated < fragile < redundant; unclassified is not comparable
approach_vs_retain,retain,1,isolated,inundated,0,0,0,0,True,approach_better,68521,6135688,data/processed/access/edited/della_runs/positive_layer_20260814_approach/block_access_flags_long.parquet,data/processed/access/edited/della_runs/positive_layer_20260814_retain/block_access_flags_long.parquet,inundated < isolated < fragile < redundant; unclassified is not comparable
approach_vs_retain,retain,1,isolated,isolated,154,15925,0.00224748617212,0.00259547095615,False,same,68521,6135688,data/processed/access/edited/della_runs/positive_layer_20260814_approach/block_access_flags_long.parquet,data/processed/access/edited/della_runs/positive_layer_20260814_retain/block_access_flags_long.parquet,inundated < isolated < fragile < redundant; unclassified is not comparable
approach_vs_retain,retain,1,isolated,fragile,21,2815,0.000306475387108,0.000458791255357,True,approach_worse,68521,6135688,data/processed/access/edited/della_runs/positive_layer_20260814_approach/block_access_flags_long.parquet,data/processed/access/edited/della_runs/positive_layer_20260814_retain/block_access_flags_long.parquet,inundated < isolated < fragile < redundant; unclassified is not comparable
approach_vs_retain,retain,1,isolated,redundant,0,0,0,0,True,approach_worse,68521,6135688,data/processed/access/edited/della_runs/positive_layer_20260814_approach/block_access_flags_long.parquet,data/processed/access/edited/della_runs/positive_layer_20260814_retain/block_access_flags_long.parquet,inundated < isolated < fragile < redundant; unclassified is not comparable
approach_vs_retain,retain,1,fragile,unclassified,0,0,0,0,True,not_applicable_unclassified,68521,6135688,data/processed/access/edited/della_runs/positive_layer_20260814_approach/block_access_flags_long.parquet,data/processed/access/edited/della_runs/positive_layer_20260814_retain/block_access_flags_long.parquet,inundated < isolated < fragile < redundant; unclassified is not comparable
approach_vs_retain,retain,1,fragile,inundated,0,0,0,0,True,approach_better,68521,6135688,data/processed/access/edited/della_runs/positive_layer_20260814_approach/block_access_flags_long.parquet,data/processed/access/edited/della_runs/positive_layer_20260814_retain/block_access_flags_long.parquet,inundated < isolated < fragile < redundant; unclassified is not comparable
approach_vs_retain,retain,1,fragile,isolated,0,0,0,0,True,approach_better,68521,6135688,data/processed/access/edited/della_runs/positive_layer_20260814_approach/block_access_flags_long.parquet,data/processed/access/edited/della_runs/positive_layer_20260814_retain/block_access_flags_long.parquet,inundated < isolated < fragile < redundant; unclassified is not comparable
approach_vs_retain,retain,1,fragile,fragile,17276,2378973,0.252127085127,0.387727179087,False,same,68521,6135688,data/processed/access/edited/della_runs/positive_layer_20260814_approach/block_access_flags_long.parquet,data/processed/access/edited/della_runs/positive_layer_20260814_retain/block_access_flags_long.parquet,inundated < isolated < fragile < redundant; unclassified is not comparable
approach_vs_retain,retain,1,fragile,redundant,0,0,0,0,True,approach_worse,68521,6135688,data/processed/access/edited/della_runs/positive_layer_20260814_approach/block_access_flags_long.parquet,data/processed/access/edited/della_runs/positive_layer_20260814_retain/block_access_flags_long.parquet,inundated < isolated < fragile < redundant; unclassified is not comparable
approach_vs_retain,retain,1,redundant,unclassified,0,0,0,0,True,not_applicable_unclassified,68521,6135688,data/processed/access/edited/della_runs/positive_layer_20260814_approach/block_access_flags_long.parquet,data/processed/access/edited/della_runs/positive_layer_20260814_retain/block_access_flags_long.parquet,inundated < isolated < fragile < redundant; unclassified is not comparable
approach_vs_retain,retain,1,redundant,inundated,0,0,0,0,True,approach_better,68521,6135688,data/processed/access/edited/della_runs/positive_layer_20260814_approach/block_access_flags_long.parquet,data/processed/access/edited/della_runs/positive_layer_20260814_retain/block_access_flags_long.parquet,inundated < isolated < fragile < redundant; unclassified is not comparable
approach_vs_retain,retain,1,redundant,isolated,0,0,0,0,True,approach_better,68521,6135688,data/processed/access/edited/della_runs/positive_layer_20260814_approach/block_access_flags_long.parquet,data/processed/access/edited/della_runs/positive_layer_20260814_retain/block_access_flags_long.parquet,inundated < isolated < fragile < redundant; unclassified is not comparable
approach_vs_retain,retain,1,redundant,fragile,0,0,0,0,True,approach_better,68521,6135688,data/processed/access/edited/della_runs/positive_layer_20260814_approach/block_access_flags_long.parquet,data/processed/access/edited/della_runs/positive_layer_20260814_retain/block_access_flags_long.parquet,inundated < isolated < fragile < redundant; unclassified is not comparable
approach_vs_retain,retain,1,redundant,redundant,50797,3713069,0.741334773281,0.605159356212,False,same,68521,6135688,data/processed/access/edited/della_runs/positive_layer_20260814_approach/block_access_flags_long.parquet,data/processed/access/edited/della_runs/positive_layer_20260814_retain/block_access_flags_long.parquet,inundated < isolated < fragile < redundant; unclassified is not comparable
approach_vs_retain,retain,2,unclassified,unclassified,0,0,0,0,False,not_applicable_unclassified,68521,6135688,data/processed/access/edited/della_runs/positive_layer_20260814_approach/block_access_flags_long.parquet,data/processed/access/edited/della_runs/positive_layer_20260814_retain/block_access_flags_long.parquet,inundated < isolated < fragile < redundant; unclassified is not comparable
approach_vs_retain,retain,2,unclassified,inundated,0,0,0,0,True,not_applicable_unclassified,68521,6135688,data/processed/access/edited/della_runs/positive_layer_20260814_approach/block_access_flags_long.parquet,data/processed/access/edited/della_runs/positive_layer_20260814_retain/block_access_flags_long.parquet,inundated < isolated < fragile < redundant; unclassified is not comparable
approach_vs_retain,retain,2,unclassified,isolated,0,0,0,0,True,not_applicable_unclassified,68521,6135688,data/processed/access/edited/della_runs/positive_layer_20260814_approach/block_access_flags_long.parquet,data/processed/access/edited/della_runs/positive_layer_20260814_retain/block_access_flags_long.parquet,inundated < isolated < fragile < redundant; unclassified is not comparable
approach_vs_retain,retain,2,unclassified,fragile,0,0,0,0,True,not_applicable_unclassified,68521,6135688,data/processed/access/edited/della_runs/positive_layer_20260814_approach/block_access_flags_long.parquet,data/processed/access/edited/della_runs/positive_layer_20260814_retain/block_access_flags_long.parquet,inundated < isolated < fragile < redundant; unclassified is not comparable
approach_vs_retain,retain,2,unclassified,redundant,0,0,0,0,True,not_applicable_unclassified,68521,6135688,data/processed/access/edited/della_runs/positive_layer_20260814_approach/block_access_flags_long.parquet,data/processed/access/edited/della_runs/positive_layer_20260814_retain/block_access_flags_long.parquet,inundated < isolated < fragile < redundant; unclassified is not comparable
approach_vs_retain,retain,2,inundated,unclassified,0,0,0,0,True,not_applicable_unclassified,68521,6135688,data/processed/access/edited/della_runs/positive_layer_20260814_approach/block_access_flags_long.parquet,data/processed/access/edited/della_runs/positive_layer_20260814_retain/block_access_flags_long.parquet,inundated < isolated < fragile < redundant; unclassified is not comparable
approach_vs_retain,retain,2,inundated,inundated,437,37488,0.00637760686505,0.00610982827028,False,same,68521,6135688,data/processed/access/edited/della_runs/positive_layer_20260814_approach/block_access_flags_long.parquet,data/processed/access/edited/della_runs/positive_layer_20260814_retain/block_access_flags_long.parquet,inundated < isolated < fragile < redundant; unclassified is not comparable
approach_vs_retain,retain,2,inundated,isolated,0,0,0,0,True,approach_worse,68521,6135688,data/processed/access/edited/della_runs/positive_layer_20260814_approach/block_access_flags_long.parquet,data/processed/access/edited/della_runs/positive_layer_20260814_retain/block_access_flags_long.parquet,inundated < isolated < fragile < redundant; unclassified is not comparable
approach_vs_retain,retain,2,inundated,fragile,0,0,0,0,True,approach_worse,68521,6135688,data/processed/access/edited/della_runs/positive_layer_20260814_approach/block_access_flags_long.parquet,data/processed/access/edited/della_runs/positive_layer_20260814_retain/block_access_flags_long.parquet,inundated < isolated < fragile < redundant; unclassified is not comparable
approach_vs_retain,retain,2,inundated,redundant,0,0,0,0,True,approach_worse,68521,6135688,data/processed/access/edited/della_runs/positive_layer_20260814_approach/block_access_flags_long.parquet,data/processed/access/edited/della_runs/positive_layer_20260814_retain/block_access_flags_long.parquet,inundated < isolated < fragile < redundant; unclassified is not comparable
approach_vs_retain,retain,2,isolated,unclassified,0,0,0,0,True,not_applicable_unclassified,68521,6135688,data/processed/access/edited/della_runs/positive_layer_20260814_approach/block_access_flags_long.parquet,data/processed/access/edited/della_runs/positive_layer_20260814_retain/block_access_flags_long.parquet,inundated < isolated < fragile < redundant; unclassified is not comparable
approach_vs_retain,retain,2,isolated,inundated,0,0,0,0,True,approach_better,68521,6135688,data/processed/access/edited/della_runs/positive_layer_20260814_approach/block_access_flags_long.parquet,data/processed/access/edited/della_runs/positive_layer_20260814_retain/block_access_flags_long.parquet,inundated < isolated < fragile < redundant; unclassified is not comparable
approach_vs_retain,retain,2,isolated,isolated,510,48089,0.0074429736869,0.00783758887349,False,same,68521,6135688,data/processed/access/edited/della_runs/positive_layer_20260814_approach/block_access_flags_long.parquet,data/processed/access/edited/della_runs/positive_layer_20260814_retain/block_access_flags_long.parquet,inundated < isolated < fragile < redundant; unclassified is not comparable
approach_vs_retain,retain,2,isolated,fragile,15,2731,0.000218910990791,0.000445100859105,True,approach_worse,68521,6135688,data/processed/access/edited/della_runs/positive_layer_20260814_approach/block_access_flags_long.parquet,data/processed/access/edited/della_runs/positive_layer_20260814_retain/block_access_flags_long.parquet,inundated < isolated < fragile < redundant; unclassified is not comparable
approach_vs_retain,retain,2,isolated,redundant,0,0,0,0,True,approach_worse,68521,6135688,data/processed/access/edited/della_runs/positive_layer_20260814_approach/block_access_flags_long.parquet,data/processed/access/edited/della_runs/positive_layer_20260814_retain/block_access_flags_long.parquet,inundated < isolated < fragile < redundant; unclassified is not comparable
approach_vs_retain,retain,2,fragile,unclassified,0,0,0,0,True,not_applicable_unclassified,68521,6135688,data/processed/access/edited/della_runs/positive_layer_20260814_approach/block_access_flags_long.parquet,data/processed/access/edited/della_runs/positive_layer_20260814_retain/block_access_flags_long.parquet,inundated < isolated < fragile < redundant; unclassified is not comparable
approach_vs_retain,retain,2,fragile,inundated,0,0,0,0,True,approach_better,68521,6135688,data/processed/access/edited/della_runs/positive_layer_20260814_approach/block_access_flags_long.parquet,data/processed/access/edited/della_runs/positive_layer_20260814_retain/block_access_flags_long.parquet,inundated < isolated < fragile < redundant; unclassified is not comparable
approach_vs_retain,retain,2,fragile,isolated,0,0,0,0,True,approach_better,68521,6135688,data/processed/access/edited/della_runs/positive_layer_20260814_approach/block_access_flags_long.parquet,data/processed/access/edited/della_runs/positive_layer_20260814_retain/block_access_flags_long.parquet,inundated < isolated < fragile < redundant; unclassified is not comparable
approach_vs_retain,retain,2,fragile,fragile,17276,2368188,0.252127085127,0.385969429997,False,same,68521,6135688,data/processed/access/edited/della_runs/positive_layer_20260814_approach/block_access_flags_long.parquet,data/processed/access/edited/della_runs/positive_layer_20260814_retain/block_access_flags_long.parquet,inundated < isolated < fragile < redundant; unclassified is not comparable
approach_vs_retain,retain,2,fragile,redundant,0,0,0,0,True,approach_worse,68521,6135688,data/processed/access/edited/della_runs/positive_layer_20260814_approach/block_access_flags_long.parquet,data/processed/access/edited/della_runs/positive_layer_20260814_retain/block_access_flags_long.parquet,inundated < isolated < fragile < redundant; unclassified is not comparable
approach_vs_retain,retain,2,redundant,unclassified,0,0,0,0,True,not_applicable_unclassified,68521,6135688,data/processed/access/edited/della_runs/positive_layer_20260814_approach/block_access_flags_long.parquet,data/processed/access/edited/della_runs/positive_layer_20260814_retain/block_access_flags_long.parquet,inundated < isolated < fragile < redundant; unclassified is not comparable
approach_vs_retain,retain,2,redundant,inundated,0,0,0,0,True,approach_better,68521,6135688,data/processed/access/edited/della_runs/positive_layer_20260814_approach/block_access_flags_long.parquet,data/processed/access/edited/della_runs/positive_layer_20260814_retain/block_access_flags_long.parquet,inundated < isolated < fragile < redundant; unclassified is not comparable
approach_vs_retain,retain,2,redundant,isolated,0,0,0,0,True,approach_better,68521,6135688,data/processed/access/edited/della_runs/positive_layer_20260814_approach/block_access_flags_long.parquet,data/processed/access/edited/della_runs/positive_layer_20260814_retain/block_access_flags_long.parquet,inundated < isolated < fragile < redundant; unclassified is not comparable
approach_vs_retain,retain,2,redundant,fragile,0,0,0,0,True,approach_better,68521,6135688,data/processed/access/edited/della_runs/positive_layer_20260814_approach/block_access_flags_long.parquet,data/processed/access/edited/della_runs/positive_layer_20260814_retain/block_access_flags_long.parquet,inundated < isolated < fragile < redundant; unclassified is not comparable
approach_vs_retain,retain,2,redundant,redundant,50283,3679192,0.73383342333,0.599638052,False,same,68521,6135688,data/processed/access/edited/della_runs/positive_layer_20260814_approach/block_access_flags_long.parquet,data/processed/access/edited/della_runs/positive_layer_20260814_retain/block_access_flags_long.parquet,inundated < isolated < fragile < redundant; unclassified is not comparable
approach_vs_retain,retain,3,unclassified,unclassified,0,0,0,0,False,not_applicable_unclassified,68521,6135688,data/processed/access/edited/della_runs/positive_layer_20260814_approach/block_access_flags_long.parquet,data/processed/access/edited/della_runs/positive_layer_20260814_retain/block_access_flags_long.parquet,inundated < isolated < fragile < redundant; unclassified is not comparable
approach_vs_retain,retain,3,unclassified,inundated,0,0,0,0,True,not_applicable_unclassified,68521,6135688,data/processed/access/edited/della_runs/positive_layer_20260814_approach/block_access_flags_long.parquet,data/processed/access/edited/della_runs/positive_layer_20260814_retain/block_access_flags_long.parquet,inundated < isolated < fragile < redundant; unclassified is not comparable
approach_vs_retain,retain,3,unclassified,isolated,0,0,0,0,True,not_applicable_unclassified,68521,6135688,data/processed/access/edited/della_runs/positive_layer_20260814_approach/block_access_flags_long.parquet,data/processed/access/edited/della_runs/positive_layer_20260814_retain/block_access_flags_long.parquet,inundated < isolated < fragile < redundant; unclassified is not comparable
approach_vs_retain,retain,3,unclassified,fragile,0,0,0,0,True,not_applicable_unclassified,68521,6135688,data/processed/access/edited/della_runs/positive_layer_20260814_approach/block_access_flags_long.parquet,data/processed/access/edited/della_runs/positive_layer_20260814_retain/block_access_flags_long.parquet,inundated < isolated < fragile < redundant; unclassified is not comparable
approach_vs_retain,retain,3,unclassified,redundant,0,0,0,0,True,not_applicable_unclassified,68521,6135688,data/processed/access/edited/della_runs/positive_layer_20260814_approach/block_access_flags_long.parquet,data/processed/access/edited/della_runs/positive_layer_20260814_retain/block_access_flags_long.parquet,inundated < isolated < fragile < redundant; unclassified is not comparable
approach_vs_retain,retain,3,inundated,unclassified,0,0,0,0,True,not_applicable_unclassified,68521,6135688,data/processed/access/edited/della_runs/positive_layer_20260814_approach/block_access_flags_long.parquet,data/processed/access/edited/della_runs/positive_layer_20260814_retain/block_access_flags_long.parquet,inundated < isolated < fragile < redundant; unclassified is not comparable
approach_vs_retain,retain,3,inundated,inundated,1211,106358,0.0176734139899,0.017334323388,False,same,68521,6135688,data/processed/access/edited/della_runs/positive_layer_20260814_approach/block_access_flags_long.parquet,data/processed/access/edited/della_runs/positive_layer_20260814_retain/block_access_flags_long.parquet,inundated < isolated < fragile < redundant; unclassified is not comparable
approach_vs_retain,retain,3,inundated,isolated,0,0,0,0,True,approach_worse,68521,6135688,data/processed/access/edited/della_runs/positive_layer_20260814_approach/block_access_flags_long.parquet,data/processed/access/edited/della_runs/positive_layer_20260814_retain/block_access_flags_long.parquet,inundated < isolated < fragile < redundant; unclassified is not comparable
approach_vs_retain,retain,3,inundated,fragile,0,0,0,0,True,approach_worse,68521,6135688,data/processed/access/edited/della_runs/positive_layer_20260814_approach/block_access_flags_long.parquet,data/processed/access/edited/della_runs/positive_layer_20260814_retain/block_access_flags_long.parquet,inundated < isolated < fragile < redundant; unclassified is not comparable
approach_vs_retain,retain,3,inundated,redundant,0,0,0,0,True,approach_worse,68521,6135688,data/processed/access/edited/della_runs/positive_layer_20260814_approach/block_access_flags_long.parquet,data/processed/access/edited/della_runs/positive_layer_20260814_retain/block_access_flags_long.parquet,inundated < isolated < fragile < redundant; unclassified is not comparable
approach_vs_retain,retain,3,isolated,unclassified,0,0,0,0,True,not_applicable_unclassified,68521,6135688,data/processed/access/edited/della_runs/positive_layer_20260814_approach/block_access_flags_long.parquet,data/processed/access/edited/della_runs/positive_layer_20260814_retain/block_access_flags_long.parquet,inundated < isolated < fragile < redundant; unclassified is not comparable
approach_vs_retain,retain,3,isolated,inundated,0,0,0,0,True,approach_better,68521,6135688,data/processed/access/edited/della_runs/positive_layer_20260814_approach/block_access_flags_long.parquet,data/processed/access/edited/della_runs/positive_layer_20260814_retain/block_access_flags_long.parquet,inundated < isolated < fragile < redundant; unclassified is not comparable
approach_vs_retain,retain,3,isolated,isolated,1313,162333,0.0191620087273,0.0264571797001,False,same,68521,6135688,data/processed/access/edited/della_runs/positive_layer_20260814_approach/block_access_flags_long.parquet,data/processed/access/edited/della_runs/positive_layer_20260814_retain/block_access_flags_long.parquet,inundated < isolated < fragile < redundant; unclassified is not comparable
approach_vs_retain,retain,3,isolated,fragile,14,3781,0.000204316924738,0.000616230812258,True,approach_worse,68521,6135688,data/processed/access/edited/della_runs/positive_layer_20260814_approach/block_access_flags_long.parquet,data/processed/access/edited/della_runs/positive_layer_20260814_retain/block_access_flags_long.parquet,inundated < isolated < fragile < redundant; unclassified is not comparable
approach_vs_retain,retain,3,isolated,redundant,0,0,0,0,True,approach_worse,68521,6135688,data/processed/access/edited/della_runs/positive_layer_20260814_approach/block_access_flags_long.parquet,data/processed/access/edited/della_runs/positive_layer_20260814_retain/block_access_flags_long.parquet,inundated < isolated < fragile < redundant; unclassified is not comparable
approach_vs_retain,retain,3,fragile,unclassified,0,0,0,0,True,not_applicable_unclassified,68521,6135688,data/processed/access/edited/della_runs/positive_layer_20260814_approach/block_access_flags_long.parquet,data/processed/access/edited/della_runs/positive_layer_20260814_retain/block_access_flags_long.parquet,inundated < isolated < fragile < redundant; unclassified is not comparable
approach_vs_retain,retain,3,fragile,inundated,0,0,0,0,True,approach_better,68521,6135688,data/processed/access/edited/della_runs/positive_layer_20260814_approach/block_access_flags_long.parquet,data/processed/access/edited/della_runs/positive_layer_20260814_retain/block_access_flags_long.parquet,inundated < isolated < fragile < redundant; unclassified is not comparable
approach_vs_retain,retain,3,fragile,isolated,0,0,0,0,True,approach_better,68521,6135688,data/processed/access/edited/della_runs/positive_layer_20260814_approach/block_access_flags_long.parquet,data/processed/access/edited/della_runs/positive_layer_20260814_retain/block_access_flags_long.parquet,inundated < isolated < fragile < redundant; unclassified is not comparable
approach_vs_retain,retain,3,fragile,fragile,17046,2302914,0.248770449935,0.375331014224,False,same,68521,6135688,data/processed/access/edited/della_runs/positive_layer_20260814_approach/block_access_flags_long.parquet,data/processed/access/edited/della_runs/positive_layer_20260814_retain/block_access_flags_long.parquet,inundated < isolated < fragile < redundant; unclassified is not comparable
approach_vs_retain,retain,3,fragile,redundant,0,0,0,0,True,approach_worse,68521,6135688,data/processed/access/edited/della_runs/positive_layer_20260814_approach/block_access_flags_long.parquet,data/processed/access/edited/della_runs/positive_layer_20260814_retain/block_access_flags_long.parquet,inundated < isolated < fragile < redundant; unclassified is not comparable
approach_vs_retain,retain,3,redundant,unclassified,0,0,0,0,True,not_applicable_unclassified,68521,6135688,data/processed/access/edited/della_runs/positive_layer_20260814_approach/block_access_flags_long.parquet,data/processed/access/edited/della_runs/positive_layer_20260814_retain/block_access_flags_long.parquet,inundated < isolated < fragile < redundant; unclassified is not comparable
approach_vs_retain,retain,3,redundant,inundated,0,0,0,0,True,approach_better,68521,6135688,data/processed/access/edited/della_runs/positive_layer_20260814_approach/block_access_flags_long.parquet,data/processed/access/edited/della_runs/positive_layer_20260814_retain/block_access_flags_long.parquet,inundated < isolated < fragile < redundant; unclassified is not comparable
approach_vs_retain,retain,3,redundant,isolated,0,0,0,0,True,approach_better,68521,6135688,data/processed/access/edited/della_runs/positive_layer_20260814_approach/block_access_flags_long.parquet,data/processed/access/edited/della_runs/positive_layer_20260814_retain/block_access_flags_long.parquet,inundated < isolated < fragile < redundant; unclassified is not comparable
approach_vs_retain,retain,3,redundant,fragile,0,0,0,0,True,approach_better,68521,6135688,data/processed/access/edited/della_runs/positive_layer_20260814_approach/block_access_flags_long.parquet,data/processed/access/edited/della_runs/positive_layer_20260814_retain/block_access_flags_long.parquet,inundated < isolated < fragile < redundant; unclassified is not comparable
approach_vs_retain,retain,3,redundant,redundant,48937,3560302,0.714189810423,0.580261251876,False,same,68521,6135688,data/processed/access/edited/della_runs/positive_layer_20260814_approach/block_access_flags_long.parquet,data/processed/access/edited/della_runs/positive_layer_20260814_retain/block_access_flags_long.parquet,inundated < isolated < fragile < redundant; unclassified is not comparable
approach_vs_retain,retain,4,unclassified,unclassified,0,0,0,0,False,not_applicable_unclassified,68521,6135688,data/processed/access/edited/della_runs/positive_layer_20260814_approach/block_access_flags_long.parquet,data/processed/access/edited/della_runs/positive_layer_20260814_retain/block_access_flags_long.parquet,inundated < isolated < fragile < redundant; unclassified is not comparable
approach_vs_retain,retain,4,unclassified,inundated,0,0,0,0,True,not_applicable_unclassified,68521,6135688,data/processed/access/edited/della_runs/positive_layer_20260814_approach/block_access_flags_long.parquet,data/processed/access/edited/della_runs/positive_layer_20260814_retain/block_access_flags_long.parquet,inundated < isolated < fragile < redundant; unclassified is not comparable
approach_vs_retain,retain,4,unclassified,isolated,0,0,0,0,True,not_applicable_unclassified,68521,6135688,data/processed/access/edited/della_runs/positive_layer_20260814_approach/block_access_flags_long.parquet,data/processed/access/edited/della_runs/positive_layer_20260814_retain/block_access_flags_long.parquet,inundated < isolated < fragile < redundant; unclassified is not comparable
approach_vs_retain,retain,4,unclassified,fragile,0,0,0,0,True,not_applicable_unclassified,68521,6135688,data/processed/access/edited/della_runs/positive_layer_20260814_approach/block_access_flags_long.parquet,data/processed/access/edited/della_runs/positive_layer_20260814_retain/block_access_flags_long.parquet,inundated < isolated < fragile < redundant; unclassified is not comparable
approach_vs_retain,retain,4,unclassified,redundant,0,0,0,0,True,not_applicable_unclassified,68521,6135688,data/processed/access/edited/della_runs/positive_layer_20260814_approach/block_access_flags_long.parquet,data/processed/access/edited/della_runs/positive_layer_20260814_retain/block_access_flags_long.parquet,inundated < isolated < fragile < redundant; unclassified is not comparable
approach_vs_retain,retain,4,inundated,unclassified,0,0,0,0,True,not_applicable_unclassified,68521,6135688,data/processed/access/edited/della_runs/positive_layer_20260814_approach/block_access_flags_long.parquet,data/processed/access/edited/della_runs/positive_layer_20260814_retain/block_access_flags_long.parquet,inundated < isolated < fragile < redundant; unclassified is not comparable
approach_vs_retain,retain,4,inundated,inundated,2789,271419,0.0407028502211,0.0442361150045,False,same,68521,6135688,data/processed/access/edited/della_runs/positive_layer_20260814_approach/block_access_flags_long.parquet,data/processed/access/edited/della_runs/positive_layer_20260814_retain/block_access_flags_long.parquet,inundated < isolated < fragile < redundant; unclassified is not comparable
approach_vs_retain,retain,4,inundated,isolated,0,0,0,0,True,approach_worse,68521,6135688,data/processed/access/edited/della_runs/positive_layer_20260814_approach/block_access_flags_long.parquet,data/processed/access/edited/della_runs/positive_layer_20260814_retain/block_access_flags_long.parquet,inundated < isolated < fragile < redundant; unclassified is not comparable
approach_vs_retain,retain,4,inundated,fragile,0,0,0,0,True,approach_worse,68521,6135688,data/processed/access/edited/della_runs/positive_layer_20260814_approach/block_access_flags_long.parquet,data/processed/access/edited/della_runs/positive_layer_20260814_retain/block_access_flags_long.parquet,inundated < isolated < fragile < redundant; unclassified is not comparable
approach_vs_retain,retain,4,inundated,redundant,0,0,0,0,True,approach_worse,68521,6135688,data/processed/access/edited/della_runs/positive_layer_20260814_approach/block_access_flags_long.parquet,data/processed/access/edited/della_runs/positive_layer_20260814_retain/block_access_flags_long.parquet,inundated < isolated < fragile < redundant; unclassified is not comparable
approach_vs_retain,retain,4,isolated,unclassified,0,0,0,0,True,not_applicable_unclassified,68521,6135688,data/processed/access/edited/della_runs/positive_layer_20260814_approach/block_access_flags_long.parquet,data/processed/access/edited/della_runs/positive_layer_20260814_retain/block_access_flags_long.parquet,inundated < isolated < fragile < redundant; unclassified is not comparable
approach_vs_retain,retain,4,isolated,inundated,0,0,0,0,True,approach_better,68521,6135688,data/processed/access/edited/della_runs/positive_layer_20260814_approach/block_access_flags_long.parquet,data/processed/access/edited/della_runs/positive_layer_20260814_retain/block_access_flags_long.parquet,inundated < isolated < fragile < redundant; unclassified is not comparable
approach_vs_retain,retain,4,isolated,isolated,2062,248088,0.0300929642008,0.0404336074455,False,same,68521,6135688,data/processed/access/edited/della_runs/positive_layer_20260814_approach/block_access_flags_long.parquet,data/processed/access/edited/della_runs/positive_layer_20260814_retain/block_access_flags_long.parquet,inundated < isolated < fragile < redundant; unclassified is not comparable
approach_vs_retain,retain,4,isolated,fragile,11,1951,0.00016053472658,0.000317975751049,True,approach_worse,68521,6135688,data/processed/access/edited/della_runs/positive_layer_20260814_approach/block_access_flags_long.parquet,data/processed/access/edited/della_runs/positive_layer_20260814_retain/block_access_flags_long.parquet,inundated < isolated < fragile < redundant; unclassified is not comparable
approach_vs_retain,retain,4,isolated,redundant,0,0,0,0,True,approach_worse,68521,6135688,data/processed/access/edited/della_runs/positive_layer_20260814_approach/block_access_flags_long.parquet,data/processed/access/edited/della_runs/positive_layer_20260814_retain/block_access_flags_long.parquet,inundated < isolated < fragile < redundant; unclassified is not comparable
approach_vs_retain,retain,4,fragile,unclassified,0,0,0,0,True,not_applicable_unclassified,68521,6135688,data/processed/access/edited/della_runs/positive_layer_20260814_approach/block_access_flags_long.parquet,data/processed/access/edited/della_runs/positive_layer_20260814_retain/block_access_flags_long.parquet,inundated < isolated < fragile < redundant; unclassified is not comparable
approach_vs_retain,retain,4,fragile,inundated,0,0,0,0,True,approach_better,68521,6135688,data/processed/access/edited/della_runs/positive_layer_20260814_approach/block_access_flags_long.parquet,data/processed/access/edited/della_runs/positive_layer_20260814_retain/block_access_flags_long.parquet,inundated < isolated < fragile < redundant; unclassified is not comparable
approach_vs_retain,retain,4,fragile,isolated,0,0,0,0,True,approach_better,68521,6135688,data/processed/access/edited/della_runs/positive_layer_20260814_approach/block_access_flags_long.parquet,data/processed/access/edited/della_runs/positive_layer_20260814_retain/block_access_flags_long.parquet,inundated < isolated < fragile < redundant; unclassified is not comparable
approach_vs_retain,retain,4,fragile,fragile,16578,2197867,0.241940427022,0.358210358806,False,same,68521,6135688,data/processed/access/edited/della_runs/positive_layer_20260814_approach/block_access_flags_long.parquet,data/processed/access/edited/della_runs/positive_layer_20260814_retain/block_access_flags_long.parquet,inundated < isolated < fragile < redundant; unclassified is not comparable
approach_vs_retain,retain,4,fragile,redundant,0,0,0,0,True,approach_worse,68521,6135688,data/processed/access/edited/della_runs/positive_layer_20260814_approach/block_access_flags_long.parquet,data/processed/access/edited/della_runs/positive_layer_20260814_retain/block_access_flags_long.parquet,inundated < isolated < fragile < redundant; unclassified is not comparable
approach_vs_retain,retain,4,redundant,unclassified,0,0,0,0,True,not_applicable_unclassified,68521,6135688,data/processed/access/edited/della_runs/positive_layer_20260814_approach/block_access_flags_long.parquet,data/processed/access/edited/della_runs/positive_layer_20260814_retain/block_access_flags_long.parquet,inundated < isolated < fragile < redundant; unclassified is not comparable
approach_vs_retain,retain,4,redundant,inundated,0,0,0,0,True,approach_better,68521,6135688,data/processed/access/edited/della_runs/positive_layer_20260814_approach/block_access_flags_long.parquet,data/processed/access/edited/della_runs/positive_layer_20260814_retain/block_access_flags_long.parquet,inundated < isolated < fragile < redundant; unclassified is not comparable
approach_vs_retain,retain,4,redundant,isolated,0,0,0,0,True,approach_better,68521,6135688,data/processed/access/edited/della_runs/positive_layer_20260814_approach/block_access_flags_long.parquet,data/processed/access/edited/della_runs/positive_layer_20260814_retain/block_access_flags_long.parquet,inundated < isolated < fragile < redundant; unclassified is not comparable
approach_vs_retain,retain,4,redundant,fragile,0,0,0,0,True,approach_better,68521,6135688,data/processed/access/edited/della_runs/positive_layer_20260814_approach/block_access_flags_long.parquet,data/processed/access/edited/della_runs/positive_layer_20260814_retain/block_access_flags_long.parquet,inundated < isolated < fragile < redundant; unclassified is not comparable
approach_vs_retain,retain,4,redundant,redundant,47081,3416363,0.687103223829,0.556801942993,False,same,68521,6135688,data/processed/access/edited/della_runs/positive_layer_20260814_approach/block_access_flags_long.parquet,data/processed/access/edited/della_runs/positive_layer_20260814_retain/block_access_flags_long.parquet,inundated < isolated < fragile < redundant; unclassified is not comparable
approach_vs_retain,retain,5,unclassified,unclassified,0,0,0,0,False,not_applicable_unclassified,68521,6135688,data/processed/access/edited/della_runs/positive_layer_20260814_approach/block_access_flags_long.parquet,data/processed/access/edited/della_runs/positive_layer_20260814_retain/block_access_flags_long.parquet,inundated < isolated < fragile < redundant; unclassified is not comparable
approach_vs_retain,retain,5,unclassified,inundated,0,0,0,0,True,not_applicable_unclassified,68521,6135688,data/processed/access/edited/della_runs/positive_layer_20260814_approach/block_access_flags_long.parquet,data/processed/access/edited/della_runs/positive_layer_20260814_retain/block_access_flags_long.parquet,inundated < isolated < fragile < redundant; unclassified is not comparable
approach_vs_retain,retain,5,unclassified,isolated,0,0,0,0,True,not_applicable_unclassified,68521,6135688,data/processed/access/edited/della_runs/positive_layer_20260814_approach/block_access_flags_long.parquet,data/processed/access/edited/della_runs/positive_layer_20260814_retain/block_access_flags_long.parquet,inundated < isolated < fragile < redundant; unclassified is not comparable
approach_vs_retain,retain,5,unclassified,fragile,0,0,0,0,True,not_applicable_unclassified,68521,6135688,data/processed/access/edited/della_runs/positive_layer_20260814_approach/block_access_flags_long.parquet,data/processed/access/edited/della_runs/positive_layer_20260814_retain/block_access_flags_long.parquet,inundated < isolated < fragile < redundant; unclassified is not comparable
approach_vs_retain,retain,5,unclassified,redundant,0,0,0,0,True,not_applicable_unclassified,68521,6135688,data/processed/access/edited/della_runs/positive_layer_20260814_approach/block_access_flags_long.parquet,data/processed/access/edited/della_runs/positive_layer_20260814_retain/block_access_flags_long.parquet,inundated < isolated < fragile < redundant; unclassified is not comparable
approach_vs_retain,retain,5,inundated,unclassified,0,0,0,0,True,not_applicable_unclassified,68521,6135688,data/processed/access/edited/della_runs/positive_layer_20260814_approach/block_access_flags_long.parquet,data/processed/access/edited/della_runs/positive_layer_20260814_retain/block_access_flags_long.parquet,inundated < isolated < fragile < redundant; unclassified is not comparable
approach_vs_retain,retain,5,inundated,inundated,6197,595318,0.0904394273288,0.0970254680486,False,same,68521,6135688,data/processed/access/edited/della_runs/positive_layer_20260814_approach/block_access_flags_long.parquet,data/processed/access/edited/della_runs/positive_layer_20260814_retain/block_access_flags_long.parquet,inundated < isolated < fragile < redundant; unclassified is not comparable
approach_vs_retain,retain,5,inundated,isolated,0,0,0,0,True,approach_worse,68521,6135688,data/processed/access/edited/della_runs/positive_layer_20260814_approach/block_access_flags_long.parquet,data/processed/access/edited/della_runs/positive_layer_20260814_retain/block_access_flags_long.parquet,inundated < isolated < fragile < redundant; unclassified is not comparable
approach_vs_retain,retain,5,inundated,fragile,0,0,0,0,True,approach_worse,68521,6135688,data/processed/access/edited/della_runs/positive_layer_20260814_approach/block_access_flags_long.parquet,data/processed/access/edited/della_runs/positive_layer_20260814_retain/block_access_flags_long.parquet,inundated < isolated < fragile < redundant; unclassified is not comparable
approach_vs_retain,retain,5,inundated,redundant,0,0,0,0,True,approach_worse,68521,6135688,data/processed/access/edited/della_runs/positive_layer_20260814_approach/block_access_flags_long.parquet,data/processed/access/edited/della_runs/positive_layer_20260814_retain/block_access_flags_long.parquet,inundated < isolated < fragile < redundant; unclassified is not comparable
approach_vs_retain,retain,5,isolated,unclassified,0,0,0,0,True,not_applicable_unclassified,68521,6135688,data/processed/access/edited/della_runs/positive_layer_20260814_approach/block_access_flags_long.parquet,data/processed/access/edited/della_runs/positive_layer_20260814_retain/block_access_flags_long.parquet,inundated < isolated < fragile < redundant; unclassified is not comparable
approach_vs_retain,retain,5,isolated,inundated,0,0,0,0,True,approach_better,68521,6135688,data/processed/access/edited/della_runs/positive_layer_20260814_approach/block_access_flags_long.parquet,data/processed/access/edited/della_runs/positive_layer_20260814_retain/block_access_flags_long.parquet,inundated < isolated < fragile < redundant; unclassified is not comparable
approach_vs_retain,retain,5,isolated,isolated,3467,361679,0.0505976270049,0.0589467717394,False,same,68521,6135688,data/processed/access/edited/della_runs/positive_layer_20260814_approach/block_access_flags_long.parquet,data/processed/access/edited/della_runs/positive_layer_20260814_retain/block_access_flags_long.parquet,inundated < isolated < fragile < redundant; unclassified is not comparable
approach_vs_retain,retain,5,isolated,fragile,10,1004,0.000145940660527,0.000163632831396,True,approach_worse,68521,6135688,data/processed/access/edited/della_runs/positive_layer_20260814_approach/block_access_flags_long.parquet,data/processed/access/edited/della_runs/positive_layer_20260814_retain/block_access_flags_long.parquet,inundated < isolated < fragile < redundant; unclassified is not comparable
approach_vs_retain,retain,5,isolated,redundant,0,0,0,0,True,approach_worse,68521,6135688,data/processed/access/edited/della_runs/positive_layer_20260814_approach/block_access_flags_long.parquet,data/processed/access/edited/della_runs/positive_layer_20260814_retain/block_access_flags_long.parquet,inundated < isolated < fragile < redundant; unclassified is not comparable
approach_vs_retain,retain,5,fragile,unclassified,0,0,0,0,True,not_applicable_unclassified,68521,6135688,data/processed/access/edited/della_runs/positive_layer_20260814_approach/block_access_flags_long.parquet,data/processed/access/edited/della_runs/positive_layer_20260814_retain/block_access_flags_long.parquet,inundated < isolated < fragile < redundant; unclassified is not comparable
approach_vs_retain,retain,5,fragile,inundated,0,0,0,0,True,approach_better,68521,6135688,data/processed/access/edited/della_runs/positive_layer_20260814_approach/block_access_flags_long.parquet,data/processed/access/edited/della_runs/positive_layer_20260814_retain/block_access_flags_long.parquet,inundated < isolated < fragile < redundant; unclassified is not comparable
approach_vs_retain,retain,5,fragile,isolated,0,0,0,0,True,approach_better,68521,6135688,data/processed/access/edited/della_runs/positive_layer_20260814_approach/block_access_flags_long.parquet,data/processed/access/edited/della_runs/positive_layer_20260814_retain/block_access_flags_long.parquet,inundated < isolated < fragile < redundant; unclassified is not comparable
approach_vs_retain,retain,5,fragile,fragile,15819,2046211,0.230863530888,0.333493326258,False,same,68521,6135688,data/processed/access/edited/della_runs/positive_layer_20260814_approach/block_access_flags_long.parquet,data/processed/access/edited/della_runs/positive_layer_20260814_retain/block_access_flags_long.parquet,inundated < isolated < fragile < redundant; unclassified is not comparable
approach_vs_retain,retain,5,fragile,redundant,0,0,0,0,True,approach_worse,68521,6135688,data/processed/access/edited/della_runs/positive_layer_20260814_approach/block_access_flags_long.parquet,data/processed/access/edited/della_runs/positive_layer_20260814_retain/block_access_flags_long.parquet,inundated < isolated < fragile < redundant; unclassified is not comparable
approach_vs_retain,retain,5,redundant,unclassified,0,0,0,0,True,not_applicable_unclassified,68521,6135688,data/processed/access/edited/della_runs/positive_layer_20260814_approach/block_access_flags_long.parquet,data/processed/access/edited/della_runs/positive_layer_20260814_retain/block_access_flags_long.parquet,inundated < isolated < fragile < redundant; unclassified is not comparable
approach_vs_retain,retain,5,redundant,inundated,0,0,0,0,True,approach_better,68521,6135688,data/processed/access/edited/della_runs/positive_layer_20260814_approach/block_access_flags_long.parquet,data/processed/access/edited/della_runs/positive_layer_20260814_retain/block_access_flags_long.parquet,inundated < isolated < fragile < redundant; unclassified is not comparable
approach_vs_retain,retain,5,redundant,isolated,0,0,0,0,True,approach_better,68521,6135688,data/processed/access/edited/della_runs/positive_layer_20260814_approach/block_access_flags_long.parquet,data/processed/access/edited/della_runs/positive_layer_20260814_retain/block_access_flags_long.parquet,inundated < isolated < fragile < redundant; unclassified is not comparable
approach_vs_retain,retain,5,redundant,fragile,0,0,0,0,True,approach_better,68521,6135688,data/processed/access/edited/della_runs/positive_layer_20260814_approach/block_access_flags_long.parquet,data/processed/access/edited/della_runs/positive_layer_20260814_retain/block_access_flags_long.parquet,inundated < isolated < fragile < redundant; unclassified is not comparable
approach_vs_retain,retain,5,redundant,redundant,43028,3131476,0.627953474117,0.510370801123,False,same,68521,6135688,data/processed/access/edited/della_runs/positive_layer_20260814_approach/block_access_flags_long.parquet,data/processed/access/edited/della_runs/positive_layer_20260814_retain/block_access_flags_long.parquet,inundated < isolated < fragile < redundant; unclassified is not comparable
approach_vs_retain,retain,6,unclassified,unclassified,0,0,0,0,False,not_applicable_unclassified,68521,6135688,data/processed/access/edited/della_runs/positive_layer_20260814_approach/block_access_flags_long.parquet,data/processed/access/edited/della_runs/positive_layer_20260814_retain/block_access_flags_long.parquet,inundated < isolated < fragile < redundant; unclassified is not comparable
approach_vs_retain,retain,6,unclassified,inundated,0,0,0,0,True,not_applicable_unclassified,68521,6135688,data/processed/access/edited/della_runs/positive_layer_20260814_approach/block_access_flags_long.parquet,data/processed/access/edited/della_runs/positive_layer_20260814_retain/block_access_flags_long.parquet,inundated < isolated < fragile < redundant; unclassified is not comparable
approach_vs_retain,retain,6,unclassified,isolated,0,0,0,0,True,not_applicable_unclassified,68521,6135688,data/processed/access/edited/della_runs/positive_layer_20260814_approach/block_access_flags_long.parquet,data/processed/access/edited/della_runs/positive_layer_20260814_retain/block_access_flags_long.parquet,inundated < isolated < fragile < redundant; unclassified is not comparable
approach_vs_retain,retain,6,unclassified,fragile,0,0,0,0,True,not_applicable_unclassified,68521,6135688,data/processed/access/edited/della_runs/positive_layer_20260814_approach/block_access_flags_long.parquet,data/processed/access/edited/della_runs/positive_layer_20260814_retain/block_access_flags_long.parquet,inundated < isolated < fragile < redundant; unclassified is not comparable
approach_vs_retain,retain,6,unclassified,redundant,0,0,0,0,True,not_applicable_unclassified,68521,6135688,data/processed/access/edited/della_runs/positive_layer_20260814_approach/block_access_flags_long.parquet,data/processed/access/edited/della_runs/positive_layer_20260814_retain/block_access_flags_long.parquet,inundated < isolated < fragile < redundant; unclassified is not comparable
approach_vs_retain,retain,6,inundated,unclassified,0,0,0,0,True,not_applicable_unclassified,68521,6135688,data/processed/access/edited/della_runs/positive_layer_20260814_approach/block_access_flags_long.parquet,data/processed/access/edited/della_runs/positive_layer_20260814_retain/block_access_flags_long.parquet,inundated < isolated < fragile < redundant; unclassified is not comparable
approach_vs_retain,retain,6,inundated,inundated,13202,1346940,0.192670860028,0.219525503904,False,same,68521,6135688,data/processed/access/edited/della_runs/positive_layer_20260814_approach/block_access_flags_long.parquet,data/processed/access/edited/della_runs/positive_layer_20260814_retain/block_access_flags_long.parquet,inundated < isolated < fragile < redundant; unclassified is not comparable
approach_vs_retain,retain,6,inundated,isolated,0,0,0,0,True,approach_worse,68521,6135688,data/processed/access/edited/della_runs/positive_layer_20260814_approach/block_access_flags_long.parquet,data/processed/access/edited/della_runs/positive_layer_20260814_retain/block_access_flags_long.parquet,inundated < isolated < fragile < redundant; unclassified is not comparable
approach_vs_retain,retain,6,inundated,fragile,0,0,0,0,True,approach_worse,68521,6135688,data/processed/access/edited/della_runs/positive_layer_20260814_approach/block_access_flags_long.parquet,data/processed/access/edited/della_runs/positive_layer_20260814_retain/block_access_flags_long.parquet,inundated < isolated < fragile < redundant; unclassified is not comparable
approach_vs_retain,retain,6,inundated,redundant,0,0,0,0,True,approach_worse,68521,6135688,data/processed/access/edited/della_runs/positive_layer_20260814_approach/block_access_flags_long.parquet,data/processed/access/edited/della_runs/positive_layer_20260814_retain/block_access_flags_long.parquet,inundated < isolated < fragile < redundant; unclassified is not comparable
approach_vs_retain,retain,6,isolated,unclassified,0,0,0,0,True,not_applicable_unclassified,68521,6135688,data/processed/access/edited/della_runs/positive_layer_20260814_approach/block_access_flags_long.parquet,data/processed/access/edited/della_runs/positive_layer_20260814_retain/block_access_flags_long.parquet,inundated < isolated < fragile < redundant; unclassified is not comparable
approach_vs_retain,retain,6,isolated,inundated,0,0,0,0,True,approach_better,68521,6135688,data/processed/access/edited/della_runs/positive_layer_20260814_approach/block_access_flags_long.parquet,data/processed/access/edited/della_runs/positive_layer_20260814_retain/block_access_flags_long.parquet,inundated < isolated < fragile < redundant; unclassified is not comparable
approach_vs_retain,retain,6,isolated,isolated,6480,649104,0.0945695480218,0.105791559154,False,same,68521,6135688,data/processed/access/edited/della_runs/positive_layer_20260814_approach/block_access_flags_long.parquet,data/processed/access/edited/della_runs/positive_layer_20260814_retain/block_access_flags_long.parquet,inundated < isolated < fragile < redundant; unclassified is not comparable
approach_vs_retain,retain,6,isolated,fragile,9,652,0.000131346594475,0.000106263551862,True,approach_worse,68521,6135688,data/processed/access/edited/della_runs/positive_layer_20260814_approach/block_access_flags_long.parquet,data/processed/access/edited/della_runs/positive_layer_20260814_retain/block_access_flags_long.parquet,inundated < isolated < fragile < redundant; unclassified is not comparable
approach_vs_retain,retain,6,isolated,redundant,0,0,0,0,True,approach_worse,68521,6135688,data/processed/access/edited/della_runs/positive_layer_20260814_approach/block_access_flags_long.parquet,data/processed/access/edited/della_runs/positive_layer_20260814_retain/block_access_flags_long.parquet,inundated < isolated < fragile < redundant; unclassified is not comparable
approach_vs_retain,retain,6,fragile,unclassified,0,0,0,0,True,not_applicable_unclassified,68521,6135688,data/processed/access/edited/della_runs/positive_layer_20260814_approach/block_access_flags_long.parquet,data/processed/access/edited/della_runs/positive_layer_20260814_retain/block_access_flags_long.parquet,inundated < isolated < fragile < redundant; unclassified is not comparable
approach_vs_retain,retain,6,fragile,inundated,0,0,0,0,True,approach_better,68521,6135688,data/processed/access/edited/della_runs/positive_layer_20260814_approach/block_access_flags_long.parquet,data/processed/access/edited/della_runs/positive_layer_20260814_retain/block_access_flags_long.parquet,inundated < isolated < fragile < redundant; unclassified is not comparable
approach_vs_retain,retain,6,fragile,isolated,0,0,0,0,True,approach_better,68521,6135688,data/processed/access/edited/della_runs/positive_layer_20260814_approach/block_access_flags_long.parquet,data/processed/access/edited/della_runs/positive_layer_20260814_retain/block_access_flags_long.parquet,inundated < isolated < fragile < redundant; unclassified is not comparable
approach_vs_retain,retain,6,fragile,fragile,13742,1680607,0.200551655697,0.273906854455,False,same,68521,6135688,data/processed/access/edited/della_runs/positive_layer_20260814_approach/block_access_flags_long.parquet,data/processed/access/edited/della_runs/positive_layer_20260814_retain/block_access_flags_long.parquet,inundated < isolated < fragile < redundant; unclassified is not comparable
approach_vs_retain,retain,6,fragile,redundant,0,0,0,0,True,approach_worse,68521,6135688,data/processed/access/edited/della_runs/positive_layer_20260814_approach/block_access_flags_long.parquet,data/processed/access/edited/della_runs/positive_layer_20260814_retain/block_access_flags_long.parquet,inundated < isolated < fragile < redundant; unclassified is not comparable
approach_vs_retain,retain,6,redundant,unclassified,0,0,0,0,True,not_applicable_unclassified,68521,6135688,data/processed/access/edited/della_runs/positive_layer_20260814_approach/block_access_flags_long.parquet,data/processed/access/edited/della_runs/positive_layer_20260814_retain/block_access_flags_long.parquet,inundated < isolated < fragile < redundant; unclassified is not comparable
approach_vs_retain,retain,6,redundant,inundated,0,0,0,0,True,approach_better,68521,6135688,data/processed/access/edited/della_runs/positive_layer_20260814_approach/block_access_flags_long.parquet,data/processed/access/edited/della_runs/positive_layer_20260814_retain/block_access_flags_long.parquet,inundated < isolated < fragile < redundant; unclassified is not comparable
approach_vs_retain,retain,6,redundant,isolated,0,0,0,0,True,approach_better,68521,6135688,data/processed/access/edited/della_runs/positive_layer_20260814_approach/block_access_flags_long.parquet,data/processed/access/edited/della_runs/positive_layer_20260814_retain/block_access_flags_long.parquet,inundated < isolated < fragile < redundant; unclassified is not comparable
approach_vs_retain,retain,6,redundant,fragile,0,0,0,0,True,approach_better,68521,6135688,data/processed/access/edited/della_runs/positive_layer_20260814_approach/block_access_flags_long.parquet,data/processed/access/edited/della_runs/positive_layer_20260814_retain/block_access_flags_long.parquet,inundated < isolated < fragile < redundant; unclassified is not comparable
approach_vs_retain,retain,6,redundant,redundant,35088,2458385,0.512076589659,0.400669818935,False,same,68521,6135688,data/processed/access/edited/della_runs/positive_layer_20260814_approach/block_access_flags_long.parquet,data/processed/access/edited/della_runs/positive_layer_20260814_retain/block_access_flags_long.parquet,inundated < isolated < fragile < redundant; unclassified is not comparable
